id,APP_NAME,USER,DATE,STAR,LIKE,TITLE,COMMENT
,카카오톡 KakaoTalk,opalovehn,2022-02-14T02:28:36-07:00,2,0,공감기능,흐음... 처음엔 좋은가?? 싶었다가 보면 볼수록  불필요한것 같고 가뜩이나 어쩔 수 없이 쓰고 있는 입장으로서는 일일이 공감하는 것도 힘들고 안해주자니 계속 신경쓰이고 그러네요 .... 그냥 공감기능은 없앴으면 좋겠습니다 ㅜㅜ
,카카오톡 KakaoTalk,stsfw12,2022-02-14T02:15:15-07:00,1,0,답답한 앱,ㄹㅇ 너무 답답함 일주일동안 고객센에 전화했는데 문의량 많아 통화 안된다고만 하고ㅋㅋ 번호 한번 변경했다가 개고생함
,카카오톡 KakaoTalk,으우ㅠㅠㅠㅠㅠㅠ,2022-02-14T00:50:21-07:00,2,0,"요즘,,,",요즘들어 알림은 오는데 막상 들어가면 카톡내용도 안와있구 보내지지도 않구 그냥 마비가돼요… 물론 데이터는 멀쩡해요. 다른 앱 들어가도 데이터는 잘만되는데 왜 이러는걸까요… 중요한 업무 처리할때 보내기가 안되서 어려움 겪고있네요. 빠른처리 부탁드립니다.
,카카오톡 KakaoTalk,Bytherood,2022-02-13T18:21:01-07:00,4,0,아이폰 업데이트 후,"아이폰 IOS업데이트 후, 아이폰메세지 말고는 모든 알림이 안오네요. 카카오톡 고객센터 안내대로 카카오톡 종료 후에 알림 on/off 했는데 어제 저녁에 정상적으로 알림 온 후 오늘부터 다시 되지 않습니다. 저는 아이폰X이고 남편은 13인데 남편은 아무 문제 없네요."
,카카오톡 KakaoTalk,이하늬다 이하늬다,2022-02-13T17:55:25-07:00,1,0,튕겨요,연락와서 들어가려고 하면 자꾸 튕기네요.. 진짜 너무 불펴하고 짜증나요 고쳐주세요
,카카오톡 KakaoTalk,하연:3,2022-02-13T16:58:34-07:00,5,0,뮤직,그 프로필 편집할때 자기 배경 음악 선택하는거 할때있잖아요? 그거 노래 1분 하지말고 2분으로 눌려줬음 해요.. 하이라이트 부분이 1분짜리에 안나와서요..
,카카오톡 KakaoTalk,Cickkcikyy,2022-02-13T09:11:24-07:00,5,0,폰트,폰트 추가되길 기다리고있어요!🥰
,카카오톡 KakaoTalk,좋아욤GoodGood!!,2022-02-13T08:53:29-07:00,1,0,인증번호가 안와요,카카오톡만 뭔 짓을 해도 자꾸 렉이 걸리길래 결국 지웠다가 깔았는데 로그인은 했는데 인증번호가 안오네요 전화번호를 잘 못 입력한 것도 아니고 정확하게 했는데 인증번호가 안와서 계속 다시보냈더니 인증 요청 제한 횟수를 초과했다며 24시간 후에 다시 요청하라네요
,카카오톡 KakaoTalk,카리공주,2022-02-13T07:18:27-07:00,5,0,프로필 사진 전체/선택삭제 가능하게 해주세요,잘 쓰고 있습니당
,카카오톡 KakaoTalk,네잎클로버~^^,2022-02-14T06:00:22-07:00,5,0,왜 다들 싫어하는거야?,멀티프로필이랑 새로 업뎃된거 저는 좋던데요ㅠ 다른사람에게 안 보이게 하면 되지;; 카카오톡도 sns입니다 다른 사람한테 뜨는게 당연한거죠 ㅋㅋ
,카카오톡 KakaoTalk,아몰랑몽블랑,2022-02-13T05:16:28-07:00,1,0,패드 여러 개 등록 가능하게 해 주세요,서브 기기로 노트북처럼 2대 이상 등록 가능하게 해 주세요
,카카오톡 KakaoTalk,정신차려사클,2022-02-14T08:14:57-07:00,5,0,프로필 !!!!,제발 프로필 바꿀 때마다 업데이트 되는 거 좀 없애주세요 정말 부담스럽고 알고 싶지 않은 정보입니다..... 그리고 알람 뜨는 거 >이름: 내용< 형식으로 다시 바꿔주실순 없으신가요 지금 뜨는 방식 너무너무 가독성 없고 보기 힘들어요 ㅜㅜ 예전이 그리운 이상한 현상
,카카오톡 KakaoTalk,미키멍멍,2022-02-14T04:50:21-07:00,4,0,배지 숫자표시,아직 안 읽은 대화창은 앱 아이콘에 배지알림으로 숫자가 뜨쟎아요 알림 받고싶은 대화창도 있고 알림 받고싶지 않은 대화창도 있는데 대화창별로 개별설정 가능하게 해주세요
,카카오톡 KakaoTalk,@44alcls4sha77,2022-02-14T05:42:14-07:00,3,0,듀얼 기능 있으면 좋겠어요,사생활이랑 일이랑 카톡이 분리 되면 좋겠어요 듀얼 기능 있으면 좋겠는데ㅠㅠㅠ 아이폰은 안되네요 ㅠㅠ
,카카오톡 KakaoTalk,sin아리,2022-02-14T04:01:49-07:00,1,0,아이폰 폰트 업뎃 좀ㅠㅠ,제발요 흑흑 새로운 폰트 좀 넣어주세요 맨날 맨날 업뎃 된게 있는지 확인하고 있단말이에요ㅠㅠ
,카카오톡 KakaoTalk,비땅,2022-02-13T03:44:42-07:00,1,0,카카오톡 심각한 오류,카카오톡이 두달째 안들어가지네요 초기화도 해보고 지웠다 깔아봐도 잠시 들어가지고 몇분 지나면 로딩 화면에서 멈추고 안들어가져요 더이상 버티기 힘드네요 빠른 답변 부탁드려요
,카카오톡 KakaoTalk,카톡 극혐자,2022-02-14T09:48:23-07:00,1,0,카카오톡 동영상 프로필 왜 안되나요,카카오톡 프로필을 동영상으로 정하는 마지막 버튼 누르면 앱에서 튕겨 나가지고 앱으로 다시 돌아가보면 설정이 안되어있네요. 갑자기 왜이러는거죠..? 5번 이상 시도해봤습니다. 문제의 원인을 빨리 찾아서 해결해주시면 감사하겠습니다.
,카카오톡 KakaoTalk,롱롱콩,2022-02-14T09:00:46-07:00,1,0,부탁드립니다,타인이 저를 임의로 친구 추가 할 수 없도록 해주세요 혹은 임의로 추가가 가능하다면 누가 나를 추가하고 있는 지 알게 해 주세요
,카카오톡 KakaoTalk,해맑은참치국수,2022-02-13T02:09:00-07:00,5,0,멀티프로필 기능,모르는 사람이 저를 카카오톡 친구 아이디로 검색하면 멀티프로필 설정 하기 전 상태로 보이더라구요 친구추가 할때 프로필도 컨트롤 가능할 수 있는 기능이 추가되었으면 좋을듯 합니다
,카카오톡 KakaoTalk,ㅔㅎ헤ㅔ헿헤헤헤헤ㅔ헿,2022-02-12T03:56:51-07:00,5,0,옛날폰트좀돌려쥬세어어어엉,옛날 그 귀여운 폰트 날라가써요오옹
,카카오톡 KakaoTalk,여길봐 까꿍,2022-02-12T03:44:00-07:00,5,0,친구 정리,하나하나 말고 한 번에 친구 삭제하는 기능 만들어주셨으면 해요ㅠㅠ
,카카오톡 KakaoTalk,qkrtjgmldlqslek,2022-02-12T03:05:16-07:00,4,0,사진 누른 상태에서도 삭제 가능하게 해주세요.,"오늘 수업 톡방에다가 실수로 사진을 보냈어요. 너무 당황한 나머지 꾹 눌러서 지워야 되는 걸 사진 눌러서 거기서 삭제를 눌러버리는 바람에 저한테만 지워지고, 친구들한테는 그대로 남아있는 거 같아요... 사진 누르고 거기서 보이는 하단에 휴지통 버튼을 눌러도 모두에게서 삭제가 가능하게 해주세요..."
,카카오톡 KakaoTalk,g_hohoho,2022-02-11T23:45:59-07:00,1,0,글씨 크기 수정 가능하게 해주세요|,글씨 입력창이나 채팅창에 둘 다 크기 조절할 수 있게 해주시면 좋을 거 같아요~ 안드로이드는 되던데 왜 아이폰은 안 되나요..
,카카오톡 KakaoTalk,찹쌀모찌조루찌,2022-02-11T21:54:14-07:00,5,0,카톡프로필확인,누가 제 카톡프로필 업데이트할때마다 확인하는지 보고싶어요 인스타스토리훔쳐보는 사람 확인할수 있듯이 말이에요 그리고 친구아닌사람한테는 제 프로필비공개하는 기능 좀 만들어주세요
,카카오톡 KakaoTalk,성화봉송,2022-02-11T18:53:32-07:00,1,0,알림이 안떠요,알림창으로는 알리이 잘 오는데 카톡 대화 목록 들어가서 보면 알림이 안나와있고 메세지도 잘 안보내져요... 업데이트도 다 되어있는데 며칠 전부터 자꾸 그러네요
,카카오톡 KakaoTalk,Kim_C9889,2022-02-11T16:21:37-07:00,1,0,^^l발,아니 통화하다가 갑자기 끊기는데 다시걸려고 하니까 예상치못한오류뜨면서 개지랄을하는데 카카오톡씨발련들아 좀고쳐봐
,카카오톡 KakaoTalk,XOOOOOooovE,2022-02-12T20:36:44-07:00,2,0,생일인 친구 = 업데이트한 친구?,생일인 친구 보기 탭이 있는데 업데이트한 친구에도 왜 중복으로 올라오나요 ㅠ 거슬려요
,카카오톡 KakaoTalk,백즌현,2022-02-11T06:52:43-07:00,4,0,해킹,해킹당해서 고객센터에 문의를 했는데 너무 느리내요..좀 빨리 빨리 됐으면 좋갰어요
,카카오톡 KakaoTalk,오랫동안 카톡만을 바라본 유저입니다,2022-02-13T00:07:59-07:00,4,0,친구 관리 메시지 차단&프로필 비공개,"안녕하세요. 오랫동안 카톡을 쓰고 있던 유저입니다. 다름이 아니라, 쓰다보니 불편한 점이 발견되어 리뷰를 쓰게 되었습니다. 친구목록에 차단친구 관리에서 프로필 옆에 있는 관리를 일일히 눌러야 메시지 차단과 프로필 비공개를 누를 수 있더라고요. 그 부분은 전체 차단이나 비공개로 편리하게 선택할 수 있도록 만들어주시면 좋을 것 같습니다. 왜냐하면 말 그대로 차단친구 관리이니 걸러내기 위해 그런 자리가 마련돼 있을텐데, 그렇다면 그 부분은 편하게 조정할 수 있도록 설계돼야 마땅하지 않나, 싶은 생각에서 였습니다.  만약 ‘그랬다가 후회하지 않을까?’에 생각이 그쳐 일일히 누르도록 만들어두었다면, 제 글을 봐서라도 한 번 더 생각해 주심이 어떨까요. 대한민국 인구 전반이 핸드폰이 있다면 카톡부터 다운하는 어플인데(나이별로 차이는 있겠지만) 고작 선택의 후회까지 고려할 이유까지야 필요할까요? 오랫동안 사용하는 데엔 그만한 이유가 있는 것이니 사용하고 있는 유저의 입장에서 한 번 더 고려해주심이 좋을 듯싶습니다.   감사합니다."
,카카오톡 KakaoTalk,김치한복은 우리나라꺼,2022-02-12T21:34:39-07:00,4,0,카카오톡 전화,전화를 걸때 그 연결음이 안들려요. 그러면 전화를 언제 받는지 모르겠어요.근데 스피커폰으로 해야 소리가 들리는데요.. 그리고 스피커폰으로 해서 전화 되고 그 다음에 스피커폰을 취소하면 이제 귀를 대야 소리가 들리는데 이건 계속 스피커폰으로 들려요.  이거 말고는 너무 좋아요
,카카오톡 KakaoTalk,Funzinnu,2022-02-12T15:21:15-07:00,2,0,갈수록 태산,기업이 수익 추구하는 건 당연한 일이지만 해도 해도 너무하다. 앱은 계속 무거워지고 유저 편의성은 개나 줘버리고 있고 그 놈의 인앱 브라우저는 없애면 안되는거냐??
,카카오톡 KakaoTalk,제이니잉,2022-02-12T07:37:09-07:00,3,0,카톡방,광고 지우려다 카톡방 잘못 나가는거 방지할수있게 해주세요 그리고 재가입 24시간으로 말고 바로 할수있게 해주세요 !!!!!!제발 제발 제발 제발 제발 제발 제발 제발    글씨체 좀 .... 🙏🏻🙏🏻🙏🏻🙏🏻🙏🏻🙏🏻🙏🏻🙏🏻🙏🏻업데이트 해주세요 관리자님!! 글씨체 기다리는데  오랫동안 안되고있네요
,카카오톡 KakaoTalk,사기적,2022-02-11T01:35:55-07:00,1,0,로그아웃 기능좀 만들어 주세요,매번 아이디 바꿀때 어플 삭제 하고 다시 다운 로드 해야하는데 왜 다른 채팅 어플은 가능한데 와 카카오톡 로그아웃 하는 시스템이 없나요?? 항상 쓸때 불편합니다 다음 아이디랑 카카오톡 계정이랑 따로 따로 인데 이게 어떻게 된지 모르겠지만 아이디 한번 잘못 로그인 하면 계속 삭제 하고 다운로드 해야 하고 불편 하네요
,카카오톡 KakaoTalk,ㅓ쟈아나유터낱터나눝,2022-02-12T18:45:42-07:00,3,0,더 다양한 알림음,더 다양한 카톡 알림음이 있었으면 좋겠어요  몇년전에 알림음 몇개 올려주고 몇년동안 그대로인데... 좀 다양한 알림음이 있었으면 좋겠네요
,카카오톡 KakaoTalk,아주 조아연 ~,2022-02-10T23:52:54-07:00,5,0,카톡목록 정리,방에서 나가지 않고 그냥 채팅 목록에서 삭제할 수 있는 기능 추가해주세요 나가기엔 좀 그런데 복잡해서 없애고시퍼요..
,카카오톡 KakaoTalk,몰라 십알 몰라 십알,2022-02-10T22:05:49-07:00,4,0,보이스톡 할때 화면 꺼지는 것 고쳐주세요,카카오톡을 잘 쓰고 있는 사람입니다 대체적으로 기능들도 괜찮습니다 하지만 보이스톡을 하면서 다른걸 하면 화면이 꺼지더라고요 이점 보완해 주셨으면 좋겠습니다
,카카오톡 KakaoTalk,으아아ㅏ아아ටㅏ,2022-02-10T19:50:42-07:00,3,0,이거 어케해요,갑자기 안보내져서 봤더니 정지돼서 문의하려는데 안돼는데 어떻게 해야해요? 문의해서 풀려고 했는데 문의도 안돼서요
,카카오톡 KakaoTalk,파파고보이루나가조쿠,2022-02-10T17:37:25-07:00,5,0,개인정보 변경,부모님 정보로 로그인 했던 사람도 다시 개인정보를 변경할수 있게 해주시면 좋을것 같아요
,카카오톡 KakaoTalk,함서영실명별명닉네임,2022-02-11T01:23:59-07:00,1,0,.,카카오 옛날버전으로 다시 돌려놔 주세요
,카카오톡 KakaoTalk,jeiwppqpqppqp11377373,2022-02-10T15:53:00-07:00,5,0,그룹채팅 문의요,그룹채팅 도 숨기기 추가해주세요 기다릴게요
,카카오톡 KakaoTalk,칸예공듀,2022-02-10T08:21:06-07:00,3,0,멀티 프로필 사진첩 기능,멀티 프로필에서 사진첩 기능이 있으면 더 좋을 거 같아요
,카카오톡 KakaoTalk,징거조아,2022-02-10T06:28:48-07:00,4,0,건의사항,"요즘 자꾸 광고성인지 모르는 사람이 단톡에 초대하고 초대자는 나가는 상황이 발생하고 있습니다. 굉장히 불쾌한데, 최소한 알 수 있는 사람 정도만 단톡 초대 가능하게 하고 나머지 남들은 초대 못하도록 설정할 수는 없을까요.. 스트레스 받습니다"
,카카오톡 KakaoTalk,농담곰을 돌려주세요,2022-02-10T10:54:24-07:00,3,0,농담곰을 돌려주세요,농담곰이모티콘을돌려주세요농담곰을원합니다 내맘은오직농담곰 just joke bear 제발🐻‍❄️🐻‍❄️🐻‍❄️
,카카오톡 KakaoTalk,카키쿠케카,2022-02-10T05:51:35-07:00,1,0,고객센터,카톡 고객센터 이용하는거 너무 불편합니다.
,카카오톡 KakaoTalk,빠른겜,2022-02-10T18:29:43-07:00,1,0,알람 나만 안오는줄,알람 안와요 ㅜㅜㅜㅜ   뱃지에 알람숫자도 어플 들락날락해야 사라지고  시급함
,카카오톡 KakaoTalk,어쩔튀뷔~,2022-02-10T03:36:10-07:00,1,0,ㅋㅋㅋㅋㅋ 웃기네요 진심 ㅋㅋㅋㅋㅋ,아닠ㅋㅋㅋ 태블릿 로그인 하고 렉걸려서 폰으로 다시 로그인 했더만 대화내용 몇개는 아예 날라갔네요?ㅋㅋㅋㅋㅋㅋㅋㅋㅋ 카카오톡 일 제대로 안하십니까? 저번에도 이러더만 해도해도 너무하시네요 ㅋㅋㅋ
,카카오톡 KakaoTalk,하뾰,2022-02-10T01:47:54-07:00,1,0,이용제한 조치,이용제한 조치를 왜 못 풀게 하세요? 카톡 계정 새로 만들었더니 엄마한테 카톡도 못하고 친구들한테도 못하고 뭡니까;; 이용제한 조치좀 없애주세요
,카카오톡 KakaoTalk,으허으허으으,2022-02-09T17:38:34-07:00,1,0,제발제발 부탁드려요,그 이용자 보호조치 그거 제가 한거아닌데 일단 좀 풀어주세요 쌤한테 톡도 못하고 있다고요
,카카오톡 KakaoTalk,티슈얼,2022-02-09T09:26:52-07:00,5,0,카카오톡 프로필 홈 체계화,잘 쓰고 있습니다 그런데 저는 카카오톡 프로필 홈에 나만보기로 1000개가 넘는 사진과 한줄메세지들이 있어요 이건 제 추억이고 기록이라고 생각해서 지우고 싶지 않아요 휴대폰 갤러리처럼 연도별로 월별로 볼 수 있게 해주셨으면 좋겠어요 그럼 카카오톡이 더 대박날 거예요 제 아이디어를 받아주세요
,카카오톡 KakaoTalk,다들행복합시다아아아,2022-02-09T07:05:06-07:00,4,0,업데이트 할 때 제발 참고,프로필 배경 동영상 등록했을 때  재생 초 너무 짧아요 ㅜㅜㅜㅜㅜ 일분정도로 늘려주세요 그리고 프로필 배경에 텍스트 왜 최대 5개로 한정해놨나요 그것도 무한으로 제발 늘려주세요 !!!!!!!!!!!!!!
,카카오톡 KakaoTalk,감가상각,2022-02-10T04:26:20-07:00,1,1,알림 좀 옛날처럼 해주세요,예전엔 알림이 오면 이름 옆에 메세지가 왔다고 한줄로 표시가 됐는데 알림에 상대방 프사가 뜨는 알림으로 바뀐 후로 이름 밑에 메세지가 떠서 두줄이 되니 알림창이 너무 커요 옛날로 돌려주세요
,카카오톡 KakaoTalk,Sjduwoxna,2022-02-09T05:55:26-07:00,1,0,알림 안 옴,pc카톡 켜있는 것도 아닌데 알림이 안 옴 업데이트 안 해서 그런 줄 알았는데 업뎃해도 그럼
,카카오톡 KakaoTalk,아그럼어쩌라고,2022-02-10T02:27:33-07:00,1,0,로그아웃없노,게이
,카카오톡 KakaoTalk,팩트백,2022-02-09T19:35:50-07:00,5,0,편해,편해
,카카오톡 KakaoTalk,콩순이 칼라똥,2022-02-09T20:26:25-07:00,1,0,옾쳇 정지,아니 ㅋㅋㅋᩚ 오픈채팅방 발 만들었다고 정지라기엔 좀 너무 하지 않나요 풀린지 1일도 안됐는데 진짜 너무 하시네요
,카카오톡 KakaoTalk,옐꾜,2022-02-09T19:34:57-07:00,4,0,미리보기,카카오톡을 사용하면서 정말 많은면으로 편리하게 사용을 했는데 미리보기 기능을 좀 추가하면 좋을것 같아요.
,카카오톡 KakaoTalk,알람안됨,2022-02-09T19:15:52-07:00,5,0,카카오톡짱좋아요,"카카오톡애서오픈프로필도있고,막채팅도날빠제한이나개수제한이없어서좋아요.쇼핑도할수있고이모테콘도앙증맞아요.그리고프로필도스티커로맘대로꾸밀수있어서좋아요.요위에있는기능보다많은기능이있어요.그리고오픈채팅은많은사람괴항수있어서좋아요.앞,뒤에있는악플신경쓰지마세요.그리고개발자님도대단하신것같아요!예전에잘못해서카카오톡이지운바람에너무아쉬워요.그리고친구에프로필도볼수있고,연락처에있는사람중에카카오톡있는사람은내친구에나와요.좀쓰다보면업데이트가나와편리해져요.최고!!!!감사합니다."
,카카오톡 KakaoTalk,"£¥""",2022-02-09T04:45:54-07:00,3,0,친구 삭제 기능,어딨는지도ㅜ모르겠고 업데이트 되면서 그냥 너무 복잡해요 고등학생인데 늙어서 그런진 모르겠는데 복잡하니까 카톡을 점점 잘 안쓰게 되네요
,카카오톡 KakaoTalk,이제은채,2022-02-09T04:25:03-07:00,5,0,활동,서로 채팅들어가 있는지 확인할수 있는 기능 있으면 좋겠어요 !
,카카오톡 KakaoTalk,MMMミミミ,2022-02-09T05:35:55-07:00,1,1,자동친구추가 기능 없애라 제발,친구신청 기능 넣던지 번호 바꿧다가 예전 번호 어떤 애엄마가 쓰던건지 친구추천에 ㅇㅇ맘ㅇㅇ맘ㅇㅇ맘 아니라고 해도 계속 메세지 보내대고 진짜 주옥같음 송금기능으로 실명 다 뜨는것도 븅맛
,카카오톡 KakaoTalk,뷐크ㅜ잉닯,2022-02-08T11:43:16-07:00,1,1,정지,장난치냐 ? 한 게 없는데 왜 정지를 맥이고 염병을 하지 할 짓 거리가 그렇게 없더냐 ?
,카카오톡 KakaoTalk,강마지,2022-02-08T10:19:26-07:00,3,0,옾챗 계속 신고 먹어요…,아니 옾챗 계정을 만들면 신고 먹어요… 옾챗 하려고 계정 만들었는데 갑자기 신고 먹어서 황당…;;;;
,카카오톡 KakaoTalk,편의점순이,2022-02-08T07:50:41-07:00,5,0,저 카톡 언제 쓸 수 잇어요,아니 정지 기간 끝나고 탈퇴 해서 7일 연장 받았는데 7일도 지난지가 언젠대 카톡 하고 싶어서 미쳐돌겠어요 카톡 회장님 사랑해요
,카카오톡 KakaoTalk,발수박,2022-02-08T05:33:07-07:00,3,0,카카오톡 기프티콘,그냥 14세 미만도 기프티콘 사게 해주면 안되요 ? 왜 안되요 ? 이상한데 쓰는것도 아닌데 걍 사게 해주세요
,카카오톡 KakaoTalk,120우리리,2022-02-08T05:32:59-07:00,1,0,마이뷰 없애고 펀이랑 뉴스 돌려줘요,쓰잘데기없는 업데이트에요 마이뷰 ㅡㅡ
,카카오톡 KakaoTalk,뿌렉둔ㄹ,2022-02-08T04:31:09-07:00,2,1,…,아 카톡 진짜 다 좋은데 일정기한 지나면 보냈던 사진 기만만료되는거 진짜 킹….받아요 글고 삭제해도 다시 깔면 그 전에 내용들 다 자동백업됐으면 좋겠어요…..그래서 요샌 뭐 톡플러스인가 뭔가 생긴 것 같든데 전에 한번 샀었는데 꾸준히 내ㅐ야되는거예요.?! 암튼 넘 불편해요………….
,카카오톡 KakaoTalk,보니하니...끝 -2021.3.26-,2022-02-08T16:58:06-07:00,5,0,멀티 프로필이 안되요ㅜㅜ,저만 안되는 건가요?....멀티프로필이 안되요.. 전만 안되는지 모르겠는데 멀티프로필좀 브탁 드립니다.
,카카오톡 KakaoTalk,Abcd123411112,2022-02-08T19:36:37-07:00,1,1,기능 추가,자신이 올렸던 메일 주소를 스스로 삭제 가능하게 해주세요. 메일주소 하나 없애느라 계정 새로 만들고 싶지 않아요.
,카카오톡 KakaoTalk,빡꽌누,2022-02-08T02:03:59-07:00,5,1,멀티프로필 문의요!,멀티프로필도 진짜 프로필처럼 히스토리가 있으면 좋겠어요 ㅠㅠ
,카카오톡 KakaoTalk,둠바지기,2022-02-08T16:08:03-07:00,1,0,안드가지노,짜증나게하네
,카카오톡 KakaoTalk,기벤투,2022-02-09T02:52:58-07:00,3,0,알림이 한달째 안와요,설정 다 만져봐도 안오고 업뎃해도 안되네요
,카카오톡 KakaoTalk,nesca1110,2022-02-08T17:46:44-07:00,3,0,글씨체 크기 좀,이미 있는 평가던데 의견 수용 좀 해주세요 채팅창에서 타자 쳤을 때 뜨는 글씨체 크기가 진짜 엉망진창이에요 저번엔 엄청 작아져서 좋아했는데 지금은 다시 커져서 너무 짜증나요 적응할만 하면 바뀌고 어쩌라는건지;;.. 해결해주세요 ㅜㅜ 더 작은 크기까지 조절 가능하게 해주세요
,카카오톡 KakaoTalk,벌걸킹,2022-02-08T19:55:42-07:00,4,1,카톡 문자를 텍스트 단위로 복사할 수 있도록 해주세요.,주소나 필요한 일부분을 선택해서 복사하고 싶은데 카톡은 전체 텍스트 복사 기능 밖에 없어서 불편합니다!!
,카카오톡 KakaoTalk,아니 뭐야!!!?!?,2022-02-07T19:38:36-07:00,2,0,알림 로고,알림 로고 좀 작게 해주세요 제발
,카카오톡 KakaoTalk,rongjuns,2022-02-07T17:33:15-07:00,1,1,날이갈수록 무거워지네 ㅋㅋㅋ,"어휴, 메시징앱이었는데 이젠 뭐 거의 포털수준임"
,카카오톡 KakaoTalk,사람아닌 사람,2022-02-07T16:59:12-07:00,5,0,와,카톡으로 유튜브를 보니까 광고가 안뜨네요 ㄷㄷ 덕분에 유튜브 프리미엄 없이 개꿀 빨고 있습니다ㅎㅎ
,카카오톡 KakaoTalk,효린빠빠,2022-02-09T01:37:14-07:00,3,0,디데이랑 핀 설정,프로필에 하는 디데이랑 채팅방 핀 설정 5개까지만 되는거 더 늘려주시면 안될까요 디데이랑 핀설정 그런게 얼마나 많은데 5개 가지고 뭘 해요ㅜㅜ 10개로 늘려주시면 안될까요 ㅠㅠㅠ 🙏🙏
,카카오톡 KakaoTalk,𖤐명,2022-02-07T16:06:53-07:00,5,1,제발 다시 바꿔주세요,"프로필 바꾸거나 프로필 뮤직 바꾸면 상단 알람바에 뜨는 거 없애주세요 진짜 제발  그냥 혼자 조용히 프뮤랑 프로필 바꾸고 싶은데 세상 사람들한테 다 알리면서 바꾸니까 뭘 쉽게 바꾸지를 못하겠어요 젭알 ,,,,"
,카카오톡 KakaoTalk,윤빵꾸똥뀨,2022-02-07T09:19:28-07:00,5,0,아이폰 사용가능한 폰트,아이폰에 사용가능한 폰트 업데이트 좀 주기적으로 부탁드립니다ㅠㅠ
,카카오톡 KakaoTalk,소_망,2022-02-07T07:00:45-07:00,1,1,고객센터 응대가 bot이에요,"간단한 거 하나도 처리못해서 대체 몇 번을 되풀이해가며 문의 접수해야 되는건지,, 정말 대체재 생기면 바로 손절이다. 카카오 두고보자"
,카카오톡 KakaoTalk,미쥬이,2022-02-07T07:53:03-07:00,5,0,카톡 알람,카톡 알람 설정 다 햇는데 안울리는 이문제 업데이트도 하고 핸드폰 끄고 켜도 알람 설정을 다시 해도 계속 이지랄 도대체 언제 쯤 내 카톡은 울릴까 역시 카톡 차라리 버디버디 다시 부활하면 갈아탄다. 별점 오점 완벽한 어플 강추드려요.
,카카오톡 KakaoTalk,요듀ㅗㅇ,2022-02-07T04:24:33-07:00,1,0,앱 관리 좀 해주세요.,"툭하면 버그에 에러에 메세지도 안보내지고 전에는 해킹문제에, 카톡이 정말 유명하고 다들 쓰는건 알겠는데요. 그럼 더더욱 관리를 하셔야하는거 아닌가요? 업데이트는 심심하면 하라고 하는데, 딱히 추가되는 기능도 없고 가끔 추가되면 왜 이딴걸 넣었지? 싶은 것만 주구장창.. 앱 사용할때마다 오류나요. 스트레스입니다. 앱 관리 좀 하세요 제발."
,카카오톡 KakaoTalk,밍밍데이,2022-02-08T04:08:24-07:00,1,1,PC카톡은 뭐.. 10년전 중소기업이 만든 어플이 나을듯,대화 연동도 안되는게 2022년 대기업!?
,카카오톡 KakaoTalk,리뷰좀하게해줘,2022-02-07T01:52:24-07:00,5,0,고쳐주세요,제가 일주일째 11번 다시깔고있는데 많은 앱중이 카톡만 자꾸 그래서 제 폰이 문제인가요? 아니라면 고쳐주시길바랍니다.
,카카오톡 KakaoTalk,어피치 방향제,2022-02-07T01:15:24-07:00,1,0,너무 싫다,제가 핸드폰을 켰는데 갑자기 제 계정이 없어 지고 로그인을 하라는 겁니다 그래서 이메일 전화번호 다 적었지만 안돼고.. 아무것도 안됩니다 진짜 너무 하시네요
,카카오톡 KakaoTalk,daidalos75,2022-02-07T00:51:01-07:00,1,0,알림이 왜 안 오나요,대체 뭘 업데이트한 건가요?
,카카오톡 KakaoTalk,heyooo :D,2022-02-07T00:28:48-07:00,5,0,24시간 제한,24시간 제한 왜 있는거임 ; 읽으라고 별 5점 줌.
,카카오톡 KakaoTalk,alice11 ღ,2022-02-06T23:17:57-07:00,5,0,"진짜 쓰지마세요,,","저 이거 다운 못받거든요 고민입니다 글구 아이폰 6는 핸드폰 자체가 업뎃이 안돼서,,,"
,카카오톡 KakaoTalk,millionghjjka,2022-02-07T00:23:20-07:00,3,0,카톡은 3개 왔는데 알림배지는 6개가 떠요,제 핸드폰이 이상한건가 했는데 다른 앱들은 안그러고요 카카오톡만 이래요 ㅠㅠ 카톡 알림 6개 와있어서 들어가보면 카톡은 3개 와있어요 ㅋㅋ 1개밖에 안와도 알림은 막 5개와있다고 뜨고 그래요 고쳐주세요ㅠㅠ
,카카오톡 KakaoTalk,블링!!블링크🖤💖,2022-02-07T06:10:00-07:00,3,0,카톡 테마 늘려주세요~ ㅠㅠ,카톡 테마가 별로ㅠ없는 건 좀 아쉽지만 유용하게 매우 잘 사용하고 있는 것 같아용~!!! ^^
,카카오톡 KakaoTalk,우짤방구,2022-02-06T21:09:52-07:00,1,0,자꾸 로그아웃되요,자꾸만 로그아웃되고 이메일 찾는건데 이메일 쓰라고하고 지금도 로그인을 못하고잇어요
,카카오톡 KakaoTalk,에라이 퉤 짜증나,2022-02-06T20:46:26-07:00,3,0,하..,그 제가 예전에 들어갔던 오픈채팅을 다시 들어가고 싶은데 예전에 눌렀던 하트 목록을 못 봐서 못 들어가네요
,카카오톡 KakaoTalk,기꿀띠,2022-02-06T18:29:16-07:00,4,0,오픈 채팅 분리,오픈 채팅방만 분리하는 기능 너무 좋았는데 ㅠㅠㅠㅠㅠ 사라졌네요 다시 생겼으면 좋겠습니다 ㅠㅠ 학교에서 온라인수업할때 오픈 채팅방을 써서 일반 채팅방하고 분리가 되는 점이 참 좋았는데 말이죠……
,카카오톡 KakaoTalk,댓글열심히적었어요,2022-02-06T22:26:27-07:00,5,0,멀티프로필을 패드에서 했는데 폰에서 멀티프로필이 안뜸,안녕하세요. 제가 멀티프로필을 아이패드에서 설정하고 아이폰을 봤는데 멀티프로필 설정한것이 안뜹니다 그래서 둘다 뜨게 해주세요
,카카오톡 KakaoTalk,2차원배열로4년평점구하기,2022-02-06T14:23:35-07:00,4,0,채팅목록 분리 부탁드려요,지금도 물론 잘 사용하고 있지만 다소 불편한 점이 있어 리뷰 남깁니다. 앱을 이용하다보면 어쩔수 없이 받아야하는 채널의 메세지가 있는데 구분이 안 되어 있어서 다소 불편함을 느끼고 있습니다. 그래서 채팅 목록 탭을 [일반채팅 | 오픈채팅 | 광고] 이렇게 세개 탭으로 분리 가능하도록 만들어 주시면 더 편리할 거 같아요. 건의하는 의견이므로 반드시 반영해 주지 않으셔도 됩니다. 다만 저렇게 분리해 두면 조금 더 사용하기 편할 거 같아서요~ ㅎㅎ
,카카오톡 KakaoTalk,머지옹,2022-02-06T06:16:12-07:00,1,0,아니갑자기 왜 로그아웃이 되는 건가요..,아무것도 안하고 방금까지 카톡 잘 했는데 갑자기 로그인하래서 했더니 대화내역 다 사라졌네요.. 대체 뭐죠
,카카오톡 KakaoTalk,Sue수,2022-02-06T02:16:37-07:00,3,0,멀티프로필하려면 친추???,이것 때문에 멀티프로필이 뭔 소용인가 싶어요 차라리 반대로 내가 설정한 사람한테만 내 찐 프로필을 보여주는 게 낫지 않을까요?
,카카오톡 KakaoTalk,딸기올린크로플,2022-02-06T07:33:39-07:00,5,0,사랑하는 카카오톡운영자님,아이폰 글씨체 추가 해주세용 지겨워서 쓸게 없어용 ㅜㅜㅜㅜㅜ
,카카오톡 KakaoTalk,ljwclan,2022-02-06T01:26:56-07:00,2,0,갑자기 자꾸 나가져요,"저만 그런 것 같은데 프로필 편집할 때 알파벳 커다랗고 빛나는 스티커, MBTI 스티커, 강아지 스티커, 별자리 스티커 등을 누르면 나가집니다. 그리고 #검색 할때도 가끔 나가져요. 이것만 수정해 주시면 고맙겠습니다."
,카카오톡 KakaoTalk,아이패드첫구매,2022-02-05T21:46:59-07:00,1,0,중간에 자꾸 강제종료되네요,"왜그런지 모르겠는데 사용하다가 글쓰려고하면, 사진 첨부하려고하면 멈췄다가 종료돼요."
,카카오톡 KakaoTalk,수진방구르름,2022-02-06T06:56:44-07:00,5,0,키워드알람기능 다시복구해주세요 ㅠㅠ,너무불편합니다…  필요한 알람만 받고싶은데 아이폰만 안되다니ㅠㅠ 있다가 사라진 기능이여서 너무 아쉬워요  제발 다시살려주세요~~~~~
,카카오톡 KakaoTalk,아니 진짜롱,2022-02-06T09:18:50-07:00,4,0,멀티프로필,저 업데이트도 다 했는데 왜 저는 멀티 프로필이 없나요
,카카오톡 KakaoTalk,❤️🧡💛💚,2022-02-06T15:41:23-07:00,2,0,보이스톡 알림 좀 끄게 해주세요,새벽에 전화 받아야할 일이 있어서 방해금지모드를 킬 수 없는데 보이스톡 알림을 끌 수 없어서 너무 불편하네요 알림을 무음으로 설정할 수 있게 하던가 끌 수 있게 해주세요. 그리고 보이스톡이 걸려오면 전체화면으로 오는 것도 불편하네요.
,카카오톡 KakaoTalk,아니히히,2022-02-06T04:29:48-07:00,1,0,하 ㅈ같다,아니 게속 로그아웃 되여
,카카오톡 KakaoTalk,꼽냐궁ㅠㅜ,2022-02-05T21:26:35-07:00,3,0,옾챗전용 관리자 있었으면 좋겠네요,"저랑 제 친구랑 옾챗이 하나 있는데 그 옾챗에 이상한 분들이 들어오셔서 욕 엄청하고 나가시는데 이런 분들 신고하고 싶고, 욕 쓰면 신고 먹이는 관리자분 있었으면 좋겠어요 이런거로 자살 생각하시는 분들도 계신데 이런 분들은 자기 생각만 하시니까 저희 입장에선 많이 곤란하네요"
,카카오톡 KakaoTalk,디녀,2022-02-06T06:08:27-07:00,5,0,아이패드 사진이 안보내져요.,아이패드 프로 5세대 사용 중인데 잘 되다가 가끔 사진 보내려고 +표시 누르면 앱이 종료되네요ㅠㅠ 한번 이러면 몇번을 다시 들어가도 안되다가 한참 있어야 보내지던데 왜 이러는 건가요. 한두 번 이러면 그냥 참는데 급할 때도 이러니까 진짜 너무 답답하고 화나요ㅠㅠ
,카카오톡 KakaoTalk,개코원숭이바보멍청이,2022-02-05T20:35:38-07:00,5,0,버그,안녕하세요 이상한 버그가 있길래 적습니다 제 친구가 제 이모티콘을 막 쓸 수 있는 버그가 있는거 같던데 좀 고쳐주세요
,카카오톡 KakaoTalk,ㅑㅑ듀누타ㅑ터ㅜ브미,2022-02-05T17:43:09-07:00,1,0,오픈채팅 정지,오픈채팅에서 정지를 조그만 일에도 너무 많이 먹여버려요 저 학교 오픈채팅 사용해야 하는데 7일 먹어버렸네요
,카카오톡 KakaoTalk,미치겠네진짜,2022-02-05T16:52:27-07:00,1,0,인증횟수 초과했다고 24시간을 묶어두면,어떻게 이용하라고 고객센터는 연결도 안되고 아 진짜 짜증나서 못해먹겠네 빨리 좀 풀어줘요 아놔 중요한 연락 확인해야되는데 이게 뭐냐고요
,카카오톡 KakaoTalk,롸야💕,2022-02-05T16:17:44-07:00,4,0,이모티콘 넘겨주기 기능 제발 추가해주세요,카톡 너무너무×99 좋은데… 자기가 쓰던 이모티콘을 다른사람에게 넘겨줄 수 있는 기능이 생겼으면 좋겠어요 제발요 소원입니다 업데이트 제발 해주세요
,카카오톡 KakaoTalk,두호랭엄마,2022-02-05T06:19:46-07:00,5,0,오류 해결부탁드려요,안녕하세요 카톡 관계자 여러분 저는 옾픈챗팅을 사용하는 사람입니다. 옾픈챗팅에 오류가 생긴거같습니다.방장.부방장은 강퇴를 안했는데 강퇴가된사람들이 있었습니다. 오류가있는것같은데 해결부탁드려요
,카카오톡 KakaoTalk,Andrew Bae,2022-02-05T02:40:08-07:00,1,0,병신앱 ㅇㅇ,ㅋㅋ
,카카오톡 KakaoTalk,홀로로롤ㄹ,2022-02-05T00:59:40-07:00,1,0,움짤 묶어보내기 왜 안되는거에요;;??,원래대로 해주세요ㅠㅠㅠㅠ
,카카오톡 KakaoTalk,쟁반반반,2022-02-05T17:56:01-07:00,1,0,오픈채팅 이용제한,저는 오픈채팅을 사용한 적이 한 번밖에 없는데 갑자기 정지 90일 먹어서 어이없어요.. 앞으로도 오픈채팅을 간간히 이용해야 할 때가 있는데 이러면 어쩌자는건가요 제가 한 번만 썼다는 오픈채팅반은 학급방 이었는데 왜 정지먹었는지..
,카카오톡 KakaoTalk,또용니,2022-02-04T18:25:48-07:00,5,0,이모티콘 플러스,이모티콘 플러스 쓰고 있는데 자꾸 이모티콘을 선택하려고 하면 꺼집니다. 오류 고쳐주세요!! 빨리요!! 너무 깝깝해요!!
,카카오톡 KakaoTalk,카톡 아니지..?,2022-02-04T18:02:35-07:00,1,0,안돼,카톡이 너무 이상해서 지웠다가 다시 깔려고 했는데 안 깔려요 살려줘요
,카카오톡 KakaoTalk,제발좀제발진짜,2022-02-04T17:43:11-07:00,5,0,아니 채널 광고 왜넣음 ?,ㅈㄴ 작게도 아니고 뭔 화면의 절반을 채널 광고로 도배해놨노 ;; 그만좀 넣으세요 ㅋㅋ
,카카오톡 KakaoTalk,파카소,2022-02-04T22:46:35-07:00,1,0,카카오톡티 은 깔려요,카카오톡이 노란 화면만 나왔다가 들어가지지도 않고 꺼지길래 삭제 했다가 다시 깔아 보려고 삭제를 했는데 앱스토어에서 안 깔려요 눌려지기만 하고 다운이 아예 안 돼요 근데 다른 앱은 되거든요 용량에 문제인가 싶어서 앱도 몇개 삭제하고 했는데 계속 안 되네요 재부팅 해도 똑같고 이거 어떻게 해야 돼요
,카카오톡 KakaoTalk,gagsshkddbjewj,2022-02-04T06:41:56-07:00,1,0,진짜 속상,별점 한개도 주기 싫은데 10년전부터 쓰던 앱이라 애용하고 있는데 번호도 매번 바껴서 계정을 새로 만드는게 일상이였고 이참에 안쓰는 계정 두개 탈퇴하고 원래 쓰던 계정 들어갔더니 탈퇴를 많이해 24시간 이후에 하라네요 이건 진짜 너무 합니다..ㅋ 내일까지 어떻게 버틸지 막막..
,카카오톡 KakaoTalk,오채영..:,2022-02-04T08:48:49-07:00,4,0,카톡 해킹당하고 다시 복구하는법,안녕하세요 카톡 해킹당해서 카톡을 못하고있어여 열심히 노력중인데 안되네요 네이버에 쳐도 방법이 없구 해킹 당하고 카톡 계정 복구되는법 알려주세요..
,카카오톡 KakaoTalk,진짜카카오톡놈뭐하는거냐,2022-02-05T00:05:26-07:00,5,1,너무 검열이 심해요...,지속적인 욕설을 한 것도 아니고 성적인 음란물을 올린 것도 아니고 그냥 포스트에 욕 들어간 사진 한 번 썼다고 정지를 시키는 건 좀 너무한 것 아닌가요?? 텍스트도 아니고 사진으로 올린 거였는데 좀 과한 것 같습니다ㅠ
,카카오톡 KakaoTalk,야구사랑합니다,2022-02-04T10:44:23-07:00,3,0,카카오는 신의 한수,다음 크
,카카오톡 KakaoTalk,❤️‍🔥슬이,2022-02-04T18:54:41-07:00,4,0,!!!!!!.🤬🤬🤬,아니   !!!!'위에있는 광고숨김했는데24시간없다고했는데   ?!!!!😡😡또나오네요!!🤬        바꿔주세요!!!!
,카카오톡 KakaoTalk,구남이하우스,2022-02-04T04:50:45-07:00,1,1,매인화면 가운데에 있는 #버튼 돌려놔라 어떻게 앱이 업데이트를 하면 할수록 좆같아지냐 ㅋㅋ,ㅋㅋ업뎃 할수록 병신되는앱
,카카오톡 KakaoTalk,승춘한,2022-02-04T05:59:22-07:00,2,0,카카오톡 메세지 수신 늦게와요,한번씩 카카오톡 메세지가 와서 들어가도 실제로는 3초뒤에 한번에 수신되고 답장도 안되는데 수정안되나요? 벌써 몇달째 이러는건지 모르겠네요
,카카오톡 KakaoTalk,달토끼MoonRabbit,2022-02-04T05:35:56-07:00,5,0,포스트 새로운 기능 추가 바람,오픈프로필 포스트 기능에  동영상도 추가할 수 있었으면 좋겠네요 ㅜㅜ 솔직히 별은 5별로 할 수 밖에 없는게 제가 폰 싰을때 처음으로 깐 앱이고  기능까지 좋아서 드립니다 ㅜㅜ 제발 포스트 기능만 더 추가해주세요!ㅜㅜ
,카카오톡 KakaoTalk,yebin25,2022-02-04T02:19:50-07:00,2,0,프로필보내기 기능 좀 제발 없애주세요;;,아니 제가 원치 않은 사람한테 제 프로필 보내져서 친구 추가 되는거 진짜 죽어도 싫거든요? 아니 이런 기능은 왜 만드신거에요..? ㅠㅠ 하 제발 진짜 좀 없애주세요.. 개인정보 침해 아닌가요.... 제가 동의한적도 없는데 제가 모르는 제3자가 제 프로필을 다 안다뇨.. 진짜 좀 없애주세요
,카카오톡 KakaoTalk,브롤 스타즈 닉내임 진심의 펀치입니다.,2022-02-04T03:27:44-07:00,5,0,아오리아오리아오리아오리아오리아오리아오리아오리아오리아오리,아오리아오리아오리아오리아오리아오리아오리아오리아오리아오리아오리아오리아오리아오리아오리아오리아오리아오리아오리아오리아오리아오리아오리아오리아오리아오리아오리아오리아오리아오리아오리아오리아오리아오리아오리아오리아오리아오리아오리아오리아오리아오리아오리아오리아오리아오리아오리아오리아오리아오리아오리아오리아오리아오리아오리아오리아오리아오리아오리아오리아오리아오리아오리아오리아오리아오리아오리아오리아오리아오리아오리아오리아오리아오리아오리아오리아오리아오리아오리아오리아오리아오리아오리아오리아오리아오리     카톡 하는 시간에 문자를 하고 말지…에휴~~~ㅉㅉㅉ문자문자문자문자문자문자문자문자문자문자문자 문자는 위대하다!!!  아 죄송해요 제 동생이 문자 좋다고 쳤네요 카톡 만세!!!!!!!!!!!문자  우우우ㅜ우우우!!!!👎👎👎  문자 조아!!!!!  아 동생이 자꾸 제 폰을 가져가네요.에휴~~~자 그럼 전 20000!카톡 만세!!!!!!!아오리아오리아오리아오리
,카카오톡 KakaoTalk,추가좀용,2022-02-04T01:41:56-07:00,1,0,아니 왜 한번씩 계속 안들어가 지는 건가요,한번씩 안들어가질 때가 있습니다 급한일인데 좀 많이 짜증나네요
,카카오톡 KakaoTalk,f5ORFvC段谙,2022-02-04T00:35:08-07:00,5,0,다운로드할 수 없어요,여러 번 시도했는데 다운로드가 안되는게 어찌된거예요?
,카카오톡 KakaoTalk,귀만진,2022-02-04T04:50:37-07:00,1,0,다시 업뎃좀 부탁드립니다 잔렉개심함,요즘 왜이렇게 잔렉 심해지고 알람은 오는데 내용 표시안되는게 왜이리 심해졌죠??? 한번은 백신패스 30분동안 안되고 빨리 수정해주셔야 할 것 같습니다.
,카카오톡 KakaoTalk,윳언,2022-02-03T13:54:23-07:00,5,0,폰트 및 크기 업뎃부탁드립니다,새로운 폰트 업데이트 부탁드립니다 성동고딕 같은 고딕체가 있었으면 좋겠습니다 또한 폰트마다 크기나 굵기가 일정하지 않은데 비슷하게 통일이 되었으면 좋겠습니다 채팅창과 말풍선의 폰트 크기가 다른 점도 개선되었으면 좋겠습니다
,카카오톡 KakaoTalk,아이폰 5 유저 122,2022-02-03T15:25:30-07:00,1,0,제발 아이폰 5도 지원 해줘요,아이폰 5도 카카오톡 지원 해주 시길 바래요 문의 까지 넣었는데 답장도 아직도 없으시고 진짜 안되면 안된다고 말하든가 몇 달 동안 얼마나 기다렸는데 아이폰 5 계속 쓰고 싶은데 지원을 안해주니 원.. 사람들이 카카오톡 고객센터에 지원 하라고 해서 했더니 하 진짜 지원 해주시길 바랄게요
,카카오톡 KakaoTalk,김안마,2022-02-03T08:16:24-07:00,1,0,점점점이 이상해요. 고쳐주세요,… 을 쓰면 •••으로 올려지는데 이거 진짜 신경 거슬리고 사람 미치게 하네요. 카톡 많이 사용하는 사람으로서 정말 불편합니다. 업데이트 해주세요^^ 제발
,카카오톡 KakaoTalk,스테코,2022-02-03T19:37:10-07:00,5,0,폰트,아이폰 사용자를 위해 다양한폰트가 많아졌으면 좋겠어요😂
,카카오톡 KakaoTalk,멀방^^^^^,2022-02-03T16:36:26-07:00,2,0,후우 이것좀 고쳐주세요 제발,진짜 다른건 다 좋은데 어느날부터 카톡이 안들어가져요.. 앱을 들어가면 튕기고 계속 노란색 카톡화면만 떠서 미칠거 같아요 중요한 연락도 못보고 카톡 보려면 컴퓨터 켜서 들어가야돼요 저만 그러는 것 같은데 원인도 모르겠고 제발 고쳐주세요 ㅜㅠ
,카카오톡 KakaoTalk,"!!,!.?.!/!!/!/!/!",2022-02-03T07:18:59-07:00,1,0,복원불가,건들지도 않았는데 카톡 로그아웃되고 그래놓고 다시 로그인하니깐 대화 내용 복구 못한다고만 하고 중요한 내용 다 사라지고 살리지도 못하고 근데 이게 처음도 아니고 몇달사이에 3번이나!!!
,카카오톡 KakaoTalk,Dhsiwi,2022-02-03T14:15:55-07:00,5,0,카카오톡 예약전송,예약전송 제발 기능 구현해주세요 … 업무볼 때 등등 너무 편할 것 같아요
,카카오톡 KakaoTalk,은&욱,2022-02-03T05:57:02-07:00,4,0,선물하기 편의점결제 부탁ㅠ,친구한테 선물해줄려고하는데 카드가없고 만14세 미만이여서 결제도 못하는데 저는 결제할때 보통 편의점 결제로하는데 없어서 선물을 못했어요ㅠㅠ 편의점결제가 있으면 정말 좋을거 같아요
,카카오톡 KakaoTalk,한유진ㅎ,2022-02-03T03:34:47-07:00,1,0,걍 죽어 ㅁ1친것들아 ㅗㅗ,카톡 대기업이 이딴 버그 생기면 되나 어?왜 알람 켰는데 카톡이 안와 왜 알람 켰는데 다른 앱 하고있으면 톡이 미리보기 안떠 왜 알람켰는데 왜 보이스톡이 저절로 끊겨 내가 이걸로 오해받아서 별소리 다듣네 내가 안끊었는데 끊겼다고 지가 알아서;;알람도 계속 켰다고 카톡도 깔려있었다고 이따구로 앱 만들꺼면 지워;내가 이번 사건땜에 사람들한테 욕먹고 화병나서 죽으면 일단 유언에는 카카오톡 관리자 때문이라고 할거임.ㅇㅇ별 한개도 아까움
,카카오톡 KakaoTalk,netfli.x,2022-02-02T22:23:37-07:00,5,0,렉이나 딜레이가 생긴듯 합니다,렉이나 딜레이가 심해짐.
,카카오톡 KakaoTalk,이예에에에,2022-02-03T02:45:36-07:00,3,0,카톡프로필 업데이트 알림,제가 볼수있는걸 차단하는거 말고도 제가 바꾸면 상대방에게 알람안뜨는 것 좀 만들어주세요... 빨간점이면 충분해요 제발... 아니 배경이나 프로필 사진 변경 말고도 노래만 바꿔도 계속 그 알림이 뜨게 돼있는데 강제 관종으로 만드시는건지... 여태 카카오톡 쓰면서 아무리 불편해도 이렇게 까지 적어본적은 없는데 강제로 사생활 알려지는 느낌이라 화가납니다 멀티프로필로 다시 설정하면 된다는 방법들도 있는데 굳이 불필요한 기능을 만을어서 여러 설정들을 해야한다는게 화가나요.. 보니꺼 기능 만들어진게 작년 여름부터던데 이런 리뷰들도 많은데 아직까지 피드백이 없다는게 답답합니다.. 빠른 피드백과 업데이트 부탁드립니다 사용자 다수가 기능을 불필요로 하면 없애진 않더라도 끌 수 있게는 해주셨으면 좋겠어요....
,카카오톡 KakaoTalk,나마네카드,2022-02-03T02:50:51-07:00,4,0,???,ㅁ백신 맞았는데 아직도 큐알로 하는곳 많아서 만들려구 그랬는데 만 14세 이상만 만들수있다고 뜨거든요ㅛ?ㅜㅜ 만 14세 이하는 못 만드는건가요?? 필요해서으ㅡ
,카카오톡 KakaoTalk,어아ㅡ윹 ㅠ토너ㅠ ㅓㄴ터ㅗ ㅈㄴ,2022-02-02T21:29:33-07:00,4,0,아쉬워요,정말 카카오톡을 잘쓰고 있는데 멀티프로필이 조금 아쉬워요 제 폰이 이상한건지 카카오톡이 이상한건지 멀티프로필이 안돼더라구요? 지갑인가? 그것도 했는데 안돼네요ㅠㅠ
,카카오톡 KakaoTalk,ebjd12,2022-02-02T18:53:54-07:00,2,0,톡도 안가고 알림도 안뜨고;;,그저 아이폰 문제라고 으음 제가 미국가서 잡스 멱살 잡고 왜 아이폰 이따위로 만들어 왜 톡이랑 잘 호환도 안되냐고 할까요^^; 한두번도 아니고 저만 이러는 것도 아니네요 요즘 다른거에 집중하시느라 근본 잊으셨네 개선좀 해주세요^^
,카카오톡 KakaoTalk,선물하기왜이래,2022-02-02T18:41:09-07:00,2,0,선물하기,주문목록만 누르면 왜 안들어가지나요;; 몇번을 눌러보고 껐다 켜도 마찬가지네요
,카카오톡 KakaoTalk,sjeiritbfndka,2022-02-02T18:32:22-07:00,1,0,지금 왜 버벅됨?,이유가뭐임
,카카오톡 KakaoTalk,이런어플 없네요,2022-02-02T16:00:26-07:00,1,1,뷰 없애는 설정. 제발,"제발 선택지라도 좀 주세요ㅠ 뷰 진짜 안보고 싶은데,,, 유명인에 대한 이러쿵저러쿵 잡스러운 뉴스나 나오고, 혐오나 차별이 들어간 컨텐츠도 안걸러지잖라요ㅠ 오히려 마이뷰에 선별해서 추가한 브랜드들은 업데이트도 잘 안하고.. 아 그냥 안볼 수 있게 설정 추가해주세요. 그냥 메신저만 하게 해주세요 제발 ㅠ"
,카카오톡 KakaoTalk,리던,2022-02-02T15:37:58-07:00,1,0,아이폰 13버전 이하도 쓰게좀 해라,6시즌 쓰는데. 맨날 없뎃 하라 하고 쓰지도 못하는 카톡. 버려랴 하나 맨날 업테에트에 폰 버려야 하나
,카카오톡 KakaoTalk,김태촌이아이가,2022-02-02T10:38:25-07:00,1,0,알림이안떠요,갑자기 알림이하나도 안뜨고 카카오톡들어가야 그제서야 밀린 카톡이 쫙 옵니다 알림은 하나도안뜨고 빨리 처리부탁드려요 빠른 시일내에 정리해주세요 큰일입니다 카톡으로 일하면서 먹고사는 사람입니다..
,카카오톡 KakaoTalk,음바페의 포효,2022-02-02T06:41:05-07:00,5,1,카카오 정말로 좋네요,속 터질때 좋습니다. 별점 5개? 줘야 보고 고치니깐 줍니다. 계속 비행기뜨고 상대방 연락 안보이고 좀 고칩시다.
,카카오톡 KakaoTalk,호로로ㅗ로로ㅗ,2022-02-02T05:30:08-07:00,2,0,로그인이 안돼요,로그인을 하려고하면 비밀번호를 다시 입력하라고해서 똑같이 입력했는데 안돼요 비밀번호찾기를 해도 다시 제자리로 돌아와요
,카카오톡 KakaoTalk,NarangNorazo,2022-02-02T18:43:59-07:00,1,0,알림은 오고 메시지는 안 보이고,어느 순간부터 카카오톡 알림은 오는데 들어가면 메시지는 이전 상태 그대로이고 앱을 완전히 닫았다가 열면 나오거나 아예 안 나올 때도 있는데 그게 꽤 오래됐는데 전혀 안 고쳐지고 있네요 껐다 켜는 것도 한두번이지 이게 뭔가요?
,카카오톡 KakaoTalk,yeon032,2022-02-02T20:44:47-07:00,4,0,다 좋은데,"오픈채팅 포스트 기능을 애용하고 있는 한 사용자입니다!! 정말 너무나도 잘 사용하고 있지만 아쉬운 점, 추가 됐으면 하는 점을 좀 적어보겠습니다아  1. 포스트에 움짤, 영상 업로드 기능 좀 추가해주세요 ㅠㅠ 움짤 업로드 기능을 잘 쓰고 있었던 사람으로서 없어지니 좀 아쉽더라구요 ㅠㅠ 추가해주셨으면 하는 바람입니다!!  2. 프로필 갯수를 늘려주세요!ㅠㅠ 다른 프로필을 더 만들고 싶은데 없으니 기존 프로필을 삭제해야 하더라구요 ㅠㅠ 여러개 만들어서 사용하고 싶으니 좀 늘려주셨으면 좋겠어요 ㅠㅠ!!!"
,카카오톡 KakaoTalk,ugfuygyi,2022-02-02T18:34:43-07:00,1,0,채팅이 왔는데 안보입니다,오류가 왜케 잦나요
,카카오톡 KakaoTalk,쿠쿠륍ㅇ뽕,2022-02-02T05:38:04-07:00,4,0,아이폰 키워드 알림,카톡 다 좋은데 아이폰 키워드 알림 좀 만들어 주세요ㅠㅠ
,카카오톡 KakaoTalk,스누피0호팬,2022-02-02T20:53:45-07:00,4,0,다 좋은데 멀티프로필이 안 보여요,제가 아이폰인데요 다른 아이폰은 멀티프로필 되는데  제 폰은 그게 안보여요..ㅠ
,카카오톡 KakaoTalk,살짝설뤴어놔,2022-02-02T19:29:54-07:00,1,0,답없다,평소에 카톡 큐알코드로 다 인증했었는데 갑자기 안떠서 (계속 하얀화면)식당도 못들어가고 나옴 계정 새로파려고 설정에 카카오계정 들어갔는데 또 계속 하얀화면만 나옴 답이없다
,카카오톡 KakaoTalk,힞이당,2022-02-01T23:48:29-07:00,4,0,카카오톡 대화방 기능,카카오톡을 유용하게 잘 쓰고 있는데 사용하며  아쉬운 점이 있다면 대화방 마다 배경화면을 바꿀 수 있는 것처럼 글씨체도 바꿀 수 있었으면 좋겠어요 ! 대화 상대의 성향에 따라 글씨체를 바꿔서 대화 할 수 있으면 더 좋을 것 같아요 ㅎㅎ
,카카오톡 KakaoTalk,뭘 봐 예쁘냐?,2022-02-02T01:06:55-07:00,5,0,영상 화질,영상 화질 너무 깨져요;; 제발 어케좀해주세요 화질 때문에 잘생긴 우리남편 못보잖아요
,카카오톡 KakaoTalk,키드피클스,2022-02-01T21:47:19-07:00,1,0,저기요,저기요 다른 기기로 로그인 한번 했을뿐인데 왜 채팅내용들이 다 날라간거죠? 채팅 복구하기? ㅋㅎ  백업을 해준다고 하면 이전에 처음쓰던 내용으로 복구가 되야되는거 아닌가요? 복구가 되도 오늘자 내용만  복구가 되었네요? ^^ 진짜 개빡치니까 어떻게좀 해주세요..ㅋㅎ
,카카오톡 KakaoTalk,5세대 사용자,2022-02-01T20:53:35-07:00,4,0,이모티콘 버그,이모티콘 입력시 어플이 꺼지는 현상이 자주 발생합니다. 특히 카톡 대화 중 특정 단어로 추천 이모티콘 불러내는 기능 사용시 이런 현상이 자주 발생합니다.
,카카오톡 KakaoTalk,당근 토끼,2022-02-01T16:53:08-07:00,5,0,카톡 기본 테마,안녕하세요 카톡을 잘 쓰고 있는데요.. 갤럭시와 아이폰에 기본 카톡 테마가 조금씩 다르더라고요.. 그거는 좀 똑같게 고쳐주시면 감사하겠습니다!
,카카오톡 KakaoTalk,ㅎㅎㄹㄹㄹㄹㅇ,2022-02-01T15:25:00-07:00,5,0,좋아좋아,너무 좋아여!
,카카오톡 KakaoTalk,~Jêllä~,2022-02-01T11:10:42-07:00,4,0,프로필 업데이트,진짜 맨날 바꾸는 인간들 차단박을 수도 없고 가려놔도 너무 거슬려요 그냥 없앨 수 있는 기능 추가해주세요 ㅠㅠㅠㅠㅠㅠㅠ
,카카오톡 KakaoTalk,윤종팔,2022-02-01T22:45:25-07:00,1,0,카카오톡 친구추가 목록 개선,카카오톡 친구추가 목록창 현재 100명까지만 뜨고 있는데요 첫번째 인원수 무한으로 설정 부탁드립니다 개개인이 친구추가 목록에 뜨는 인원 수는 다르겠네요 누군가 나의 카톡을 알고 있다는것이 다소 불편한데요 이에 불편한 사람은 따로 차단을 한다면 불편한것이 해결 될 것 같네요 두번째 친구추천 목록에 뜨는 사람을 잘못눌러 삭제가 되는 경우가 있습니다 그 삭제된 사람도 복구할수 있도록 도와주세요 세번째 해당인원이 제 카톡을 갖고 있음에도 친구추가 목록에 뜨지 않는 경우도 있을까요? 이 3가지에 대한 답변과 해결 부탁드립니다 진지합니다…
,카카오톡 KakaoTalk,뽀덍,2022-02-02T04:51:09-07:00,2,0,카카오톡이 자동으로 로그아웃돼요,"안녕하세요 저는 카카오톡을 지금까지 잘 쓰고있던사람입니다 다름이 아니라 저의 카카오톡 계정이 자동으로 로그아웃이 되어서 이렇게 글을 써요 채팅을 칠려고하는데 갑자기 카톡이 튕겨서 다시 들어가려했는데 계정이 록,아웃이 되어서 다시 입력하라고 하더라구요?그래서 다시 입력을 했는데 비밀번호가 틀렸다고 뜨네요 분명히 평소에 썼던 비밀번호이고 바꾼적이 없었는데 왜그러는지 모르겠습니다 그렇다고 핸드폰 카카오톡계정은 잘 돌아가고 아이패드로 하니깐 갑자기 이러더라고요 이거 보신다면 답장 부탁드리고 다른분들도 이런일이 생기지않게 최대한 빠른대처 부탁드립니다"
,카카오톡 KakaoTalk,덕몽어스 최고,2022-02-01T19:18:21-07:00,1,0,카카오톡 인증번호가 안옵니다.,여러방법으로 시도 해봤지만 인증 번호가 안오네요ㅠ 그래서 24시간 정지 당했어요.
,카카오톡 KakaoTalk,카톡사용하는사람,2022-02-01T23:59:53-07:00,3,0,업데이트한 친구,이번에 프로필 바뀌면 업데이트한 친구에 뜨는 기능이 생겼는데 이거 때문에 프사 바꾸기도 신경쓰이고 위에 뜨는데 싫어서 바꿀때 고민하게 되네요.. 바꾸자마자 모든사람 특히 직장동료나 상사가 바로 확인할 수 있는게 너무 싫습니다 제꺼를 다른사람 업데이트 친구에 안뜨게 설정할 수 없을까요 ..불편합니다 개선 부탁드립니다
,카카오톡 KakaoTalk,다나나🍌,2022-02-01T06:41:21-07:00,5,0,카카오톡 채팅방마다 태마 바꾸기 기능에 대한 문의,"안녕하세요! ☺️ 카카오톡을 너무나 잘 사용 하고있는 사람입니다! 너무나 잘 쓰고있는 카카오톡인데요 🤗 카카오톡 채팅방 마다 테마 바꾸기 기능등을 넣어 방마다 다른 태마를 넣을 수 있었으면 좋겠어요! 예를 들어 채팅방 1 에는 무지 테마를, 채팅방 2 에는 라이언 테마를요! 채팅방 배경색 바꾸듯 말이죠☺️ 카카오톡 너무나 잘 사용하고 있습니다 감사합니다 💓"
,카카오톡 KakaoTalk,이세계 어딘가 사는 사람,2022-01-31T18:30:24-07:00,5,0,이거 왜 이러는 건가요?,카카오톡 프사 편집이 안돼요 채팅은 문제가 없는데 와이파이가 잘 돼도 프로필 편집 누르면 나가 져요  정말 편리하게 쓰고 있었는데 프로필 변경이 안돼서 불편해요.. 고칠수 없나요? (그리고 전화 번호 있으면 카톡 친추 돼는 것도 됐다가 안됐다가 해요)
,카카오톡 KakaoTalk,나는야 ...,2022-01-31T09:34:24-07:00,1,0,아니..,저기 전화번호를 적었으면 인증번호가 와야되는거 아니에요? 아니 무슨 어쩌라는거야 하라는거야 말라는거야 개선이랑 방법 부탁드려요 실행을 못하니까 쓸수가 없네요
,카카오톡 KakaoTalk,몬산토,2022-01-30T21:07:41-07:00,5,0,잘 쓰고는 있는데요…,이모티콘도 이미 여러 번 받고 구매하기도 해서 계정을 삭제하기엔 또 좀 그래요ㅠㅠ 친구추가도 번거롭고요.. 근데 문제는 제가 정말 어릴 때부터 카카오톡을 써왔기 때문에 예전 프로필 업데이트 했던 기록을 싹 다 지우고 싶은데 700개 정도 되어요ㅠㅠ… 전부터 다 없애버리려다가 실패하고 그냥 프로필을 많이 바꿔서 감추려고 했는데 친구들이 구경하다가 발견하고는 해서 너무 쪽팔리더라고요.. 제발 프로필 기록 한 번에 삭제 만들어주시면 안되나요?? 진짜 삭제하는 데에 한 시간동안 걸려도 괜찮은데..
,카카오톡 KakaoTalk,공공공주두쥬쥬쥬쥬ㅠ,2022-01-31T09:15:05-07:00,5,0,전체삭제 버튼을 만들어주세요!,"안녕하세요 넘넘잘쓰고있는 사람입니다! 다름이아니라  프사를 자주 바꾸는 사람중 한명인데ㅜㅜㅜㅜ 제발루 프사올렸던 내역,,? 그곳에 전체삭제버튼을 만들어주세요ㅠㅠㅠㅠㅠㅠㅠㅠ 하나하나 누르며 올렸던 사진을 지우는건 넘 힘들어요ㅜㅜ"
,카카오톡 KakaoTalk,Jaaayeon,2022-01-30T18:10:56-07:00,1,0,글씨체,정굴림좀 다시 추가해주세요... 😇
,카카오톡 KakaoTalk,J8956120m@,2022-01-30T12:48:19-07:00,1,0,카톡  광고좀 없애 주세요,메인 창에 광고 좀 없애 봐
,카카오톡 KakaoTalk,1937392738,2022-01-31T03:22:20-07:00,1,0,대화목록에 광고 좀 지워주세요,대화 목록에 광고 좀 지워주세요 너무 불편합니다
,카카오톡 KakaoTalk,이리오나락,2022-01-31T02:39:06-07:00,5,0,카카오톡 알람음,사용자가 원하는 알람음을 추가할 수 있도록하면 좋을 것 같아요
,카카오톡 KakaoTalk,7월부터 군바리,2022-01-31T08:47:00-07:00,1,0,소리가 안들려요,업데이트를 하고 나서부터 다른 소리는 다 들리는데 카톡 오는 알림음만 안들리네요.. 빠른 시일안에 고쳐주세요 불편하네요
,카카오톡 KakaoTalk,njh8363,2022-01-30T18:10:51-07:00,1,0,다른 나라에서 인증,다른 나라에서 새폰을 사서 기존 계정에서 새 폰으로바꾸려고 카톡 계정인증을 받으려고 하니 인증문자도 안 오고 너무 불편합니다. 로그인만 하려고 시도하면 다른 곳에서 로그인 시도했다면서 기존 계정도 닫히고 다시 풀고 이러길 계속 반복합니다;; 보안도 좋지만 본인도 카톡을 다른 폰에서 쓸 수가 없으니 불편한 게 이만저만한게 아니네요.
,카카오톡 KakaoTalk,M416x배나이스,2022-02-01T04:20:37-07:00,4,0,iOS 13.0때문에 못쓰고있습니다,안녕하세요 아이폰6쓰고있는데 카톡이 갑자기 안돼더라고요 그래서 다시 깔라고 했는데 iOS 13.0이상만 지원한다고 하더라고요 제발 아이폰6도 쓸수있게해주세요
,카카오톡 KakaoTalk,166고고,2022-01-30T22:23:30-07:00,4,0,잘 쓰고 있습니다,"카카오톡 선물하기 내 선물함에서 받은 선물들을 브랜드별, 카테고리별로 묶어줬으면 좋겠어요"
,카카오톡 KakaoTalk,김김공주,2022-01-30T16:26:12-07:00,5,0,익명,안녕하세요 아까 전 초등학생 이라고 리뷰 올렸던 사람입니다 리뷰 보내고 카카오톡을 들어가니 동의하기가 나와서 일단 동의하기를 다 누르고 보니 전화번호를 쓰고 인증번호를 받으라셔서 일단 받았습니다 근데 몇 번을 시도 해도 안되서 인증번호를 받을 수 있는 횟수가 끝났다네요 안그래도 오픈채팅방에서 문제가 일어났었는데…얼른 고쳐주세요ㅜ
,카카오톡 KakaoTalk,냐냐냥눈,2022-01-30T08:44:05-07:00,4,0,오픈채팅,안녕하세요 카카오톡을 너무나도 잘 쓰고 있는 유저입니다. 자주는 아니지만 가끔 오픈채팅을 사용하는데 방장의 말은 가릴 수가 없더라구요. 그 이유가 궁금합니다.
,카카오톡 KakaoTalk,DOT.옴,2022-01-29T23:53:41-07:00,1,0,아이폰 알람 오류 수정 업뎃 좀,"아이폰 XS MAX 유저인데 알람이 안떠요… 소리뿐 아니라 화면 알림도 뜨지 않습니다. 어플을 실행해야 뒤늦게 밀린 알람이 우르르 떠요. 알람 재설정도 해보고 피씨카톡도 로그아웃, 폰 알람 재설정도 해봤는데 알람 오류가 고쳐지지 않습니다. 연락을 놓치는 경우가 너무 많은데 도데체 언제 업뎃 오류 수정해주시나요? 몇 주째 이렇다보니 너무 짜증나네요. 수정 좀 빨리 해주세요."
,카카오톡 KakaoTalk,날뛰는 돼숭이,2022-01-29T20:19:25-07:00,2,0,ㅠ,인증번호가 안 와요
,카카오톡 KakaoTalk,YouTube사나,2022-01-29T20:04:58-07:00,5,0,좋아요,이모티콘도 다양하고 통화도 무료로할수 있어서 좋습니다
,카카오톡 KakaoTalk,대박이댯큨,2022-01-29T11:46:53-07:00,5,0,핳,근데 글씨체를 좀더 다양하게 만들어주세욥
,카카오톡 KakaoTalk,1203oknq,2022-01-29T05:06:43-07:00,1,0,글씨체,글씨체좀제발 이쁜것좀요 네이버글씨체처럼..
,카카오톡 KakaoTalk,번개맨장터,2022-01-29T07:51:54-07:00,5,0,이모티콘~~,이모티콘 중고거래 기능 생기면 좋을 거 같아요  아님 안쓰는 이모티콘 친구한테 선물할 수 있게 해주세요
,카카오톡 KakaoTalk,뜓쥼,2022-01-29T02:39:27-07:00,1,1,카톡프로필 원래대로하라구요,개거지같은거 다들 바꿔달라는데 개발자 처노나 몇달째 그대로네진짜 차단할때 원래처럼 스와이프기능 살려달라니까 멀쩡한건 없애고 그지같이 지들멋대로 바꿨네 미친ㅡㅡ업데이트 언제 또 할건데요
,카카오톡 KakaoTalk,하시 ㅂ,2022-01-29T02:34:46-07:00,1,0,먼데 하,업뎃안시켰는데 지혼자 하더니 오류났다고 최신카톡버전다시깔래 시 ㅂ 다날라가잖아 카톡대화창이러면
,카카오톡 KakaoTalk,9051167283,2022-01-29T02:32:15-07:00,1,0,내보내기 해제,이거 왜 내보내기 해제하는 창이 안뜨나요..
,카카오톡 KakaoTalk,ㄹㅇ 찐으로 너무너무 편해여 !!,2022-01-29T04:19:39-07:00,1,0,카카오계정이 도용당했는데 어떡해 해야 하나요?,제가 쓰다가 다른 사람한테 해킹을 당했는데 그 계정을 지워주실수 있나요 ? 제가 계정이 안만들어져요
,카카오톡 KakaoTalk,나는야 아바타스타,2022-01-28T21:38:12-07:00,5,0,제발 좌우반전 없애주세요ㅠㅠ,제발제발제발제발제발제발제발 전면카메라 좌우반전 없애주세요 제발제발제발제발제발ㅜㅜ
,카카오톡 KakaoTalk,줄기다리지말고ㅠ여기서 먹어라,2022-01-28T22:17:12-07:00,1,0,멀티프로필 진짜 쓸데 없습니다.,제 남편 휴대폰을 밨는데 멀티프로필을 악용하고 있더라구요 .뭔지 말 안해도 알겠지요. 바람입니다. 물론 당신들의 일이 아니겠지만 이게 개인정보 보호때매 쓰인다고 하기에는 악용하는 사람들도 있어요 그것도 아주 많이.. 없애달라는건 아니고 ..없어지지 않을거지만 멀티프로필이라는것을 상대방이 꼭 알 수 있게만이라도 해주세요. 너무 속상합니다. 한귀로 흘려듣지 않길 바랍니다. 입장 바꿔서 생각 한번만 해 보세요.
,카카오톡 KakaoTalk,머리텅텅빈캐시비,2022-01-28T19:37:42-07:00,5,0,채팅창 상단고정 수 늘려주세욤!!,채팅창 상단고정 수 늘려주세욤!! 딴거 다피료없구 이거 한 10개정도로….5개 넘 적어욤..!.!.!.!.!.!.!.ㅠㅠㅠ
,카카오톡 KakaoTalk,단냥이,2022-01-28T17:41:37-07:00,3,0,왜 프사바꿀때 계속 튕기는거죠?저만 그런가요?,그냥 톡보낼때는 괜찮은데 프사를 바꿀때는 계속 튕기네요. 왜 그런가요?저만그런가요?  업데이트 뜨는거 너무좋아요!!!!
,카카오톡 KakaoTalk,어쩔티비안물티비뇌절티비쿠크로핑퐁,2022-01-29T18:55:45-07:00,2,0,제발 그냥 나이고 뭐고 생기게 해주세요.,"제가 진짜 짜증나는 애 한명이있는데 그걸   카톡에 조그만하게 적고싶은데 영어로 적으면 읽을수있는애들이 훨신많구,멀티프로필뜨지도 않구..14세 아니라서 이러는건가요?  저 진짜  필요해요 멀티프로필!"
,카카오톡 KakaoTalk,우하하함,2022-01-29T08:05:46-07:00,1,0,인증번호,카톡을 지웠다 까는데 로그인을 하고 인증번호를 보냈어요 제번호로 근데 인증번호가 안와 24시간 후 재시도라는데 어떡하죠?
,카카오톡 KakaoTalk,숨기기 기능 만들어 주세요,2022-01-29T05:50:29-07:00,4,0,오픈채팅 숨기기 기능 제발 만들어주세요,카톡 기능 다른것도 다 좋고 그런데 오픈채팅 숨기기 기능은 제발 만들어 주시면 안 되나요ㅠㅠㅠㅠ 솔직히 숨기기 기능이 있으면 너무 편할 거 같아요 채팅방이 너무 많은데 나갈수도 없고 필요한 내용도 잇어서 지울수도 없어서 그냥 숨기기 기능이 잇으면 좋겟어요… 따로 활용성도 있을 거 같고 애들한테 너무 문자 오는데 문자도 너무 많이 와서 그 빨간 네모 상자 보기도 싫어요 그렇다고 나갈수도 없고… 제발 채팅방 숨기기 기능이라도 만들어주세요
,카카오톡 KakaoTalk,최강의 듀오ㅠㅠㅠㅠㅠㅠㅠ,2022-01-29T05:13:41-07:00,4,0,카카오게임 최강의 듀오 왜 없어졌나요ㅠㅠ,엄청엄청 좋아했던 게임 이였는데 사라져서 너무 아쉬워요ㅠㅠㅠㅠㅠㅠㅠㅠㅠㅠㅠㅠ
,카카오톡 KakaoTalk,카톡엿먹어어쩔티비,2022-01-29T17:12:22-07:00,2,0,별 점 주기도 아까움,"ㅇㄴ 갑자기 로그아웃 되서 로그인하궁 인증번호 안와서 계속 했는데 24시간후 다시 시도하라고 함 ,,근데 문자가 그 다음날왔고 심지어 다시 로그인 하려는데 한번했는데도 24시간후 다시 하래"
,카카오톡 KakaoTalk,BohemeJin,2022-01-29T16:28:39-07:00,1,0,인앱 브라우저 강제,기본브라우저 선택을 하게 해주고 링크에서 눌렀을때 다른 브라우저에서 열 수 있는 옵션 제공도 없고 기술이 부족하거나 편의를 위함이 아니라 나쁨
,카카오톡 KakaoTalk,zxcrt2354,2022-01-28T09:48:47-07:00,4,0,멀티프로필,애초에 새 친구로 추가 되는 사람들은 멀티프로필로 설정할 수 있는 기능이 추가 되었으면 합니다 제발
,카카오톡 KakaoTalk,Krxb,2022-01-28T07:57:49-07:00,1,1,사측의 살수를 유저에게?,중고폰애 깔린 카톡 업데이트 안되기에 새로깔았더니 다시 깔았더니만 새로 인증하기 떠서 인증했더니 사용자가 정책위반으로 정지되는 앱이 있다?
,카카오톡 KakaoTalk,Eareca,2022-01-28T05:36:13-07:00,3,0,카카오톡 바뀐 번호로 인증이 안됩니다,전에 바뀌기전 번호로 카톡 아이디가 3개정도 있었는데 탈퇴하고 새로운 번호로 계정 가입을 할려했더니 번호 인증이 안되는 번호라고 뜹니다  카톡으로 회사 사람들이랑 소통하면서 일하는 사람인데 이러면 어떡하나요.. 빨리 조치해서 풀어주셨음 좋겠습니다
,카카오톡 KakaoTalk,셀 닌,2022-01-28T05:25:43-07:00,5,0,폰트개발좀 해주세요!!!!!!!,"아이폰 폰트 개발좀 해주세요,,,,, 이상한것만 만들지마시고,,"
,카카오톡 KakaoTalk,서비스 개선 좀요ㅡㅡ,2022-01-28T05:39:08-07:00,1,1,제발 서비스 개선 좀 하세요,본인인증 오류가 뜨는데도 해결할 방법이 이리저리 서류발급받고 전달하고 복잡하게 하는 수 밖에 없는건가요? 심지어 휴대폰 번호를 바꿔버리면 저 방법으로도 해결을 못하네요. 결국 계정을 새로 파는 중입니다. 이게 최선인가요? 서비스가 정말 정말 불친절해요. 별 하나도 아깝네요.
,카카오톡 KakaoTalk,dusdl123,2022-01-28T04:46:15-07:00,1,0,카카오 서랍기능 없애라,서랍기능이 갑자기 생겨서 예전사진들을 못 보고 있습니다 갑자기 돈 내라구요? ㅋㅋ 진짜 말도 안되는 짓임
,카카오톡 KakaoTalk,제주 사는데 이메일 안보면 본사 찾아감,2022-01-28T04:01:05-07:00,5,0,제발 보호조치 해결해주세요 ㅠㅠ,지금 카톡이 계속 보호 조치 받고 있다고 떠서 안들어가져요 ㅠㅠ 제발 풀어주세요 이메일 한번만 봐주세요 ㅠㅠ
,카카오톡 KakaoTalk,Raphael Gim,2022-01-28T00:30:50-07:00,1,1,짜증남,아니 연락처에 번호만 추가 했을 뿐인대 카카토톡에 왜 친구로 추가가 돼있죠?그러면 프로필을 볼수있잖아요.전 개인정보 유출이 됄수있잖아요.이번 업데이트에선 연락처에 추가됀 전화번호를 카카오톡에서 바로 새로운 친구로 바로 뜨지말고 선택권이 있었으면 좋겠어요.예를 들어 000친구를 추가하시겠 습니까? 라고 선택을 할수 있으면 좋겠어요. 그리고 늘 카카오 와 관련됀 문자가 계속 와요. 제가 아이폰이라 무음으로 설정을 해놔도 진동이 울려서 스트레스를 받아요. 그런 문제점을 좀 봐주시면 좋겠습니다.차단을 해놔도 친구에는 카카오와 관련됀 스팸 이 남아있어요. 이런 문제점을 고쳐주세요.
,카카오톡 KakaoTalk,할류너존,2022-01-27T20:26:43-07:00,2,0,카카오톡 구매하기가 패드는 왜 안되죠??,휴대폰이 고장이 나서 아이패드를 사용중인 학생입니다. 주변 사람들이 생일이 되면 선물을 주고 싶은데 꼭 모바일 기기로만 구매가 가능하니까 너무 불편하네요  ㅠㅠ 저처럼 패드를 쓰는 사람도 있을텐데 이런 점 개선 가능할까요?? 꼭 좋은 답변이 오길 기다릴께요
,카카오톡 KakaoTalk,상태메롱됨,2022-01-28T00:18:04-07:00,5,0,그룹채팅,단체톡방에서 나중에 초대된 사람도 (초대 되기 전 내용) 위에 대화 내용을 볼 수 있는 기능 만들어주시면 감사하겠습니다!
,카카오톡 KakaoTalk,헤헿헿헷,2022-01-27T12:53:06-07:00,4,0,키워드알림,제발 키워드알림 아이폰 복구시켜주세오ㅠㅠㅠㅠㅠㅠ제발오 진짜 너무 불편해요
,카카오톡 KakaoTalk,밍글멩글,2022-01-27T18:59:51-07:00,5,0,채팅방 하단 고정이 생겼으면 좋겠습니다.,카톡 상단 고정 기능처럼 하단 고정 기능 있었으면 좋겠습니다. 나가지는 못하지만 성가신 단톡이 상단에 자꾸 올라오는게 너무 불편합니다. 하단 고정 기능 희망합니다.
,카카오톡 KakaoTalk,잔민고,2022-01-27T19:10:03-07:00,3,0,좋다,아이폰4쓰는데 업데이트 하라고한다
,카카오톡 KakaoTalk,불면증신데렐라,2022-01-27T09:05:04-07:00,4,0,운영정책 위반시 제재에 대한 사유를 명확하게 고지해주세요,"우리나라 국산 앱이기에 진짜 믿고 쓰고 있는데요, 오픈채팅으로 인한 임시제한이 걸렸을때에 제한 사유를 구체적으로 고지해주세요. 그래야 인간들도 그거에 맞춰서 바꿔 나갈수 있는거 잖아요. 그거 말고는 진짜 단점이 거의 없습니다:0"
,카카오톡 KakaoTalk,Whion0408!,2022-01-27T06:51:14-07:00,1,0,카톡이 안돼요 지금.,카톡 사진 보내기 하려고 하면 튕기고 이젠 앱 실행도 안돼요. 이러면 너무 곤란합니다.
,카카오톡 KakaoTalk,메모리정리좀요,2022-01-27T08:31:13-07:00,1,0,아이패드 지문인식 삭제,왜 삭제 한거죠? 이해가 안돼요  다시 복구해줘요
,카카오톡 KakaoTalk,카카오톡에 불만이 있는 사람,2022-01-27T05:33:21-07:00,1,0,아니 진짜 킹받아요 👎,아니 왜 그 표정에 싫어요와 화나요는 없나요? 왜이리 다 긍정적이기만 한가요? 항상 좋기만 해야하나요? 이걸 보신다면 싫어요와 화나요도 추가해두시고요 시간이 좀 남으면 역겨워요도 추가해주세요.
,카카오톡 KakaoTalk,유튜브 막 나가네,2022-01-27T08:43:38-07:00,1,0,프로필 업데이트(?) 표시 없애주세요,제목 그대로
,카카오톡 KakaoTalk,서진윤철,2022-01-27T05:18:31-07:00,5,0,오픈채팅 관리자 메세지 가리기,요즘 오류? 인지 ㅜㅜ 관리자 메세지가 안 가려져요 ㅠㅠㅠㅠㅠㅠㅠㅜ 불편하네요 오류인 것 같은데 ㅜㅠ
,카카오톡 KakaoTalk,글씨체추가해라오바,2022-01-26T23:03:27-07:00,5,0,테마 폰트,테마랑 카톡 디자인 원래모양 네모랑 폰트 ㅈㅂ요 몇달째 기다리는중인데 리뷰같은건 안보시나요ㅠㅠ ??
,카카오톡 KakaoTalk,개나리7,2022-01-27T02:22:57-07:00,1,0,아이폰 Iso 13 이상만 지원되나요?,아이폰 6인데 카톡 실행이 안됩니다.  아이폰 6 에서도 실행되게끔 해주세요.
,카카오톡 KakaoTalk,앱 사용자님,2022-01-26T20:08:02-07:00,5,1,"차단친구, 숨김친구 관리","차단친구, 숨김친구를 해제하고 싶을 때 한 번에 해제되는 기능이 있었으면 합니다.  아니면 선택적으로 해제할 수 있거나 하는 방법으로요"
,카카오톡 KakaoTalk,내겐수학은쉬워,2022-01-27T04:33:36-07:00,3,0,인증번호가 너무 느려도 느려요,제목대로 카톡을 잠시 지워야 해서 지웠다 다시 깔아서 로그인 할려고 이메일 비밀번호 적고 전화번호를 적어 인증번호를 받을려 하는데 너무 안와요 온다 해도 2시간 뒤에 와요 이것 좀 해결 해주세요
,카카오톡 KakaoTalk,애오유ㅜ라옵ㄹㅍㄴ,2022-01-26T19:54:20-07:00,1,0,선물하기 렉 / 결제 렉,렉이 너무 심한데여
,카카오톡 KakaoTalk,귀여웡❤️,2022-01-26T19:05:15-07:00,1,0,지금 사진 안보내지는거,저만 안되나요?? 사진이 전송 안됩니다
,카카오톡 KakaoTalk,나는솔로다,2022-01-27T04:55:56-07:00,5,0,스토리,카카오톡도 스토리 기능 있었으면 좋겠단
,카카오톡 KakaoTalk,크리스영,2022-01-26T17:59:57-07:00,4,0,카카오톡선물하기 대체 뭐하나요?,"차라리 타사처럼 판매자와 직접 응대할 수 있게 해주시던가요 택배파업으로 배송지는 한달뒤에 배송이 된다고 안내만 하시고, 주소는 배송준비중이니 바꿀수없다. 그럼 미리 안내를 해주셔야죠. 할 수 있는게 없으니 그냥 챗봇이랑 대화하는 느낌이에요."
,카카오톡 KakaoTalk,안구건조증은 항상 날 괴롭히지,2022-01-26T19:07:14-07:00,3,0,친구목록에 뜨는 광고 채널 없애주세요,오히려 더 거추장스럽고 하나도 도움안되요 지저분하고  누구 아이디어인지 모르겠지만 정말 불필요한거 같아요
,카카오톡 KakaoTalk,dustn0372,2022-01-26T08:38:25-07:00,5,0,프로필 업데이트 뜨는 기능 없애주세요,업데이트 한 사람들은 빨간점으로 표시 되는게 좋았어요 프로필 자주 바꾸는 편인데 그럴 때마다 사람들한테 뜨는게 너무 싫어요.. 신경쓰여서 제 프로필을 마음 편하게 자주 못바꾸겠어요 제발요
,카카오톡 KakaoTalk,용량 줄여주세요ㅠㅠㅠ,2022-01-26T06:59:55-07:00,3,0,안되나요ㅠㅠ,저 진짜 잘 쓰고 있었는데 폰 오류로 카톡이 지워져서 깔았는데 내용이 다 사라졌어요ㅠㅠㅠ 이거 다시 복구 안되나요ㅠㅠ 중요한 내용들이 많은데.. 제발 부탁 드릴게요ㅠㅠ
,카카오톡 KakaoTalk,하루어러ㅓ쳐뉴ㅓ앛,2022-01-26T17:33:47-07:00,1,0,ㅋ,아오 염병 보이스톡 좀 제대로 해놔 연결이 뭐매일 끊긴데
,카카오톡 KakaoTalk,bam2bear,2022-01-26T13:49:24-07:00,3,0,카톡방 구분,예전처럼 카톡오면 방 이름도 같이 보이게 해주세요 답답해요 안 보이니까 진짜로
,카카오톡 KakaoTalk,영월짱,2022-01-26T16:24:33-07:00,1,0,핸드폰 번호로 친구 추가가 안됨,핸펀 연락처에 없지만 카톡에다가 핸펀로 친구추가 하니 연락번호가 이미 등록 되어 있다면 추가 불가 검색해도 안됨 통합검색이면 번호 이름 단어등으로 검색되어야 하는데 전혀 안됨 웹 고객 센터에는 질문할곳을 어따숨겼는지 찾지를 못하겠어서 여기에 올림 돈만벌지 말고 안정적으로 서비스봄 해줘요 카톡말고 다른거 생기면 난 갈아 탄다
,카카오톡 KakaoTalk,몽몽몽몬모모모몽,2022-01-26T07:33:09-07:00,5,0,🎁선물하기 시간 예약 기능⏱,선물하기 잘 이용 중입니다☺️ 그냥 문득 생각이 나서 요청드리는 건데용 친구 생일에 제일 많이 이용하는데 선물하기에서 미리 선결제하고 00:00 정각에 예약한 선물이랑 예약한 메세지가 뿅하고 전달되면 좋겠어요  그냥 그렇다구요🥺
,카카오톡 KakaoTalk,사랑한다고이녀나,2022-01-26T06:11:09-07:00,3,0,인증번호 좀 주세요 ㅠㅠ,카톡을 다시 깔아야해서 다시깔았는데 인증번호를 계속 안줘서 인증을 계속 실패해요 ㅠㅠ 그래서 24시간 제한먹기도 하고 다시하면 2시간 뒤에 문자가 와서 지금카톡을 못하는 상황이에요 ㅠㅠ
,카카오톡 KakaoTalk,수뉴수유빈비,2022-01-26T04:43:50-07:00,3,0,카톡 선물하기,이상한 카드 크게 뜨는거 없애고 전처럼 다시 바꾸면 안돼요? ㅠ 진짜 너무 촌스러워요 카드들도 하나같이 못생겨서 고를 때마다 현타 와요..
,카카오톡 KakaoTalk,레드핫청양,2022-01-26T02:12:17-07:00,1,0,알림이 안떠요..,잠금 상태에서 알림 안뜸.. 아무리해도 안됨
,카카오톡 KakaoTalk,안알랴줌ㅇ,2022-01-26T04:01:48-07:00,1,1,카카오는 광고 추가 안 한다고 했던게 언제예요,카카오에서 광고 추가 안 한다고 했던 게 도대체 언제예요 하나하나 추가되더니 채널 밑에 졸라 많이 뜨는 저 광고 채널들 좀 어떻게 해보라고요 채팅방 위에 뜨는 광고창 한줄도 눈에 거슬려서 계속 지우는 판국에 아주 그냥 카카오톡 자체를 광고로 죄 다 뒤덮어버리지 그래????? 이러다가 나중에는 광고에 파묻혀서 채팅방 찾기도 힘든날이 오겠네ㅡㅡ
,카카오톡 KakaoTalk,취소 졈요,2022-01-26T00:23:40-07:00,5,0,글씨체,"아이폰이라 카톡에서만 글씨체 바꾸는 재미를 느낄수 있습니다 ㅜㅜㅜ 글씨체 자주 업데이트 해주세요 ,,"
,카카오톡 KakaoTalk,일교시수학,2022-01-26T05:50:23-07:00,1,0,1.3mb밖에 안되는 영상 전송 오류,말그대로 용량이 큰 것도 아닌데 영상이 안보내지네요;; 재전송해도 전송 후에 뜨는 체크v 표시가 안뜨고 계속 x만 뜨네요.. 이유라도 알려주돈가ㅠ 삭제 후 재설치도 해봤는데 여전히 안됩니다ㅠㅠ 제발좀
,카카오톡 KakaoTalk,stop.그만.,2022-01-26T05:03:58-07:00,3,0,Takes a very long time to install the app,"I'd been using this great app since 5th grade in primary school, and recently I deleted the app temporarily to make it as a turning point. Now, I've got emergency situation to contact through this app and I pressed install button but it has not been installed though it has been an hour from when I pressed the button. Please, make sure that the application's system doesn't have any problem."
,카카오톡 KakaoTalk,"바꿔주세요 빨리 ,;,",2022-01-25T20:33:50-07:00,1,1,알림 미리보기 프사랑 내용,옛날처럼 배너에 이름:내용 으로 뜨게해주세요 제발 ;;;;
,카카오톡 KakaoTalk,카톡 뭐하냐,2022-01-25T07:48:54-07:00,1,0,로그인 오류,아까는 그래도 탭은 로그인이 돼있어서 그나마 할 수는 있었는데 탭까지 로그아웃 됐네요 ; ㅠㅠ 좀 빨리 고쳐주세요 ㅠ 제 번호가 뭔 탈퇴한 번혼가요 ;; ㅠ 당장 사용해야해서 그래요 ㅠㅠㅜ
,카카오톡 KakaoTalk,이응이영,2022-01-25T23:48:27-07:00,4,1,오류 좀 제발 고쳐주세요.,아이패드에서 카카오톡 사용 시 꺼지는 현상이 자주 발생해서 잦은 빡침을 겪고 있습니다. 채팅창에서 사진을 공유하기위해 플러스 버튼을 누르면 앱이 꺼집니다. 이상한 기능 추가해서 사용성 떨어뜨리더니 이제는 기본적인 기능에 까지 문제가 계속 생기는데 카카오톡이 지금 베타버전도 아니고 잘 좀 관리 해주셨으면 합니다.
,카카오톡 KakaoTalk,제발 해결 좀 해주세요,2022-01-25T21:33:45-07:00,1,0,인증요청,"갑자기 인증요청이 뜨더니 인증번호 발송을 눌러도 메시지로 인증번호가 오지도 않고 전화번호 변경하기를 눌러도 화면도 안바뀝니다. 오류인 것 같은데 잘 되다가 갑자기 왜 이러는 건지. 카카오톡 문의하기에 글을 남겨도 답장도 오지않고. 카톡이 안들어가지는 상황인데 카톡으로 상담을 하라하니 속터져 죽을 것 같네요. 1577-3754에 전화하여 SMS 메시지로 자세한 사항 보내준다더니 메시지로도 오지않고. 정말 귀신이 곡할 노릇인데. 제발 해결 좀 부탁 드립니다. 방역 패스, 지갑, 카카오페이 다 카카오톡으로 하는데. 일상생활이 불가합니다. 빠른 일처리 좀 부탁드립니다. 제발!!!!!!"
,카카오톡 KakaoTalk,다똥구리,2022-01-25T17:20:24-07:00,3,0,..,아니 이거 멀티프로필이 안돼요 고객센터에 문의 해봐도 뭘 어떻게 하라고 안하시던데..
,카카오톡 KakaoTalk,노스탤직,2022-01-25T18:53:03-07:00,1,0,업데이트 할수록 퇴화하는 어플이 있다?!,뿌슝빠숑 카카오톡은 진짜 전설이다 이 아몰라비쉬들아
,카카오톡 KakaoTalk,ㄱ_ㄹ.,2022-01-25T06:40:59-07:00,2,0,알림이 오지 않습니다.,ios 업데이트로 인한 것인지 정확히 모르겠으나 갑자기 카톡 알림이 뜨지 않네요. 앱에 들어가야 새로온 카톡이 뜹니다. 연락을 많이 놓치고 있네요. 보완 부탁드립니다.
,카카오톡 KakaoTalk,ㅎt,2022-01-25T08:33:31-07:00,1,0,하,아니 제가 친구랑 영상통화를 하다 폰이 꺼졌는데 다시 충전하고 카톡을 들어가니까 카톡 계정이 사라지고 카카오톡 다시 시작 하라고 뜨는데 전화번호 다 하고 이것저것 다 해봤는데 안돼요 어이가 없네요 전 누구랑 연락 합니까
,카카오톡 KakaoTalk,im_jesse,2022-01-25T05:41:39-07:00,1,0,알림 누르면 딜레이가 너무 심해요.,"언젠가부터인지 모르겠는데, 보통 매시지가 왔다고 알림이 와서 팝업 뜨는걸 누르면 그 메시지가 안떠요. 한 십초 이상 기다리면 그때서야 메시지가 채팅방에서 보입니다… 그냥 참고 쓰긴 하는데 너무 신경쓰이고 불편하네요.."
,카카오톡 KakaoTalk,진짜 별,2022-01-25T05:24:17-07:00,3,1,광고탭 분류!!!!!!!!!!!!!!,광고탭 분류 시급★★★★★  읽음으로처리 시급★★★★★
,카카오톡 KakaoTalk,혜블,2022-01-25T05:07:58-07:00,1,0,왜 고정 카톡방 밑에 카톡방 삭제하면 고정이 삭제되냐고,그야말로 개빡침
,카카오톡 KakaoTalk,닉네임중복을막아보자꾸나,2022-01-25T04:29:31-07:00,5,0,고정 가능한 채팅방 개수 늘리기,"상단 고정 가능한 채팅방개수를 늘리는 걸 제안합니다. 현재 5개까지밖에 안되는데, 10개 정도로 늘려주시면 어떨까요. 이 기능을 실제 쓰는 사람이 그리 많지 않을 수 있지만, 매일 쓰는 사람에게는 정말 유용할 것 같습니다. 이렇게 바꾸더라도 다른 사용자들에게 불편이 가해지지도 않습니다. 많이 어려운 일일까요..? 답장하기 전에 고정시켜둠으로써 카톡을 놓치지 않을 수 있거든요. 업데이트 적극 고려 부탁드립니다.."
,카카오톡 KakaoTalk,ramie8,2022-01-25T03:33:29-07:00,2,0,단체톡방 스크롤 자동하강,업데이트 후 단체톡방 이용할때 못읽은 톡 내용들 읽고싶은데 강제로 스크롤이 떨어져서 엄청 불편해요! 개선 부탁드립니다
,카카오톡 KakaoTalk,화가나는혼똔,2022-01-25T02:55:19-07:00,1,0,아니 대체 왜 튕기는건데,잘 되다가 갑자기 대화 잘리고 튕기고 들어가지지도 않고 데이터 잘 돌아가는데 왜 그러는건지 이유좀 제발; 유명한 앱이면 좀 제대로 좀 가꾸어 주세요 제발좀 급할때 이 ㅈㄹ 이면 진짜 개화나니까
,카카오톡 KakaoTalk,초코소년,2022-01-25T00:26:01-07:00,3,0,아이폰만 갑자기 벽타기가 안되요.,800명있는 단톡방에서는 지난글 보는게 필수인데 최근 업데이트 이후에 지난글 보면서 천천히 내려가는게 안되고 누가 글쓰면 최신글로 바로 내려가버립니다.  수정부탁합니다.
,카카오톡 KakaoTalk,민조이_,2022-01-24T19:23:04-07:00,5,1,채팅방 그룹짓기,"채팅방에 그룹채팅이 여러개있는데, 회사용은 회사용대로 어느모임 채팅방은 어느채팅방대로 그룹을 지을수있으면 좋겠어요 ㅠㅠ 채팅방이 넘 많다보니까 복잡한것도 있고 정리가되면 좋을것같애요 ㅠㅠ 만들어주세오~!~!"
,카카오톡 KakaoTalk,에벱ㅃ베벱,2022-01-24T22:31:24-07:00,3,0,아이패드 어플 튕김,두 달 전부터 채팅을 하다가 이모티콘이나 사진을 보내려하면 어플이 꺼집니다. 아이패드에어4인데 폰에서는 안그러는데 얘만 그러네요. 오류수정부탁드립니다.
,카카오톡 KakaoTalk,HiNative_J,2022-01-24T19:07:59-07:00,5,0,카카오톡 업데이트 너무 좋아요! 그런데…,주기적으로 업데이트 해주시는 거 모두 너무 좋아서 잘 쓰고 있어요 :) 한가지 개선사항이 있다면 2인 채팅방에서도 라이브톡이 가능하게 해주세요. 2인끼리도 라이브톡 하면 너무 좋을 것 같아요 ㅠㅠㅠ
,카카오톡 KakaoTalk,쑨살,2022-01-24T20:43:15-07:00,1,0,이번 업데이트 후 스크롤 유지가 안되는 오류가 있네요;,"채팅방에 새글이 많이 쌓여있을 때, 안 읽은 글들부터 읽어내려가다가 새글이 추가될 경우. 예전 버전에서는 스크롤 유지가 됐었는데, 이제는 최신 글로 스크롤이 이동해버립니다;  수정 부탁드려요."
,카카오톡 KakaoTalk,카카오 탈모??,2022-01-24T18:54:49-07:00,2,1,프로필 업데이트 되는거 지우셈,님들아 이렇게나 많이 요청하는데 이젠 슬슬 업뎃 해야지 좋은 아이디어이긴 한데 남들한테 내 프로필 업뎃 될때마다 보이는거 싫다 안바꾸면 라이언처럼 카카오 직원 전원탈모
,카카오톡 KakaoTalk,민 윤 기 사랑해,2022-01-24T18:52:14-07:00,2,0,히히오줌발사,왜 감정에 화나요 없죠 반항인가요 화나요 추가 해주세요 톡도 1개 왔는데 2개 왔다고 뜨고 화나고 어이없네요
,카카오톡 KakaoTalk,허니잼ㅎ,2022-01-25T01:46:03-07:00,4,0,이모티콘 즉시 삭제 기능 추가,"안녕하세요! 이모티콘 플러스 이용자에요. 이모티콘 설정창에서 클릭했을때 숨기기만 가능한데, 즉시 삭제하는 기능이 있었으면 좋겠습니다. 안 쓰는 임티가 점점 쌓이고 있어서 개선 부탁드립니다 ^~^"
,카카오톡 KakaoTalk,디뭉,2022-01-25T02:21:16-07:00,1,0,"카톡 알림 오류, 애플워치 페이스아이디 연동, 그리고 업데이트 되고 이름 밑에 내용뜨는데 그냥 한줄로 이름: 블라블라 이렇게 바꿔주시면 안되나요..?","알림 바뀐거 오히려 보기 더 불편해요ㅜ 거슬리고 그냥 이름 바로 옆에 내용이 나왔으면 좋겠습니다  그리고 애플워치 차고있으면 페이스 아이디 잠금 카톡도 풀렸으면 좋겠는데 이건 업데이트로 해결이 안되는건가요,, 너무 불편합니댜 카톡알림오류는 업데이트 하고나서 상대방 카톡에 8이라고 되어있으면 대화방 들어가면 와있는 내용은 2-3갠데 한명꺼만 저러는게 아니고 다른 사람 카톡도 숫자 오류가 나는거같은데 왜 이러는건가요....."
,카카오톡 KakaoTalk,카톡의민족,2022-01-25T00:38:55-07:00,4,0,톡서랍 어플 추진해주세요!,아이패드로 카톡 받고싶지않은데 톡서랍 이용하려면 카톡을 깔아야하네요... 톡서랍 전용 어플을 만들면 톡서랍 이용도가 올라가지않을까 싶습니다! 톡서랍 앱 만들어주세요~~~
,카카오톡 KakaoTalk,진실반담,2022-01-24T20:04:35-07:00,3,0,오픈채팅방 관련,새글 올라오면 새글로 내려가는 기능 빼주세요 지난들 보다가 새글 올라오면 새글로 가니까.. 지난글보러 다시 돌아가다가 새글나오면 또 새글로 돌아가요.. 안그랬는데 업데이크하고 그러네요.. 제발 다시 원복 부탁합니다..
,카카오톡 KakaoTalk,만두817,2022-01-24T19:30:21-07:00,1,0,오류좀 고쳐주세요,왜 카톡 알림이 두배가 되어서 뜰까요??
,카카오톡 KakaoTalk,바운스볼 개 ㅂㅅ들,2022-01-24T17:48:54-07:00,1,0,오카,오픈카톡방에 300개 넘개 와있길래 위에서 부터 읽고 있는데 사람들이 채팅 칠때마다 밑으로 내려가버리자나 좀 고쳐봐요
,카카오톡 KakaoTalk,막흐툽,2022-01-24T16:53:21-07:00,3,0,딜레이가 너무 심한데..,알람 떠서 카톡 키면 안 들어와 있음.. 1~2분 지나야 들어오는데 이거 무슨 문제인가요?
,카카오톡 KakaoTalk,우병우아들,2022-01-24T17:47:12-07:00,5,0,채팅방 가리기 기능 제발,제목이 곧 내용
,카카오톡 KakaoTalk,다람 1234562,2022-01-24T05:51:17-07:00,1,0,미쳤나봐요 카카오톡 —,단체톡 벽타기중인데 아무것도 안눌러도 밑에  새로운 글 올라오면 자꾸 내려가요
,카카오톡 KakaoTalk,By mercedez85,2022-01-24T10:20:17-07:00,5,0,차단시에 저절로프사도 안보이게 해주세요,다 일일이 찾아서 내프로필 비공개 해야하고 아니면차단친구에 전체 선택 편집 기능을 좀 넣어주세요 그리고 단톡에서 누군가 글을 쓰면 제가 읽던부분에서 밑으로 내려가는 바람에 벽타기가 불가하네요ㅠㅠㅠ
,카카오톡 KakaoTalk,즉석호떡,2022-01-24T16:34:10-07:00,3,0,카톡 디자인 네모로,ㅈㅂ 네모로 다시 바꿔 주시면 안 될까요.. 저 네모 카톡 너무 그리워서 따로 다운받아서 쓰고잇어요... 아니면 다크모드처럼 네모버전도 가능하게 추가해 주세요 ㅜㅜ
,카카오톡 KakaoTalk,우니미밈,2022-01-24T07:45:32-07:00,1,0,멀티프로필 없애주세요,저건 솔직히 악이용 하는사람들이 너무 많기도하고 카톡회사 입장은 뭐 남인생 알빠 아니겠지만 악이용하는 사람들도 많고 당하는 사람들도 너무 많이 생기는거같습니다
,카카오톡 KakaoTalk,ㅜㅜㅜㅠㅜㅠ,2022-01-24T05:24:03-07:00,1,0,채팅내용 올려읽기 불가,아이폰 사용자 카카오톡 채팅방의 대화내용 올려읽기가 안됩니다. 갑자기 안되는데 해결방안이 없네요.
,카카오톡 KakaoTalk,똑똑한사자,2022-01-24T04:56:06-07:00,1,0,뭐야,업뎃하고나니까 새 카톡오면 위에 읽고있다가도 맨 아래로 내려와서 예전카톡 읽을 수가 없음. 왜 이렇게 바뀜??
,카카오톡 KakaoTalk,들판의 라마,2022-01-24T04:18:21-07:00,1,0,카톡 오류 좀 수정해주세요,카톡 위에 읽고 있으면 자꾸 마지막 톡으로 이동되서 다른 톡을 읽을 수가 없어요
,카카오톡 KakaoTalk,SA3YU,2022-01-24T04:12:55-07:00,1,0,새 메시지 카운트가 두배로 떠요,4개 떠서 확인하면 두개 와있고 카운트가 두배로 보여요
,카카오톡 KakaoTalk,사크인데요,2022-01-24T07:08:43-07:00,3,0,오류 좀 고쳐주세요 ㅠㅠ,아무것도 안했는데 이유도 알려주지 않고 오픈채팅을 정지 먹이네요 ㅠㅠ 이유가 없는데 갑자기 이래서 불편함을 겪고 있어요 좀 고쳐주세요!!
,카카오톡 KakaoTalk,별명 튀,2022-01-24T01:52:20-07:00,1,0,카톡 다운로드가 안돼요,카톡 다운로드는 안돼고 계속 로딩만 되요
,카카오톡 KakaoTalk,똥꽁그으으,2022-01-24T05:34:18-07:00,3,0,업데이트 후 이상 증상,업데이트 하고 톡방 가서 밀린 톡들 읽을라하면 아래로 바로 내려가서 정독이 안되네요 다시 올려도 또 다시 최근 톡으로 내려가네요 오류 수정 바랍니다 ㅠ
,카카오톡 KakaoTalk,Dcwgbtfg,2022-01-24T07:45:10-07:00,1,0,렉 좀 제발 아오,아아아아아 스트레스받아
,카카오톡 KakaoTalk,barbiedoll1004,2022-01-24T01:49:31-07:00,1,0,아니,단톡에서 5분만에 자동으로 내용삭제되는 기능좀 만들어주시요ㅡㅡ불안해가꼬 지미 친구들이랑 토크도 제대로 못하고있수다 꼭 잔 만들어주쑈잉
,카카오톡 KakaoTalk,경기도서선생,2022-01-24T04:01:35-07:00,1,0,아이폰 동영상 전송 중 홈화면 전환시 전송오류 발생합니다.,아이폰 동영상 전송 중 홈화면 전환시 전송오류 발생합니다. 왜 그럴까요~???
,카카오톡 KakaoTalk,개선필요함니더,2022-01-24T07:48:27-07:00,5,0,카카오톡 이모티콘,이모티콘 숨기기에서 기본 임티도 숨기기하고 싶었요ㅠㅠㅠㅠㅠㅠㅠㅠㅠㅠ 그게 쓰지두 않는데 나와 있는거 너무 합리적이지 않아요.. 되게 신경쓰인다구요ㅠㅠ 그리구 이모티콘 안 쓰는거 다른 친구한테 선물하기 할 수 있게 해주세요ㅠㅠ 안 쓰는거 가지고 있어봤자 많기만 하고 그닥 ㅎ.. 그거 선물할 수 있음 너무너무 좋을것 같아요! 임티 선물하기 내가 갖고 있는것두 선물할 수 있게 해주세요!!!!!
,카카오톡 KakaoTalk,allgami,2022-01-24T02:51:19-07:00,1,0,채팅 자동으로 아래로 가는 문제,위에 채팅 쌓여서 보고 있어도 누군가 채팅 치면 자동으로 가장 아래로 가는 문제 해결바랍니다
,카카오톡 KakaoTalk,반하연,2022-01-24T06:30:23-07:00,5,0,이것좀 고쳐라,카톡 알림이 두배로 온다. 오류 고쳐라 ㅈㅂ 자꾸 카톡이 튕긴다 고쳐라 진짜 제발 고쳐라
,카카오톡 KakaoTalk,카톡알림안됨,2022-01-23T23:31:43-07:00,1,1,카톡알림을 받고 싶어요.,iOS 업데이트 이후 알림이 안떠요. 돌아다니는 방법을 모두 찾아서 해봤는데도 소용 없었어요. 카톡에서 os대응이 필요할듯 합니다.
,카카오톡 KakaoTalk,오징잉어g,2022-01-24T01:40:08-07:00,5,0,모르겠어요ㅠㅜ,제가 친구랑 게임할 때 메세지를 내려서 알림끄기? 를 했는데 전체적으로 알림이 안 울려서 일일이 카톡을 수시로 들어가서 확인을 해야하는ㄷㅔㅠㅜ 채팅방을 보면 그 종모양? 엑스로 쳐져있는 것도 아닌데 알림이 계속 안 울려요ㅠㅜ
,카카오톡 KakaoTalk,알아서머하게><,2022-01-23T17:42:34-07:00,2,0,카톡인증번호,아니 카톡 인증번호 제가 카톡 지웠다깔았거든요 근데 제계정으로 로그인할려고 전번 적고 인증번호를 할려는데 24시간후에 시도하라고하는거에요;;어떡하라는거에요ㅠ
,카카오톡 KakaoTalk,뿌니짜,2022-01-23T22:43:45-07:00,2,0,카톡 올 때 상단바,카톡 올 때 상단바 이름 -내용  전처럼 직렬로 해주시면 안되나요?  이름  ——— 내용 뜨는거 너무 불편햐요;
,카카오톡 KakaoTalk,하앙지은,2022-01-23T15:47:33-07:00,1,0,업데이트,"업데이트 하고선 톡이 아예 안 들어가지는데 어떡하나요 ,, 자고 일어났는데도 안 들어가지는데"
,카카오톡 KakaoTalk,허쉬 아이언맨,2022-01-23T15:46:31-07:00,1,0,로그인 전화 횟수 무제한,어니 업데이트 하면서 전화로 다시 로그인 하는 것이 너무 불편해요. 전화 신청 횟수가 무슨 왜이리 적어요. 이러면은 다른 사람들이 나갔다 들어오거나 다른 컴퓨터로 들어올 때 엄청 불편해요. 비번 요청 제한 횟수 무제한으로 해주세요
,카카오톡 KakaoTalk,+ 𝕐𝕦𝕟𝕒 🔫,2022-01-23T09:27:34-07:00,1,1,데이터 문제인가요..?,아니 진짜로 데이터를 켜도 카톡 위에 알람은 뜨거든요? 일단 저는 애플이고 알람은 위에 뜨는데 들어가면  대화내용은 네트워크 있었을때만 했었던 대화내용만 뜨고 네트워크가 없을때 데이터를 키면 데이터를 켰을때 보낸 새로운 메세지가 들어가면 안떠요 ㅠㅠ + 데이터는 많이 쓰지도 않았고 확인해보니 데이터는 많이 남아있었어요 이거 왜이런가요ㅠㅠ
,카카오톡 KakaoTalk,유선너굴,2022-01-23T07:51:34-07:00,5,2,제가 모르는 사람이 제 프로필 보는게 무서워요,"요즘같이 신상정보를 잘 파악할 수 있는 세상에서 (방문기록명부,자동차 번호 등) 번호만 저장하면 제 사생활을 훔쳐 볼 수 있다는게 너무 무섭습니다ㅠㅠ저번에 누가 제 번호를 저장해서 제 프로필 사진을 보고 제가 사는 동네를 유추하더라구여..멀티프로필도 제가 알아야 설정을 할 수 있어서ㅠㅠ서로 친구추가가 된 상태가 아니면 볼 수 없거나 다른 블라인드 기능을 넣어주셨으면 좋겠습니다ㅠㅠ"
,카카오톡 KakaoTalk,쬬잉끼,2022-01-23T06:43:24-07:00,5,0,너무나도좋네요,소통하기편햐용
,카카오톡 KakaoTalk,로즈랍니당,2022-01-23T03:16:28-07:00,5,0,별점 높게 하면 뜨길래,이제 카톡 없으면 못 살겠네요
,카카오톡 KakaoTalk,해영지,2022-01-23T03:22:09-07:00,1,0,별 하나도 아깝네요,인증번호가 안 와서 계속 기다리고 재발급 하다가 24시간후에 재시도 하라고 해서 기다렸는데 한 14시간 후에 인증번호가 막 옵니다. 인증 전화도 안 오고요 그리고 분명 로그인에 인증까지 다 했는데도 다시 인증번호를 입력하라는 창이 뜨네요 카톡대신에 메세지 씁니다;;;;;;;
,카카오톡 KakaoTalk,znejznjw,2022-01-23T02:10:37-07:00,4,0,뭐임?,카톡으로 보이스톡하거나 페이스톡 하면 카톡앱안에서 터치가 안되는데 이게 오류인가요? 제 폰이 이상한건가요? 이전까지 안그러다가 이번에 업데이트 하니까 이러네요
,카카오톡 KakaoTalk,𓅿𓂭 𓊄𓂭 ⍤⃝𓂭 𓃇𓂭 𓂻𓂭,2022-01-23T01:19:41-07:00,4,0,제발 멘션제한 없애주세요,엄청 중요한 공지가 있는데 방 사람이 60명이 넘는 방에서 제가 한꺼번에 멘션을 못해요 15명 제한으로 인해서 멘션을 한꺼번에 못해요 제발 수정해주세요
,카카오톡 KakaoTalk,희희낙낙끼룩끼룩,2022-01-23T00:51:16-07:00,4,0,이거 하나만 고쳐주신다면..,프사 바꿀 때 잘못 산택해서 바꿨는데도 현재 사진은 지울 수가 없게 되어 있어서 그 사진 못 지울 때마다 짜증나요 ㅠㅠ 물론 제가 잘못 선택했을 때도 있지만.. 고쳐주세요..
,카카오톡 KakaoTalk,ㅈ리뷰,2022-01-22T21:15:08-07:00,5,0,스토리 공유 할 수 있게 해주세요,다른 건 다 좋은데 인스타나 페이스북처럼 스토리 올릴 수 있게 해주셨으면 해요 자기 프로필 누르면 스토리 올라갈 수 있게
,카카오톡 KakaoTalk,두부붑붇둡,2022-01-22T21:09:52-07:00,1,1,이름 검색하면 차단 할수있게 해주세요,열심히 스크롤 내려서 겨우 차단해야하고 그냥 이름 검색해서 차단하고싶어요 제발요 앱좀 제발 제대로 만들어주세요 시봉방 망할 ios
,카카오톡 KakaoTalk,cupear13,2022-01-22T17:16:07-07:00,1,2,그만 좀 업뎃하자,용량이 너무 커요 너무 불편해요 쓸데없는 기능 좀 없에도록 해요
,카카오톡 KakaoTalk,🐷사람🐷,2022-01-22T05:11:11-07:00,3,1,멀티 프로필,아니 지갑이 있는데도 멀티 프로필이 안되는 이유가 뭔가요?이것 좀 수정해주세요
,카카오톡 KakaoTalk,어린애,2022-01-22T08:44:55-07:00,3,0,애플워치 QR 백신정보까지 추가해주세요,방역패스가 필요한 곳에선 무용지물입니다. 굳이 워치로 힘들게 체크인했는데 식당에서 헛수고하게 됐네요
,카카오톡 KakaoTalk,오징어게임진심녀99,2022-01-22T02:01:16-07:00,1,0,"공지, 투표 확인하려고만 하면 오류떠서 불편해요",빠른 시일 내에 고쳐주셨으면 합니다 ㅜ
,카카오톡 KakaoTalk,남쪽별 뜬 새벽밤,2022-01-22T04:24:51-07:00,1,0,흠…왜 다운이 안 될까요?,카톡 다운이 대기중이라고 뜨고 다운이 안 되는데… 어떡하죠?
,카카오톡 KakaoTalk,기임용한,2022-01-22T05:02:53-07:00,5,0,버그 고쳐주셨으면 좋겠어요,제가 카카오톡을 사용하는데 갑자기 휴대폰 배터리가 꺼졌거든요 그래서 다시 충전해서 키고 카카오톡 들어가는데 다시 로그인 하라는거에요 그래서 로그인을 하는데 다시 복구 할려면 2주동안 있어야 되서 불편해요 그리고 보이스톡을 하는데 계속 화면이 꺼졌다 커졌다 하는것도 불편해서 진짜 고쳐졌으면 좋겠습니다 옛날엔 않 그랬는데….ㅜ
,카카오톡 KakaoTalk,ㅎ가히,2022-01-22T01:53:47-07:00,5,0,오픈채팅 오류& 오픈채팅 그룹통화,"안녕하세요. 오픈채팅 사용하고 있는 유저입니다. 오늘 새벽부터 갑자기 오픈채팅방에 있는 모든 공지글, 포스트가 잘 안 보입니다. 처음에는 점검 중이겠거니 하고 넘겼는데 몇시간에 이러고 있으니 정말 답답합니다. 빠르게 해결해 주셨으면 좋겠습니다. 또 오픈채팅 그룹통화를 사용할 수 있게 해주셨으면 좋겠습니다. 그룹통화를 할려면 실제 프로필을 공유해서 통화를 해야하는데 그러기엔 저희의 사생활이 노출이 돼서 너무 부담스럽습니다. 그 부담감을 줄이기 위해 오픈채팅 그룹통화를 넣어주세요. 항상 카카오톡 사용하는 유저들을 위해 일해주셔서 감사합니다"
,카카오톡 KakaoTalk,친절따뜻,2022-01-22T20:18:15-07:00,1,1,애플워치 2세대는 카카오톡이 안되요,애플워치 2세대를 아무 문제없이 잘 사용하고 있었는데 어느날 갑자기 카카오톡 메세지가 안 들어와서 알고보니..카카오톡에서 애플워치 2세대 iOS는 더이상 지원을 안한다고. 2세대도 지원되도록 업데이트 부탁드려요
,카카오톡 KakaoTalk,마으미야,2022-01-22T02:08:40-07:00,5,0,카카오톡 투표 에러 고쳐주세요,투표가 자꾸 ㅇㅔ러나요 보이지도않구 얼른 고쳐주세요!!
,카카오톡 KakaoTalk,희희1011,2022-01-22T02:02:09-07:00,1,0,카톡 서버가 이상해요,카톡 잘 쓰고 있는 유저 입니다. 갑자기 잘 쓰고 있다가 서버가 안 터지네요. 이거 고쳐주세요.
,카카오톡 KakaoTalk,응애 나 아기 담,2022-01-22T01:15:22-07:00,3,0,렉,렉
,카카오톡 KakaoTalk,신의 자능 보유,2022-01-22T01:29:45-07:00,2,0,렉,렉걸려요
,카카오톡 KakaoTalk,canaminar,2022-01-21T21:09:01-07:00,3,0,아이폰xs 카톡 알림음 안뜸,잘쓰다가 2일전 업데이트 하더니 알림이랑 카톡 와있는 개수가 안뜨네요 방해금지도 아니고 알림설정 끈것도 아닌데 앱을 직접 켜야 그제서야 밀렸던 카톡이 한번에 뜹니다
,카카오톡 KakaoTalk,3eun,2022-01-22T00:17:04-07:00,4,0,카카오프렌즈 채팅방 배경,카카오프렌즈 채팅방 배경화면 다른 채팅방에서도 사용할 수 있게 해주시면 안되나요?? 기다릴게요
,카카오톡 KakaoTalk,뭘보냐곰,2022-01-21T18:00:29-07:00,3,0,14세미만 접종정보 불러오기,아니 진짜 접종정보 좀 불러올 수 있게 하면 안돼요? 제가 14살인데 14세미만은 접종정보를 불를 수 없다고 되드라고요. 저는 2차까지 접종했는데 접종대상이 아니라니…빨리 업데이트 해서 만 14세미만도 접종정보 불러오기 하게 해주세요.
,카카오톡 KakaoTalk,ㄴㅈㅅㄴㅊ,2022-01-21T19:28:43-07:00,5,0,알림 뜰 때,카톡 오면 원래   홍길동 : ㅎㅇ   이렇게 떴는데 업뎃 이후에   홍길동 ㅎㅇ   라고 떠서 보기가 좀 불편해요 ㅜ
,카카오톡 KakaoTalk,K-_#고쓰리,2022-01-21T10:40:21-07:00,1,0,옾프 3개 제한은 너무 합니다,학교에서 쓸 게 얼마나 많은데 ;;
,카카오톡 KakaoTalk,시엘🌙,2022-01-21T17:53:28-07:00,5,0,사진 보내는 거,"안녕하세요!! 카톡 잘 쓰고 있는 사람입니다!! 본론으로 들어가자면, 사진 보낼 때 너무 불편해요ㅠㅠ 한 번에 30장씩 되니깐 좀 불편해서... 뭐, 안된다면 어쩔 수 없지만 사진을 한 번에 몇십 장씩 보낼 수 있도록 해주시면 감사하겠습니다! (지금도 몇십 장인ㄷ) 쨌든 30장보다는 한 한번에 90장...?(선넘었다) 핳ㅎ 그래서 묶어보내기로 30장씩 묶어서 한번에 90장 되면 좋겠다고 리뷰 남기는 거니깐요! 그리고 사실 카톡 정말 맘에 들고 잘 쓰고 있어요! 특히 오픈채팅이에요! 이만 끝내도록 하겠습니다?"
,카카오톡 KakaoTalk,사람임사람임사람임,2022-01-21T04:35:32-07:00,3,0,튕겨요,아니 계속 접속할 때마다 튕기고 채팅방에 줄 생기고 도대체 뭐예요? 줄 생기면 너무 불편하고 그냥 튕기는 거는 어쩌자는 거죠? 그냥 대화도 하지 말라는 얘긴가요? 튕기는 것과 채팅방에 이상한 줄 생기는 거 고쳐주셨으면 합니다. 튕기는 거는 그렇다 쳐도 줄 생기는 거는 좀 많이 겪었던 현상이라서요.
,카카오톡 KakaoTalk,스타일주아,2022-01-20T20:00:07-07:00,5,0,카톡방나가기,안나가는 카톡방있는데 실수로 나가버려서 속상하네요 하.... 잠금기능같은걸 달아서 중요한 카톡방은 비번을 치게하던지 같은 기능 없을까요 복구도 못하고 ㅠㅠㅠㅠ
,카카오톡 KakaoTalk,뀨~~~~~,2022-01-20T19:32:38-07:00,5,1,몰폰 하는 방법,1.채팅창에 # 치기 2.뒤에 아무거나 쓰기(#네이버바로가기)(띄어쓰기X) 3.그럼 위에 글씨가 뜨는데 그거 누르기 끝!
,카카오톡 KakaoTalk,아이폰12프로유저임,2022-01-20T18:26:54-07:00,1,0,앱 요즘 왜이래요?,로딩도 엄청 느리고 보내지지도 않고 폰 새폰에 아이폰12프로인데 왜 이러냐고요 저장공간도 많고 업데이트도 해주는데 너무 버벅거리니까 쓰는데짜증나서 미치겠어요진짜 문자도 이거보단 빨리갈거같은데 재설치해도 안되고 어떻게좀 해보세요
,카카오톡 KakaoTalk,gommafks,2022-01-20T14:14:25-07:00,3,0,자꾸꺼져요 ㅠㅠㅠㅠ,자꾸 앱이 꺼져요 ㅠㅠ 친구화면으로 자꾸 켜지구여~
,카카오톡 KakaoTalk,예쓔617,2022-01-20T13:14:09-07:00,5,0,문의드릴 사항이 있습니당!,누적되어있는 프로필 사진이나 배경사진들이 많을 때 한번에 “나만보기” 설정을 할 수 있게 해주시면 정리하는데 훨씬 편할 것 같습니다 ㅜㅜ
,카카오톡 KakaoTalk,익며어어엉어ㅓ어엉,2022-01-21T10:24:30-07:00,4,0,하나의 단저엄..,음..일단 정말 좋아요 카톡은 정말 좋죠 여러사람들과 대화할 수 있고 모르는 사람들과도 금방 친해질 수 있고 그런데 진짜 카톡에 에러가 났는지 오픈챠팅방에서 단체로 공지겉은거에들어가는거 됐다가 안 됐다가 하더라고요..그 부분만 좀 고쳐주면 진짜 완벽할 것 같아요
,카카오톡 KakaoTalk,djxnfnxnz,2022-01-20T06:54:08-07:00,5,2,제발 업뎃 하지마라,왜 펀이랑 뉴스 없앤건지… 진짜 불편해요 옛날엔 다 그걸로 봤는데 이젠 검색기능까지 사라져서 너무 불편합니다. 굳이 네이버나 사파리로 봐야되나 싶고…  제발제발 돌려주던가 아님 그 기능을 다시 추가하세요….. 카카오뷰는 재밌지도 않고요… 이렇게 부탁드려요 이럴거면 걍 메시지로 갈아탑니다….. 1점짜리 5점 드려요.. 웬만해선 리뷰 안남기는데 이건 너무 불편해서 작성합니다 지발 부탁드려요
,카카오톡 KakaoTalk,sum1_96,2022-01-20T22:37:36-07:00,2,0,왜자꾸 멈추죠? 일안하네 요즘,요즘 자꾸 멈추고 작동 안되고 껏다가 키고 다시되고 반복이네요. 왜이러죠?
,카카오톡 KakaoTalk,Ckdwnsvkdnj,2022-01-21T00:48:42-07:00,4,0,전송 버튼좀 크게 해주세요 ㅠㅠ,채팅창 전송 버튼이 아이폰은 작아서 자꾸 ㅔㅔ가 눌리거나 전송이 잘 안눌립니다 전송버튼 크기좀 키워주세요...
,카카오톡 KakaoTalk,소추,2022-01-20T22:22:01-07:00,4,0,무거움,리뷰 보니까 참 말도 안되는 요구 하는 사람들도 많네. 그런데 앱에 여러 기능들이 많아서 무거운건 사실임.
,카카오톡 KakaoTalk,요호오오튜ㅗ텅,2022-01-21T06:22:27-07:00,4,0,아이폰도 방해금지시간대 설정,안드로이드는 방해금지 시간대 설정이 되던데요 아이폰도 그 기능 만들어 주세요ㅠㅠㅠ 참 잘쓰고 있었는데ㅜㅜㅜ ㅇ아이폰 넘어오면서 없어져서 너무 불편 합니다ㅠㅠㅠ 부탁드립니다ㅠㅠ
,카카오톡 KakaoTalk,🤍🍎,2022-01-20T21:08:52-07:00,1,0,제발,제발요 카톡 다시 지웠다 깔았는데 인증요청 하라니까 인증번호도 안 오고 다시 시도 해보니까 24시간 후에 하라네요 제발 인증번호좀 제대로 보내게 하세요 ;;;;; 카톡 못 하면 책임 지실껀가
,카카오톡 KakaoTalk,ㅎㄹㄷ벼ㅐ,2022-01-20T10:27:06-07:00,5,0,애플워치로 QR체크,접종정보가 안나와요
,카카오톡 KakaoTalk,쿜ㅌ,2022-01-21T06:46:36-07:00,3,0,인증번호,로그아웃했다가 로그인 하려니 인증번호가 안 와요 계정이 여러개?인데 소설보려고 이것저것 로그인했더니 안되요ㅜㅜ 혹시 이거때문인가요..?
,카카오톡 KakaoTalk,히키모,2022-01-20T06:46:05-07:00,1,0,이정도면 엿맥이는 건가요,"카톡정지 정확히는 아니여도 확실히 60일 이상 기다렸습니다. 그래서 카톡에 들어갔더니 네트워크 때문에 카톡을 지우고 다시 깔았는데요. 갑자기 이용조치가 뜨고 카톡을 못 보내고 못 받고 못 접속하게 되었습니다. 제가 그 전에 잘못한 거 알고 기다렸습니다. 부계정을 만들려고 시도를 했으나 뭔가 죄송한 마음에 하지 않았고, 정확하지도 않는데 그걸 기다렸습니다.근데 갑자기 오래 기다려서 풀렸더니 아무것도 안 하고 접속을 하려 했을 뿐인데 다시 맥이는 건 무슨 업보죠?"
,카카오톡 KakaoTalk,전채경,2022-01-20T04:26:42-07:00,1,0,부계랑 본계 왔다갔다 하다 생긴일,제가 본계랑 부계를 왔다갔다 했거든요? 근데 뭐 횟수 추가나 뭐라나 전화번호를24시간 뒤를 기다리면 됄것을 전화번호 변경을 눌렀어요 근데 안나가지고 뭐 비밀번호 찾기 누르면 더이상 해결책이 없다 뭐 ㅇㅈㄹ 하거든요 고객센터 안눌러지고 뒤로가기 안눌러지고 진짜 거기에 중요한문자있는데 ㅇㄴ 진짜 제발ㅜ 고쳐지면 별5개 드림..
,카카오톡 KakaoTalk,토익공부 하기 싫 다 우엥,2022-01-20T05:09:06-07:00,4,0,항상 잘 쓰고 있습니다,"항상 카톡을 너무 유용하게 잘 쓰고 있어서 좋습니다 그러나 한가지 아쉬운 점이 있습니다 카톡친구를 차단, 숨기기 말고 삭제하기 기능이 있으면 좋겠습니다"
,카카오톡 KakaoTalk,생기유튜브,2022-01-20T04:55:36-07:00,5,0,다 좋은데…,다 좋은데 갑자기 모르는 사람한테 친구추가가 돼고 갑자기 제 오픈프로필로 갑자기 처음본 사람한테 문자가 옵니다…(이름도 기억합니다) 나머지 카톡 다른건 정말 좋아요 항상 좋은앱 만들어주셔서 감사합니다
,카카오톡 KakaoTalk,207704e,2022-01-20T02:59:24-07:00,5,0,5ㅂ점이면보겟지5점이면1점도아니고5점읻데,제발!!!!!! 봐주세용~~~~ 오픈채팅을 주로 사용하는 10대 입니다! 오늘 저녁에 업데이트가 된 것을 모르고 화면을 킨 뒤 이상한 점이 많아서 리뷰 남깁니다 오픈채팅 표시방식이 변한 것이 조금 어색하기도 하고 전 표시 방식이 조금 더 보기 쉬웠던 것 같습니다 지금의 표시 방식은 전 표시방식의 오픈채팅 사용자가 1명 이하 일 때 표시 되던 것이라 착각하고 중요한 오픈채팅방을 나갈 것 같은 업데이트 입니다 ㅠㅠ 모든 업데이트를 바꾸는 것은 힘들겠지만 이 표시방식 만큼은 꼭 바꿔주시길 바랍니다••• 🥲
,카카오톡 KakaoTalk,1.5.2.4.2,2022-01-19T16:42:07-07:00,1,0,여러 기기 로그인,"업무를 보다 보니 업무용, 개인용 두가지 기기를 사용 중인 사람입니다. 일 중엔 업무용 폰을 사용하는 시간이 대부분이며, 퇴근 후나 주말엔 개인용 폰을 사용 합니다. 요즘 아이폰이 기능이 좋아 이렇게 사용도 편리 하며, 다른 어플들은 인증만 하면 손 쉽게 여러 기기에서 동시 사용이 가능 합니다. 매번 백업, 로그인 할 필요 없이요. 근데 가장 많이 사용하고 필요성이 큰 카카오톡이 한가지 기기에 밖에 로그인이 안되며 할때마다 옮겨야 한다는 큰 단점이 있습니다ㅜㅜ 여러 기기에서도 편하게 사용 할 수 있게는 안될까요?"
,카카오톡 KakaoTalk,맛있는우동띠,2022-01-19T23:14:51-07:00,1,1,.,왜케 요즘 페메 인스타 따라함 초심찾자
,카카오톡 KakaoTalk,민쁠ㄹ리,2022-01-19T23:50:22-07:00,3,0,글씨체 좀 업데이트 해주세요,글씨체 너무 질려요 ㅠ
,카카오톡 KakaoTalk,plslee,2022-01-19T07:10:42-07:00,2,0,초심을 잃어버리지 오래,"카카오톡 처음에 나왔을때 백만명,이백만명 하면서 신나서 발표하던 기억인데요. 그런 발표도 신선하고 글도 재미있고 카톡도 좋았는데 어느덧 여러겹 구태에 쌓여서 초심을 잃어버리고 방향을 잃어버린 카톡. 점점 식상해지고 어디까지 낡아질지 걱정이 되는 앱이 되었네요.왜 그런거죠?"
,카카오톡 KakaoTalk,리뷰개구리,2022-01-19T12:40:16-07:00,5,0,채팅방 폴더 기능,제발 부탁드려요 단톡방 너무 많아져서 카톡이 난잡해지고 있어요
,카카오톡 KakaoTalk,아갤폰,2022-01-19T08:02:11-07:00,1,0,13프로맥스,카톡.소리 역으로 먹네요  갤럭시 아이폰 둘다 가지고 있는데 아이폰 카톡소리 소근소근됨
,카카오톡 KakaoTalk,ㅇ옹으잉ㅇ,2022-01-19T17:49:59-07:00,3,0,오류,"알림은 오는데 어플이 안들어가져요 ㅠㅠ 어제부터 자꾸 그러네요 ,, 지웠다가 다시 깔아도 그래요"
,카카오톡 KakaoTalk,동동동동똥,2022-01-19T23:44:19-07:00,5,0,카톡 딜레이,카톡 딜레이가 너무 심해요ㅠㅠ 알람이 와서 채팅방에 들어가면 톡이 안 와있고 톡을 보내려고 입력하고 있으면 도중에 톡이 오면 톡방에 떠야 되는데 꼭 나갔다 들어와야 다시 보여요 왜 그러죠? 해결 부탁드립니다
,카카오톡 KakaoTalk,에베베><,2022-01-19T06:52:28-07:00,5,0,다 좋은데 추가되었으면 좋겠는 것,카카오톡 너무 잘 쓰고 있습니다.딱히 불편할 점은 없는데 추가되었으면 좋겠는게 있어요.단톡방이나 여러 사람들이 있는 방에 누가 읽었는지 기능이있으면 좋겠어요..ㅍ
,카카오톡 KakaoTalk,억울한 콩나물,2022-01-19T05:46:44-07:00,3,1,절 구해주세요..,카카오톡 정말 좋거든요..? 정말 다 좋은데 왜 이번에 업데이트 후에 저는 카카오톡 알림이 울리지 않는 걸까요..? 핸드폰 알림이랑 카카오톡 앱 알림이 다 켜져있고 정말 문제가 없는데 알림이 오지 않아요..다시 지웠다 깔아보기도 하고 핸드폰을 껐다 켜 보기도 했는데 소용이 없어요 제발 저 좀 구해주세요 카톡 알림이 안 와서 점점 사람들과 고립되어가는 것 같아요.. 중요한 연락 올까봐 조마조마 하기도 해요.. 제발 please 해결방안을 please..🙏🏻🙏🏻🙏🏻🥺😿
,카카오톡 KakaoTalk,새벽夜明け,2022-01-19T06:34:17-07:00,2,0,문의좀 제대로 봐주세요,"문의 읽지도 않고 자동응답으로만 자꾸 오니까 억울하고 답답하고, 심지어 며칠 기다려야 하는데 정말 5000자 넘게 상황설명 적고 보내고 기다려도 똑같은 답변, 정말 한글자도 안 틀리고 오니까 문의를 넣는게 무슨 소용인가 싶어요. 아니면 전화문의 유료로 해도 좋으니까 다시 운영해주세요ㅠ 너무 답답해요;;"
,카카오톡 KakaoTalk,Byung Ju,2022-01-19T05:33:44-07:00,1,0,카톡 최적화,무거워보임
,카카오톡 KakaoTalk,유먕,2022-01-19T04:52:07-07:00,3,0,갑자기 로그아웃 됬어요,로그아웃 한적도 없고 다른 폰에서도 한적이 없는데 갑자기 로그아웃되서 대화 내용 날라갔네요.. 왜그런거죠
,카카오톡 KakaoTalk,댕댕이 친구,2022-01-19T02:49:48-07:00,4,0,초기화 됐어요.,안녕하세요 카카오톡을 한참 잘 쓰고 있는 유저입니다.근데 오늘 갑자기 로그인 계정이 로그아웃돼서 다시 로그인을 해야돼네요. 이게 대체 무슨일이죠? 답장 남겨주세요.
,카카오톡 KakaoTalk,완소귀요미,2022-01-18T23:25:37-07:00,1,0,카카오 선물하기 고객센터 개선,카카오 선물하기 정말 최악이네요.  CJ택배 파업으로 드러난 고객센터 대응 미비 고객센터에 몇 번째 문의하는 건데도 일처리가 안되네요 정말 다시는 이용하고 싶지 않아요
,카카오톡 KakaoTalk,제발ㅠㅠㅠㅠㅍ퓨ㅠ,2022-01-19T04:31:01-07:00,2,0,진짜 제발 제 계정 좀 풀어주세요 ㅠㅠ,저 오픈채팅에서 이유없이 신고 당했는데 저는 잘못한 게 없는데 7일이나 정지를 당했습니다 이유를 제발 확인하시고 정지를 시키시면 안될까요 저 진짜 지금 한시가 급해요 제발요 ㅠㅠㅠ빨리 풀어주세요 아 진짜 제발 간절해요
,카카오톡 KakaoTalk,좋안 꿈꿔요!,2022-01-18T23:08:50-07:00,3,0,별로임,요즘 톡 프사랑 배사 들어가면 엄청 엄청 엄청 엄청 기다려야 됨 나만 이상함?
,카카오톡 KakaoTalk,홍감쟈,2022-01-18T22:43:34-07:00,5,0,"그라데이션 배경 없애지 말아주세요,,,","원래 진짜 리뷰 1도 안쓰는데 그라데이션 배경 진짜 넘모 예뻐서 없애지 말아달라는 부탁으로 리뷰 한번 남겨봄니다,,, 젭알 없애지 말아주세요,,,🥺"
,카카오톡 KakaoTalk,Casapark,2022-01-18T06:38:24-07:00,5,0,닥치고 멀티프로필 삭제해,"멀티프로필, 프사업데이트, 뷰   닥치고 삭제해라.  존말할때..."
,카카오톡 KakaoTalk,rygnxjws,2022-01-18T06:31:38-07:00,5,0,알림 오류,아이폰12프로 사용자입니다 처음 설치때부터 카톡 배너알림에서 카톡 온 순서가 뒤죽박죽으로 알림이 표시되었고   최근에는 카톡알림이 울린 뒤 갑자기 20분 뒤에 2-3개의 메시지가 방금 온 메시지라고 알림이 다시 오는데 이게 저만 이런건지 카톡상의 문제인건지???
,카카오톡 KakaoTalk,얘쀼니,2022-01-18T05:11:21-07:00,5,0,친구추천기능,간혹 다른사람이 제 번호를 저장해놓은 상태인지 아닌지 궁금할때 카톡목록에서 지운후에  친구추천 뜨나 안뜨나 확인 해볼때가 있는데 친구추천 안뜨네요... 왜 안뜨나요..? 궁금할때 한번씩 확인하기 좋았는데
,카카오톡 KakaoTalk,카톡인증되게해줘요,2022-01-18T03:07:09-07:00,1,0,사생활 보호 기능넣어주새요,사생활 보호기능 넣어주세요 부탁드립니다
,카카오톡 KakaoTalk,gmzjd,2022-01-18T00:06:32-07:00,1,1,이게 메신저...?,뭔 업데이트가 235메가를 먹어...
,카카오톡 KakaoTalk,이셈미,2022-01-17T22:35:47-07:00,1,0,카톡 카카오계정 새로만드려고하는데,이메일 창에서 계속 렉걸려서 몇십분 기다려도 안되길래 계속했더니 인증번호 횟수를 초과했다고 또 24시간 후에 하래요 진심 짜증나 죽겠네 ;;;;;;
,카카오톡 KakaoTalk,폭발하기1분32초전,2022-01-20T04:33:59-07:00,3,0,아무것도 안 했는데 옾챗 계속 정지,저 진짜 아무것도 안 하고 옾챗 들어가서 수다만 떨었는데 왜 갑자기 정지 당하고 풀려도 계속 정지 됨여? 옾챗 들어가서 수위가 높은 얘기도 안했고 욕도 안 했고 모욕도 안했고 인신공격도 안했고 패드립도 안했도 도배도 안했고 피해를 준 것이 하나도 없고 올바른 행동과 말로 서로를 배려하며 카톡 생활을 했습니다 이런 저에게 왜 자유를 주지 않나요 저는 이 감옥과 같은 자유가 없는 공간에서 탈출 하고 싶습니다 안 그러시면 안 그러시면..
,카카오톡 KakaoTalk,어쩌구저쩌구 틱톡 좋아,2022-01-18T02:26:21-07:00,1,0,힛,조아요
,카카오톡 KakaoTalk,좋나못생김태희,2022-01-18T17:33:07-07:00,3,0,이모티콘,이모티콘 누르면 자꾸 팅겨요 ㅡㅡ 기기 껏다켜도 팅겨요
,카카오톡 KakaoTalk,구오오오오오오ㅗ옹ㅎㅎㅎㅌ,2022-01-17T21:59:59-07:00,5,0,뜨라고5점씁니다,카카오톡을 이용하고있는학생입니다. 로그인을하다 실수로 새로운계정으로 로그인을 눌렀는데 뒤로가기가없어 해결책이없네요.. 이점 고쳐주세요!
,카카오톡 KakaoTalk,원모씨,2022-01-17T21:30:13-07:00,1,0,?,한게 없는데 옾챗 정지먹음요
,카카오톡 KakaoTalk,ㅏㅏㅡㅡㅜ,2022-01-18T00:17:59-07:00,1,1,왤케무거워,뷰좀 없애지 쓸데없는거 보드에 뉴스제목만있고 탭해도 안뜨고 뉴스 볼수있는방법도없으면서 왜만듦
,카카오톡 KakaoTalk,말앗앙죠아,2022-01-20T06:05:27-07:00,4,0,오픈채팅방 부방인데 사람들 강퇴하고 다시 해제하는 버튼이 원래 대화상대 옆에 화살표가 있는데 지금 그게 안떠요ㅠㅜㅜ,옾쳇 강퇴하고 해제버튼이 대화상대 옆에 없어요..
,카카오톡 KakaoTalk,Warthp,2022-01-18T00:15:36-07:00,5,0,정말 좋아요,"정말 좋은 짱깨앱 , 가면갈수록 개인정보 탈탈 털어가고 중국몽 문재인과 같이 꾸는 카카오ceo 하루 빨리 자살하길 빌면서 제발 🍌오류나 좀 고 쳐 주 세 요 . 잘되던 영상통화도 안댐 ^^ 그냥 다들 라인으로 갑시다 ."
,카카오톡 KakaoTalk,indoor kid,2022-01-20T03:13:02-07:00,4,0,프록시 우회 기능 있었으면…,잘 사용하고 있긴한데 PC카톡처럼 프록시 우회 기능있었으면 정말 좋을 것 같습니다
,카카오톡 KakaoTalk,떼렁,2022-01-17T22:14:07-07:00,1,0,아이폰13프로  카톡 렉 ㅡㅡ,소리나고 한참뒤에 보임 빨리기선햐주세요 진짜불편해요
,카카오톡 KakaoTalk,낵슨 화이팅.,2022-01-17T18:30:19-07:00,5,0,굳,아주좋아요
,카카오톡 KakaoTalk,하얀공룡,2022-01-17T20:32:19-07:00,4,0,키워드 알림,아이폰은 앞으로 키워드 알림 못쓰나요??????
,카카오톡 KakaoTalk,베리모찌ㅡ,2022-01-17T18:08:00-07:00,5,0,카톡방에 디데이 공지 할수 있게 해주세옹,잘쓰고 있습당 카톡방에 공지 기능 참 조은데요 디데이도 공지 할수 있게 부탁드려요
,카카오톡 KakaoTalk,카카오톡 ㅈ같은것,2022-01-17T17:47:47-07:00,1,0,서비스 1도없는 카카오톡,ㄹㅇ 다른것들은 계속 발전하는데 카카오톡은 점점 뒤진다 개발자가 빡대가리인가
,카카오톡 KakaoTalk,루시페온,2022-01-17T16:18:33-07:00,1,0,카톡에 사진 보내려니까 사진 없다고 나와요,갑자기 이러는데 와 이러나요?
,카카오톡 KakaoTalk,커ㅐ나너쿄캰,2022-01-17T09:07:10-07:00,5,0,거짓말이에요,1점 준 사람 미워하지마세요 제발요 부탁드립니다 저 말고 1점 준사람이나 잘해주세용
,카카오톡 KakaoTalk,안녀와랭,2022-01-17T08:58:09-07:00,1,1,맘에안들어요,카톡 알림도 안 오고 대화내용도 다 사라졌어요
,카카오톡 KakaoTalk,"itsme,toro",2022-01-17T05:41:22-07:00,5,0,채팅방 탭 기능이 필요해요!,멀티프로필로 개인쓰고 메인프로필은 업무용으로 쓰는데 이거 반대로 바뀌면 더 좋을 듯…해요~ 다들 공감 (등록안한사람은 멀티가 보일수 있도록 ㅠㅠ)  그리고 채팅방도 업무용 개인용 등등 세분화할 수 있음 너무 좋겠어요~ 최대 3개까지라도.. 쓸데없는 오픈채팅방 탭말고 사용자화된 탭 원합니다!!
,카카오톡 KakaoTalk,ㅇㅇㅇ엄ㅁ,2022-01-17T05:10:32-07:00,5,0,앱을 지웠다가 다시 까니까 설치가 안돼요,하
,카카오톡 KakaoTalk,방구공장,2022-01-16T22:18:38-07:00,1,0,사진전송 드럽게안됨 아이폰 12pro,진짜 카톡와있다고해서 보면 온거 안와있다 한참뒤에뜨고 사진전송 드럽게안됨..
,카카오톡 KakaoTalk,이도현 마누라,2022-01-16T22:27:18-07:00,5,1,대화 삭제 기능,제발 인스타 처럼 대화 삭제 시간제한 없이 누가 삭제 했다 안 뜨고 그냥 삭제 할 수 있게 해주세요 ㅠ
,카카오톡 KakaoTalk,어로로ㅓ러겅,2022-01-16T16:43:14-07:00,1,0,튕김현상,앱켜서 채팅방을 들어가거나 친구검색을 하면 자꾸 튕겨서 미쳐버릴것같아요ㅠ 제발 고쳐주세요 하루에도 몇번씩 그럽니다
,카카오톡 KakaoTalk,도도한오빠,2022-01-17T02:08:07-07:00,3,0,카카오톡 태블릿/아이패드 알람뱃지 오류..,아이패드/아이폰 알람뱃지 숫자표기 너무 심하게 차이납니다..  아이패드 알람뱃지 숫자표기 반응이 많이 늦는편 인거같습니다.  확인하시고 빠른 수정 부탁드립니다..
,카카오톡 KakaoTalk,별로별로2423,2022-01-16T23:50:51-07:00,1,0,페이스톡 너무 안되요!,나만 그런건지 언젠가부터 페이스톡하기 너무 힘드네요 계속 네트워크 어쩌구그러고 안테나는 다뜨는데 진짜 있는기능도 쓰기 힘드니 짜증이 너무 나네요 혹시 아이폰이라서 잘안되는건가요?
,카카오톡 KakaoTalk,조에우자제라츄,2022-01-16T22:42:21-07:00,1,0,큰일났어요,업데이트를 눌러도 계속 안되고 며칠째 저러길래 삭제하고 다시 다운받으면 될거 같아서 지웠는데 안다운받아져요;;
,카카오톡 KakaoTalk,올레드가 좋더라(?) 😎,2022-01-16T19:26:47-07:00,3,1,카카오<<<사용자 친화X,건의사항 1. 광고 제거 상품 신설 2. 카카오 뷰 제거 3. 추천 친구 제거  상단에 광고 뜨는 거 보기 역겹네요 만원이어도 상관 없으니 광고 제거 상품 신설 바랍니다.  유튜브처럼 월정액은 아니길 바랍니다
,카카오톡 KakaoTalk,아코..ㅋ,2022-01-16T22:22:45-07:00,2,0,그냥 한국에서 다 이거써서 쓰는앱,억지로 쓰고있다 오랫동안...
,카카오톡 KakaoTalk,뷰뷰뷰뷰ㅠ뷰뷰,2022-01-16T17:41:48-07:00,5,0,카톡 테마,폰트좀 내주세요..
,카카오톡 KakaoTalk,도리도리 잼잼,2022-01-16T05:27:09-07:00,1,0,계속해서 로그인 해도 로그인이 튕기네요,"계속 튕겨서 로그인 하는걸 반복하는데, 자꾸 튕기는데 이유가 있는지 너무 불편하네요"
,카카오톡 KakaoTalk,ㅓ어어아앙,2022-01-16T06:25:38-07:00,1,0,이상해요…,아니 폰을 바꿔서 계정만들기를 했는데 인증번호가 않았고요 몇번하지도 않았는데 24시간뒤에 하라고 하네요 너무 짜증이나고 불편해요 친구들과 소통은 좋지만 24시간뒤에를 없애주는  좋겠어요. 이상이고 조심하세요
,카카오톡 KakaoTalk,어처구니가 없네 ㅋㅋㅋㅋㅋㅋㅋㅋㅋㅋ,2022-01-16T10:57:21-07:00,5,0,한번더 제발 이모티곤 무료로 5달이라도 쓰게해주세용..!,그.. 갔고싶고 사고싶은이모티콘이 무진장하게 많아요 ㅠㅠㅠ 제가 미자라 돈이없어서 이모티콘을 2개밖에 못샀어요 ㅠㅠ옛날에 몇달간 이모티곤 무료로 다쓰게 해주셔서 친구들이랑 재밌게 대화해서 전말좋은 이벤트라고 생각했는데 막상 끝나고보니 채팅치는 키보드 칸이 심심하네요..ㅎㅎ 일년에 한번씩은 이런이벤트 해주시면 소소 하게 좋을것같아요 ㅠㅠ 이벤트가 그립숩돠..!!!
,카카오톡 KakaoTalk,망한사람..,2022-01-16T04:56:10-07:00,5,0,이거 망했어요..,제가 어제까지만해도 카카오톡 잘사용하고있었는데 갑자기 카카오톡이 오류나서 삭제하고다시 로그인할려고하는데 이게 로그인이안돼여..
,카카오톡 KakaoTalk,연산잉키바리,2022-01-15T22:18:39-07:00,5,0,카톡정지,"카톡정지 때문에 저번에도 한번 적엇었는데 아직도 풀리지가 않앗네요 한번 더 확인후 조치 좀 빨리 부탁드립니다,"
,카카오톡 KakaoTalk,choaeng_0326,2022-01-16T01:26:09-07:00,3,0,그룹페톡,다른건 다 괜찮은데 그룹페이스톡이 화면을 안 껐는데 까매질때도 있구요 일이 있어서 나갔다가 다시 들어오면 안들어와져서 다시 해야하는 경우도 있어요; 48시간 채우려고 페톡하고 있는데 계속 카톡 페이스톡이 안 들어와질 때가 있어서 불편하네영;
,카카오톡 KakaoTalk,지구별여행5,2022-01-16T01:06:20-07:00,1,0,아이폰 6 왜 지원 안하냐?,그동안 잘 사용했는데 왜 아이폰 6(ios 12.5.5)는 지원 안합니까. 폰을 버리라는 얘기? 버리는 건 둘째고 전에 설치한 카톡이 왜 실행도 않되나요 ?
,카카오톡 KakaoTalk,우까가가강,2022-01-15T22:13:07-07:00,1,0,답도 없음,진짜 답도 없고요. 가입은 쉬워도 참 나중엔 힘드네요^^ 너무 복잡해요.
,카카오톡 KakaoTalk,티어물,2022-01-15T20:56:07-07:00,1,0,멀티프로필,멀티 프로필 송금할 필요도 없는데 왜 인증을 해야하나요?
,카카오톡 KakaoTalk,나비스콜링,2022-01-15T19:35:48-07:00,4,0,카카오톡 너무 좋아요!,카톡 너무 편하고 업데이트도 빨리 해 줘서  너무 좋아요 앱 나오자마자 지금까지 쓰고 있는데  편리합니다!
,카카오톡 KakaoTalk,중딩되는사람,2022-01-15T19:20:23-07:00,3,0,나쁘진 않은데…..,초딩때부터 지금까지 쭉 쓰지만 보이스톡 페이스톡 별로네요. 보이스톡 스피커를 미리 킬수 없고 일반 통화보다 와이파이 데이터 더쓰면서 화질은 많이 떨어지네요.
,카카오톡 KakaoTalk,미래예언자.,2022-01-15T18:02:12-07:00,1,0,본연의자리로가세요,카톡진짜문제많네요 네0버. 보고배우세요 한가지 기본만 충실해야죠 국민 메신져앱이 용량이 이게말이됩니까? 무슨필요하지도안는 기능이빠이 넣어서 참 ios는 용량초과되면 와이파이 가야되는데 조만간 그꼴 보겠네요 메신져어플은 기본만 충실하셔야죠 사업적으로 도태되면 기존유저. 다빠집니다
,카카오톡 KakaoTalk,상묵쮜뽱,2022-01-15T02:07:03-07:00,1,0,강퇴,단톡방에 까불어재끼는 친구가 있는데 강퇴마렵걸랑요 꼭만들어주세요
,카카오톡 KakaoTalk,꽁나물,2022-01-15T12:57:25-07:00,4,0,폰트 좀 추가해주세요 ㅠㅠㅠㅠㅠ,폰트 점 여러개 더 추가해주세요 !’ㅜㅜ
,카카오톡 KakaoTalk,Rrtsh,2022-01-15T16:37:39-07:00,1,0,진짜 딱 게임만 평가할게요,아니 솔직히 프렌즈 뽑기라는 게임이 있거든요? 근데 원래 뽑기를 힐 때 100원으로 뽑기하거든요 아니 근데 제꺼는 뽑기 한 번 하는데 300원 가져가더라구요. 별 1개 주기도 아깝네요. 여러분 깔지마세요.
,카카오톡 KakaoTalk,댄무지,2022-01-14T17:55:03-07:00,5,0,정말 정말 꼭 필요한 기능이 있습니다,"카카오톡 대화방 안에서 사진찍기를 선택해서 사진 찍었을 때, 찍고나서 바로 저장할 수 있도록 하는 것이 꼭 필요합니다! 사진을 보내지 않고싶지만 저장은 하고 싶은 경우가 많은데, 이걸 저장하려면 굳이 캡쳐해서 잘라내야 합니다. 이 기능이 생기면 많은분이 유용하다 느낄 것 같아요 고려 부탁드립니다!!!"
,카카오톡 KakaoTalk,뭉밍뭉이,2022-01-14T21:11:00-07:00,5,0,폰트 업데이트해주세오!!,쓰고싶은 폰트가있는데 네이버에는 있더라구요 yd즐거운생활체 업데이트해주시면 좋을거같아요ㅠㅠㅠㅠ
,카카오톡 KakaoTalk,좆나미,2022-01-14T02:35:55-07:00,1,0,저기요 제가 뭐했는데요,제가 카톡을 깠습니까 뭐를 했습니까 7일 정지요? 쌍욕 글자 하나 적었다고 7일정지 주네 제발 카톡 나락가라
,카카오톡 KakaoTalk,망할카카오톡,2022-01-14T02:25:35-07:00,1,0,참 어이가 없네요,카카오톡 계정을 탈퇴하려고 하는데 뭐해서뭐하라고 자꾸 조건이 붙네요 너무 어이가 없네요
,카카오톡 KakaoTalk,i43665,2022-01-14T05:35:59-07:00,1,0,아이폰13promax 페이스톡 문제,이번 업데이트 하고부터 페이스톡 안됩니다 증상: 페톡 하면 준비중으로 계속니옴 상대방이 나한테는 됩니다 상대폰은 갤럭시
,카카오톡 KakaoTalk,centerkim,2022-01-14T04:03:48-07:00,1,1,제발 친구 삭제 좀 편한 방식으로 바꿔줬음 좋겠음.,앞으로 연락 안 할 사람은 삭제해서 깔끔하게 정리하고 싶을 때 차단하고 차단친구 들어가서 다시 해제시키는 과정이 너무 번거로움. 직관적으로 바로 삭제가 가능했으면 좋겠고 내가 삭제를 하면 상대방도 내 정보가 사라졌으면 좋겠음. 한 쪽이 원하지 않는데 다른 한 쪽에게 내 정보가 계속 오픈되어 있으면 너무 사생활 침해가 된다고 생각함. 차라리 매칭 시스템처럼 한 쪽에서 매칭 해제를 하면 상대방에게 내 정보가 사라졌으면 좋겠음. 어차피 연락도 안 할 사이인데 굳이 내 정보를 계속 보여주고 싶은 사람이 어디 있음??
,카카오톡 KakaoTalk,ajducneklsl,2022-01-14T01:43:48-07:00,1,0,별한개도 아깝네요,사용자가 이렇게 많은데 고객센터 전화상담을 안하는게 말이되나요..? 채팅은 로봇같고 문의는 3일뒤에 연락이오고 정말 답답하네요
,카카오톡 KakaoTalk,ㄴㅏㅂㅣ효과,2022-01-14T08:09:13-07:00,1,1,멀티프로필기능 없애주세요.,"멀티프로필 기능 너무 불쾌합니다.   멀티프로필로 악용하는 사람들이 많네요. 제 남자친구도 그렇고 주변지인들의 이야기를 들어보면 정말 가관이네요.   차라리 멀티프로필을 사용하는 사람들에게는 마크표시를 따로 해놓게 하시던지, 그냥 기본 프로필상과 멀티프로필상의 형식이 똑같다 보니 바람펴도 알 길 없네요. 진짜 카카오톡 지우고 싶을 정도에요. 도대체 왜 이런 기능을 만들었는지 의문이고, 사생활 보호차원에서 만들었다고 하는데 정말 쓸데없는 보호같다는 생각이 듭니다.   멀티프로필을 사용하는 사람들을 구별할 수 있도록 표시하는 마크를 만들어서 카카오톡 기능을 업데이트 해주시던지, 다시 기본프로필만 사용할 수 있도록 바꿔주세요."
,카카오톡 KakaoTalk,고고고111,2022-01-14T16:05:22-07:00,5,0,아니!!,프사를 바꾸려 하면 자꾸 끊겨요;; 진짜 너무 불편합니다 고처주세요::::
,카카오톡 KakaoTalk,아나ㅓㄴ너햐혀쳐ㅕㅎㄹ,2022-01-14T01:34:46-07:00,5,1,공감에,화나요 추가해주시면 안돼나용 너무 잘쓰고있어요!!
,카카오톡 KakaoTalk,에베베ㅔ베벱,2022-01-13T21:56:30-07:00,1,0,아이폰6 버전 안맞아서 카톡못함,저희 과장님께서 아이폰6이신데 버전이 안맞아서 카톡 못하신대요 이것땜에 폰 바꾸실지 고민하시네요 아이폰6이면 그렇게 옛날폰도 아닌데 좀 너무 하신거 아닌가요? 최신폰으로 못바꾸는 사람들도 좀 고려해주세요
,카카오톡 KakaoTalk,su님,2022-01-13T21:48:23-07:00,1,0,로그인,안녕하세요 😊 전 카카오톡을 2년 사용한유저 입니다 현제 갤럭시 폰에서 아이폰으로 바꿨는데 카톡이 오늘부터 로그인 계정만들기 다 안돼네요..전화 인증도 어찌어려운지 어떻게 해야할까요??🥺
,카카오톡 KakaoTalk,옐로귀요미,2022-01-13T21:36:37-07:00,5,0,GOOD,소통도 편하고 기능도 너무 좋아요! 근데 녹음을 보낼 때 자신이 확인을 못 하고 보내서 좀 불편해요. 그 부분만 고쳐주시면 완벽할 것 같아요😜
,카카오톡 KakaoTalk,이꿍꾸,2022-01-14T00:20:20-07:00,2,0,알림 안없어짐 오류,어플 나온지 좀 된거 같은데 아직도 이런 오류가 있네 ㅋ
,카카오톡 KakaoTalk,귱징,2022-01-13T07:57:32-07:00,3,0,내 카카오톡 흑흑,다른기기 카카오톡 연동했은데요 요청을 많이해서 24시간 후에 한다고 뜨네요 카카오톡에 재요청 할라고 했지만 못했어요
,카카오톡 KakaoTalk,엑시언트 프로,2022-01-13T15:39:59-07:00,1,0,사진 확대하고 보내면 사진이 잘안보여요,사진 확대 하고 보내면 사진이 잘 안보입니다 ㅈㅂ 수정해주새여
,카카오톡 KakaoTalk,ㅏㅡㅠ,2022-01-13T18:10:32-07:00,5,0,배너로만 알림이 떠요,커톡 배너로 알림떠서 들오가면 메시지 창 연락 온거 없고 발신도 안됩니다
,카카오톡 KakaoTalk,ㅇㅇㅇㅇㅇ야쟈쟈,2022-01-13T10:59:22-07:00,1,0,프로필 업데이트 ㅋㅋㅋㅋㅋ,제발 이 기능 없어졌으면 좋겠어요 ㅠㅠ
,카카오톡 KakaoTalk,달래먹고매매맴,2022-01-13T07:59:07-07:00,4,0,글씨체,글씨체좀 많이만들어주세요
,카카오톡 KakaoTalk,총쏘는 너굴맨,2022-01-13T07:10:08-07:00,1,1,계속대충나가는거같은데,카톡 이러다가 망합니다.용랑 좀 줄이라는데 계속 늘리고 있네 ㅋㅋ
,카카오톡 KakaoTalk,그동안,2022-01-13T06:57:31-07:00,5,1,진짜.. 그만 좀 얹어주세요,카카오톡 편해서 쓰는데 쓰기위해 감당해야하는 각종 관심없는 부가서비스가 너무너무 많아요. 용량 부족한데 왜이렇게 헤비한 앱을 만드셧을까 진짜 그만좀 해주세요.
,카카오톡 KakaoTalk,ㅌㅅㅇㅊㅋ,2022-01-13T05:48:43-07:00,3,0,멀티프로필,멀티 설정하면 최근 변경  한 1년 치를 볼수있는데 일반 프로필처럼 설정할 수 있게 해주세요. 변경 기록을 남길지 말지. 그리고 용량이 너무 큼
,카카오톡 KakaoTalk,짜증나 뒤지겠,2022-01-13T03:51:46-07:00,5,0,익명투표,"익명투표할때 투표 마감전까지는 항목 체크한 개수,인원수도 숨기는 기능 해주세요 ㅠㅠ 누가 투표했는지는 안뜨지만 투표하기전부터 수치가 바로떠서 투표하는데 영향을 줄 수도 있을거 같아요"
,카카오톡 KakaoTalk,코로나 극복 가즈아 홧팅!!,2022-01-12T14:48:32-07:00,5,0,"저는 웬만하면 넘어가는 편이라,,,,","네 저는 웬만하면 넘어가는 편이라 그냥 별 5개 드립니다 근데 최근 카톡 스토리를 보면 멀티프로필을 만들 수 있다고 나오는데 저는 안 뜨네요.. 만든 상태에서 찍은 사진 말고, 글로만 설명하지 말고 정확히 어디를 가야 할 수 있는지 사진으로 더 설명해주셨으면 좋겠네요. + 그리고 처음 앱 들어오면 보이는 전화번호 추가하면 카톡도 추가된다는 분! 그건 전번 추가할 때 앞에  ‘#’을 붙여서 #ㅇㅇㅇ-ㅇㅇㅇㅇ-ㅇㅇㅇㅇ으로 해놓으면 추가되지 않는답니다:)"
,카카오톡 KakaoTalk,이가현짱,2022-01-13T04:55:55-07:00,1,0,아니 이게 뭐에요,친구가 자기 뭐 한다고 인증번호 받고 달래서 해줬는데 카톡 정지 먹혔네요
,카카오톡 KakaoTalk,히어여네ㅜㅍㅇ,2022-01-12T09:17:22-07:00,2,0,삭제가능 개선좀..;;;,아니 중요한 사람한테 사진 잘못보냈는데 삭제 못해가꼬 ㅈ댐 제발 이거 개선좀해라…;;;..
,카카오톡 KakaoTalk,xzcc139sdd,2022-01-12T06:51:23-07:00,3,0,개선해주세요,업데이트를 한 후 부터 카톡 미리보기에 이름과 카톡 내용이 굵기가 똑같아서 구별하기 힘드네요. 구별 할 수 있게 굵기를 다르게 해주세요 그리고 채널을 구독 안해도 친구 목록에 채널이 뜨더라고요 안뜨게 해주 실 수 없나요?
,카카오톡 KakaoTalk,초보사용자에영,2022-01-12T00:51:15-07:00,5,0,톡방 나가기관련,실수로 방을 잘못 나가는 경우가 생기는데 이런 상황을 방지하기 위해   나가지 않을 방은 따로 나가기시 비밀번호 설정하게끔 하고 방을 나갈때 설정한 비밀번호를 입력해야 나갈 수 있게 하면 좋겠어요 ㅜㅜ
,카카오톡 KakaoTalk,마므아냐자매타두재,2022-01-12T06:15:09-07:00,3,0,글씨체,폰트좀 업데이트 해주세요~!!
,카카오톡 KakaoTalk,카카오톡 폰트 새로운것들좀 많이 해주세요,2022-01-12T05:08:21-07:00,1,0,카카오톡 이쁜 글씨체,카카오톡에 이쁜 글씨체좀 많이 만들어 주세요
,카카오톡 KakaoTalk,applesssssbbbbbb,2022-01-12T03:08:01-07:00,1,0,이제는깔아지는것까지 안되네요?,저장공간이 충분하게 있는데도 다른앱은 다 깔아지는데 유일하게 카.톡.만. 안깔아져요 피드백만 보내고 일은 안하시나요?문제생길때마다 답보내도 답변이나 해결해주는건 하나도 없고..이딴식이면 누가 카톡을 하겠어요?
,카카오톡 KakaoTalk,정울,2022-01-11T22:52:50-07:00,1,0,개,염병 떨지 말고 내가 친구추가 안 한 인간들한테 내 모든 정보 안 보이는 기능 쑤셔넣어바 ㅈ같으니간
,카카오톡 KakaoTalk,ㅇ3ㅇ❤️,2022-01-11T23:25:11-07:00,5,0,글꼴,글씨체 새로운거  업데이트 해주세요
,카카오톡 KakaoTalk,정확하게 이런 문제가 있음,2022-01-11T22:28:40-07:00,1,0,오류 진짜 심함,아이폰 12 프로맥스 데이터 문제없는데 오류 너무 심해서 다시까는중
,카카오톡 KakaoTalk,보라보라랄랄랄라,2022-01-11T20:59:26-07:00,1,0,Qr코드 에러,왜 이렇게 잘 나요;; 떠야 들어가죠 ㅡㅡ
,카카오톡 KakaoTalk,펙폭러,2022-01-11T20:35:46-07:00,2,0,프리징 현상,사용 도중 멈춤 현상이 너무 심해서 앱을 사용할 수가 없어요.
,카카오톡 KakaoTalk,철원군인이다,2022-01-11T20:19:41-07:00,5,0,의견거의,"저는 직장에서 매일단위로 투표를해서 체온,건강상태 등을 확인하고있습니다 그런데 그때마다 투표기능을 작성해야해서 불편함이있습니다 매일, 매시간단위로 자동투표가 가능하게한다면 좋을것같습니다"
,카카오톡 KakaoTalk,BamBoo~~,2022-01-11T17:32:32-07:00,5,0,슈퍼그랑죠 - 소환테마(대지의 테마),음악 좀 올려주세요^^ ㅎㅎ
,카카오톡 KakaoTalk,3&?7,2022-01-11T19:03:42-07:00,3,0,일반채팅방에도 '채팅방에서 내보내기' 기능좀 만들어주세요,"안녕하세요! 저는 카카오톡을 쓰고있는 4학년 초등학생 이에요. 제가 투표글 같은거 채팅방에 보낼때 자꾸 한 친구가 이딴거 보내지 말라고 기분나쁜 말을 하는데 자꾸 그런말 할거면 나가라고 했는데 싫다고 계속 그러잖아요, 그래서 일반채팅방에도'채팅방에서 내보내기' 기능좀 만들어주세요 그래주시면 정말 감사하겠습니다!!!"
,카카오톡 KakaoTalk,넘 좋아서 리뷰써여~~,2022-01-11T17:26:21-07:00,5,0,개선 부탁드려요..,카톡앱 자체는 너무 좋은데요 차단한 사람들이 프로필볼수있는게 좀 그런거같아요.. 제가 최근에 전번을 바꿨는데 모르는 사람들이 제 전번을 가지고있더라고요 그래서 좀 개인정보(?) 유출약간 상대방이 제 이름이랑 등등 알고있어서 좀 그렇더라고요 그래서 영구적으로 차단하는 기능이 있으면 좋겠어요 그리고 전화번호가 있으면 자동으로 친구추가되는 기능이 없으면 좋겠어요.. 개선해 주시면 감사할거같습니다
,카카오톡 KakaoTalk,Dkvbicickxk,2022-01-11T16:36:08-07:00,1,0,애플워치에서 카톡 확인이 안됩니다,애플워치 se고 구매한지 얼마 안되어서 새거인데 첨엔 카톡접속도 잘되고 확인도 잘되고 그랬는데 지금은 알림만 뜨고 클릭하면 계속 버퍼링만 나오고 내용을 확안할 수가 없어요. 기기의 문제는 아닌 것같고 앱 문제인 것같아서요. 개선좀 부탁드릴게요.
,카카오톡 KakaoTalk,김 여름,2022-01-11T15:46:26-07:00,3,0,글자 크기,글자 크기 좀 맞춰주세요.... 왜 공지글은 큰가요.. 그리고 채팅방 목록 글자도 안 바뀌네요
,카카오톡 KakaoTalk,숭구미,2022-01-11T08:13:32-07:00,3,0,아이폰5도 사용할수 있게해주세요,아이폰5 서브폰으로 사용중인데 작년 초에는 카톡이 사용가능했는데 다운은되나 로그인이 안되네요 ㅜ 자꾸 최신버전으로 업데이트하라고 뜹니다 ㅜㅜ 낮은버전이라도 괜찮으니 사용만이라고 하게 해주십쇼
,카카오톡 KakaoTalk,망갸망개한 하루 보네세요,2022-01-11T06:15:22-07:00,1,0,제발,"정말 별 1개 주기도 아까워요 아니 문의 사항이 있으면 문의 하라면서 고객센터 들어갔더니 계속 연결이 안된다고 하네요 고객센터에 문의 넣으라면서요;;;;;, 그리고 저 오픈채팅에도 말한마디 안 보냈는데 갑자기 60일 이용제한 걸려서 아무것도 못하고 있습니다.  지금 해결해야 하는 일이 있는데 하나도 못 하고 있습니다. 제발 좀 풀어주세요"
,카카오톡 KakaoTalk,Toro9271,2022-01-10T22:49:09-07:00,4,0,개선 부탁드립니다,다른건 다좋은데 오픈채팅방 강퇴누가했는지좀 알게하는 시스템좀 추가하면좋겠네요
,카카오톡 KakaoTalk,딕긱,2022-01-11T05:35:20-07:00,1,0,새 알림창 가독성이 너무 떨어져요,두 줄 말고 친구 이름 옆 : 기호랑 한줄로 나오게 해주세요 너무너무 가독성이 떨어집니다
,카카오톡 KakaoTalk,hsshagsgvewu,2022-01-11T11:25:54-07:00,1,0,제발 오류좀,아이폰 업뎃 하고나서 카톡 멈추는 오류가 너무심해요 좀 빠르게 고쳐주세요 너무 불편하네요
,카카오톡 KakaoTalk,넝검마,2022-01-11T05:51:26-07:00,1,0,렉 걸려요,그냥 뭐 하나만 누르면 렉 걸림 머 어쩌라는 건지 모르겟음
,카카오톡 KakaoTalk,폰트충,2022-01-11T11:45:42-07:00,1,0,글꼴,"아이폰 글꼴 많이 만들어주세요 젭R,,"
,카카오톡 KakaoTalk,싹두기,2022-01-11T00:07:04-07:00,1,1,뷰 제발 없애주세요~,"왜 보기도 싫은 인터넷 커뮤니티글들을 뷰에서 봐야하는지 의문입니다~ 쇼핑글은 그냥 안보면 되지만, 문제 많은 온갖 커뮤니티 글들을 검토없이 그냥 올리시는지?"
,카카오톡 KakaoTalk,Su Hyein,2022-01-11T00:37:21-07:00,3,0,해킹 관련,몇 주전 SNS로 인해 카톡 해킹을 당한 사람입니다 해킹을 당해서 카톡 사용을 못 했었는데요 지금은 현재 카톡을 탈퇴한 상태입니다  탈퇴를 한 후 다시 새로운 계정을 만들려고 하니 탈퇴한 계정이라 만들지 못한다고 하는데요  7일이라는 시간이 지나고 다시 재가입을 하려고 하면 탈퇴한 계정이라고 인증번호도 주지도 않고  결국 2주동안 카톡을 사용하지 못했습니다  카톡 보안을 더 철저하게 해주시면 감사하겠고요  더 이상 이런 일이 일어나지 않았으면 좋겠습니다
,카카오톡 KakaoTalk,765443377,2022-01-10T18:44:02-07:00,1,0,쓰레기고객센터,하루종일답장없고 번호도없음
,카카오톡 KakaoTalk,user1123126,2022-01-10T17:31:40-07:00,1,0,아무것도 안했는데 이용정지되네,아무것도 안했는대 억울하게 이용정지 당했어요.. 카카오톡 미친건가 억울하네
,카카오톡 KakaoTalk,뿌뉴뽀뇨,2022-01-10T22:23:55-07:00,3,0,링크 연결 너무 불편해요,외부앱 링크가 카카오톡 내부에서만 열려서 톡하면서 내용을 같이 못봐서 불편해요 기본 옵션을 선택할수있게 해주면 좋겠네요
,카카오톡 KakaoTalk,방탈출재미쏘,2022-01-10T16:25:07-07:00,1,0,애플워치,애플워치 se 쓰고있는데  왜 계속  가입상태 확인하라고 하는거예오???  뭐가  문제인가요
,카카오톡 KakaoTalk,볼캡주,2022-01-10T07:43:43-07:00,3,0,제발제발 프로필 업데이트한친구 상단에 뜨는거 안보이게해주세요…,"굳이눈에띄고싶지않고 카톡이 제 전번만 있으면 걍 친추되니까 남에게 염탐당하는것같아서 기분이나쁩니다,,, 기능 생기고 프로필 올리고싶어도 올리질못해요ㅠ"
,카카오톡 KakaoTalk,은2222222222222,2022-01-10T15:02:54-07:00,5,0,혹시나,"애플워치는 진동, 아이폰은 무음으로 설정할 수 있는 칸 만들어주심 안될까요 ㅜㅜ? 아이폰 내에서는 설정할 수 있는 방법이 없어서 카카오톡에 하소연 해봅니다.. 아이폰에서 전화는 진동이 울렸으면 하지만 카톡은 진동이 울리면 너무 많이 울려서 시끄러워요 .. ㅜㅜ 그래서 카카오톡 내에서 혹시나 따로 설정할 수 있게 만들 수 있다면 간절히 부탁드립니다 …"
,카카오톡 KakaoTalk,곽정현,2022-01-10T05:42:13-07:00,5,0,사진,카카오페이 진짜 가면 갈수록 정내미 떨어짐.. 세상에 버그없는 프로그램은 없다지만 10중 5는 무한로딩임 무조건 ㅋㅋ 네이버페이로 갈아탑니다~
,카카오톡 KakaoTalk,나는야 쭈아,2022-01-10T04:45:45-07:00,5,0,단체카톡 내 이름 변경,제가 단톡방에서 이름을 바꾸려고 하는데 안돼더라고요. 넘나 불편합니당. 다음 업데이트 때 바꿔주세염!😅( •᷄ - •᷅ )
,카카오톡 KakaoTalk,다른 유저중에서 가장 귀여운 사람,2022-01-09T23:33:58-07:00,3,0,보톡소리가 이상해요,제목과 같아요 보이스톡을 하면 목소리가 안들려요 이러면 통화도 할수 없고 어쩌라는거죠..? 매일 친구랑 같이 전화하는데 갑자기 이상하네요.. ㅋㅋ 가끔 전송이 안될때도 있고… 진짜 오류가 너무 많은데요..? 이런 점 진짜 고쳐주세요
,카카오톡 KakaoTalk,별명뭐해야하,2022-01-10T05:15:32-07:00,4,0,파일 전체삭제기능,톡서랍에 저장된 사진이나 파일 한번에 삭제하는 기능 만들어주세요.. 데이터 삭제하는 기능이 어디있는지 모르겠어요.
,카카오톡 KakaoTalk,dlaldlTsms,2022-01-10T03:37:17-07:00,4,0,카카오톡 동영상 전송시 화질 변환...,아이폰 12미니 유저(소프트웨어 버전 14.3) 입니다. 카톡으로 동영상 전송 또는 프로필 설정시 화질이 매우 떨어지게 변환되는데 고쳐주세요 ㅜㅜ 화면도 누리끼리해지고 화질도 확 떨어져요
,카카오톡 KakaoTalk,footinsox,2022-01-10T04:01:06-07:00,1,0,9.6.3 업데이트 이후 화면 멈춤현상,업데이트 후 중간중간 화면 멈춰버려요. 터치도 안먹고 다른앱은 멀쩡한거보면 카카오톡 문젠데 해결 안하시는지?...
,카카오톡 KakaoTalk,삐삐고오오오오쥬우우,2022-01-09T23:08:46-07:00,1,0,아이패드로 사용중인데요,친구 1방에서 톡 하다가 친구 2로 방을 누르면 안 눌리고 채팅방도 안 들어가져요… 개발자님 이거 왜 그런건지 꼭 답변 부탁드립니다
,카카오톡 KakaoTalk,얼리얼,2022-01-09T22:18:10-07:00,1,0,제발 고객센터좀 잘운영해줘요.,카카오톡 쓰라고도 안했는데 쓴 제 잘못인가요? 모든걸 카카오톡과 연결시켜 카톡 안되면 모든게 아날로그 되게 만들어놓고  난 아무짓도 안했는데 갑자기 일시적 영구정지에 로그인도 안되다가 로그인풀렸는데 메세지도 못보내게 할거면  CS라도 똑바로 운영을 하던가….  무조건 이메일…. 그마저 답장도 몇일뒤에 오거나 씹히고 답장이 와도 복사해서 붙여넣기같은 답장만 오고; 문제를 근본적으로 해결하려 하지도 않고 카톡 로그인도 안되는데 카톡고객센터 만들어서 뭐함?  진짜 그 갑질하는 태도좀 개선하세요. 전국민에 카카오톡 이용해주니까 무슨 갑이라도 된 줄 아시나본데 갑질좀 적당히하셔야지  진짜 카카오톡이 스마트폰생기고나서부터 제일 발전없는 업체임.
,카카오톡 KakaoTalk,증츤흐,2022-01-09T21:05:39-07:00,2,0,채팅방 들어갔다가 나오면 버튼이 아예 안 먹혀요,처음 앱 킨 후에 아무 채팅방이나 들어갔다가 나오면 스크롤이든 다른 버튼이든 아무것도 안 먹혀요 앱을 다시 처음부터 재시작하면 그때서야 되네요
,카카오톡 KakaoTalk,ㅇㅇㅇㅇㅇㅇㅇㅇ입니다,2022-01-09T15:22:10-07:00,3,0,알림센터 미리보기기능이 이상합니다.,"9.6.0버전에서 새로 추가된 알림센터 미리보기 기능은 유용한 기능이라고 생각합니다. 그러나 요 근래 업데이트 되면서 문제가 생겼습니다.  프로필 사진이 뜨지가 않고 카카오톡 아이콘만 큼지막하게 뜨고, 채팅방 제목도 9.6.0 버전때는 떴었으나 지금은 뜨지 않습니다."
,카카오톡 KakaoTalk,싸납쟁이,2022-01-09T18:40:12-07:00,2,1,업데이트 이후 메세지 안됨,"아이폰 Xs 사용중, 이번 업데이트 이후 또다시 고질병인 메세지 알람이 안뜨는 현상 발생, 앱을 실행하지 않는한 백그라운드에서 메세지를 업데이트 안하는 모양임 앱을 실행하면 메세지가 한번에 10-20 개씩 와있음, 인터넷상 백그라운드 앱 업데이트 온 등등 셋팅은 이미 해봤음, 컴퓨터로 로그인시 어제 받은 메세지도 안올라오고 결국 파일을 폰으로 받아 메일로 보내는 수고를 해야됨,"
,카카오톡 KakaoTalk,ㅅㄴㅎㅈㅁ,2022-01-09T06:34:19-07:00,1,0,정지,제가 정지를 먹었는데 문의도 안된다고 하고 탈퇴도 안된다고 하면 뭐 어떡하라는건가요?
,카카오톡 KakaoTalk,데이터노예,2022-01-09T08:04:15-07:00,1,2,알림이 안와요;;;;;;,워치에도 안오고 폰에도 진동없이 와서 톡이 와있는지도 모르는 상태에요;;;;;;;;;;; 업무상 꼭 필요한데 얼른 개선해주세요 대기업이 이래도됩니까?????!!!!!!
,카카오톡 KakaoTalk,ㅋㅋㅋ오덕후,2022-01-09T16:50:35-07:00,1,0,진짜 별 하나도 아깝네 갑자기 로그앗되고 대화내용 다 날아감,아침부터 무슨 날벼락으로. 몇 분전까지 사용하던 앱이 대뜸 메시지 확인하려니까 로그아웃되어있고 로그인하려면 14일치 대화내용만 복원된다고?  업무 카톡방이 더 많은 직장인들은 오류천지 앱이니까 늘 대비해서 백업해 놓아야 합니까? 아침부터 짜증이 나서 이런 리뷰도 귀찮아 죽겠는데 씁니다. 아니 별점도 이 정돈데 개선할 의지는 있는지.
,카카오톡 KakaoTalk,우월한 빡빡이,2022-01-09T05:50:47-07:00,5,0,화면 멈춤 현상,지금 며칠 째 계속 되는 화면 멈춤 현상 어떻게 안되나요 평점1점은 안보니까 5점으로 달았으니까 보세요 제발 좀 ㅋㅋㅋㅋ
,카카오톡 KakaoTalk,정호미,2022-01-09T19:52:40-07:00,4,1,채팅방 숨김 기능 도입이 시급합니다,채팅방 숨김 기능 도입이 진짜진짜 시급합니다.. 정말 잘쓰고는 있고 다른 기능들에도 만족을 하는데! 채팅방 숨김 기능만 생기면 진짜 완벽한 앱일 것 같네요. 알림도 받기 싫고 채팅목록에서도 보기 싫긴 한데 자꾸 카톡은 오지만 그렇다고 또 나갈 수는 없는 채팅방이 꽤 되는데 알림을 아예 꺼 버릴수도 없고 골치 아프네요..  진짜진짜 채팅방 숨길수만 있게 되면 완벽한 앱이 될듯합니다. 제발 채팅방 숨김기능을 만들어주세요!!!!
,카카오톡 KakaoTalk,견둥,2022-01-09T12:07:42-07:00,4,0,채팅 삭제 기능,다 좋은데 채팅 삭제 기능 왜 바로 전에 보낸 것만 상대방에게 보이는 것 까지 삭제되고 시간이 지나면 제 꺼에서만 지울 수 있게 해 놓은 건가요... 2~3분만 지나도 안 되더라고요 시간이 조금 지나고 생각이 바뀔 수도 있는건데 항상 못 지우고 그래서 중요한 얘기 할 때는 카톡 사용하기가 꺼려집니다
,카카오톡 KakaoTalk,kimeehyeon,2022-01-09T19:45:21-07:00,1,0,아이패드 벽돌,아이패드 최신버전 작동안합니다.주가떨어지네
,카카오톡 KakaoTalk,지나가는에,2022-01-09T10:51:52-07:00,1,0,채널목록,안뜨게 할수 없나요 차단말고  온 /오프 씩으로 예전 카카오톡이 그립네여 뭔가  광고가 많아서 깔끔하지읺네여
,카카오톡 KakaoTalk,가나다라마바사아자타카카카카카,2022-01-09T19:09:32-07:00,1,0,제발 좀,카톡 오류 좀 제발 고쳐줘요 ㅠ 아이폰 12인데 톡 알람만 뜨고 앱 들어 가면 톡도 안 오고 보내지지도 않고 지웠다가 다시 깔면 4명 있는 단톡이 7명으로 뜨면서 대화 상대 없다고 뜨고; 진짜 뭐 하자는 겁니까 얼른 개선시켜주세요
,카카오톡 KakaoTalk,루리룸바,2022-01-09T04:59:33-07:00,3,0,카카오톡 프로필 비활성화 기능이 있었으면 좋겠어요,멀티프로필 아직 사용해 본 적은 없는데 업무나 지인들 연락을 각기 다른 프로필로 하면서 비활성화 기능이 있으면 좋을 것 같네요 24시간 7일 내내 연락이 on 상태니깐 예를 들어 업무 관련 외에는 연락을 받고 싶지 않을 때는 지인들과 소통중인 프로필이 비활성화 표시가 되면서 상대방이 메세지나 선물을 보낼 수 없게끔 카카오톡 사용하는 본인이 원할 때마다 설정할 수 있었으면 좋겠어요 그리고 카카오톡 선물이 주류 사업 아이템인 건 알고 있는데 원하지 않는 사람들은 선물을 받지 않게 끔 할 수 있는 기능도 필요하다고 생각해요 솔직히 카카오톡이 없다면 업무적으로도 그렇고 일상에도 많은 소통의 문제가 있는데 이런 비활성화 기능이 인간관계에 좀 지친 사람들에게 카카오톡 탈퇴 말고도 대안을 주지 않을까 합니다..
,카카오톡 KakaoTalk,뚱자몽,2022-01-09T04:49:22-07:00,2,0,패드 카카오톡 + 누를 때 종료되는 오류,"아이패드에서 카톡할 때 사진, 연락처 등 추가하는 + 버튼 누르면 왜 꺼지냐요. 최근에 산 패드라 패드 자체에 문제 있는 것 같지도 않고 다른 앱들은 이런 문제가 전혀 없는데 카톡만 그래요. 다시 시도해봐도 똑같이 계속 꺼집니다. 개선해주시면 좋겠어요 제발"
,카카오톡 KakaoTalk,09_JunHwan,2022-01-09T04:33:02-07:00,5,0,고쳐주세요..,카카오톡을 지웠다 깔면 계속 멈춥니다 무슨 오류인진 몰라도 고쳐주세요
,카카오톡 KakaoTalk,드러머 아리가또,2022-01-08T07:29:02-07:00,1,0,위젯기능 축소 되돌려주세요,금번 업데이트 이후 카카오페이 위젯이 시라졌네요? 매번 앱을 켜서 결제해야하는데 있는걸 없애서 번거로운일을 매번 하게만드는지 모르겠네요. 물적분할과 관련있는진 모르겠지만 그렇다고 카카오페이 위젯 기능이 강화된것도 아니고 황당합니다.
,카카오톡 KakaoTalk,다운 ㅡ,2022-01-08T22:58:15-07:00,2,0,"사진, 비디오 속도","사진, 비디오 보낼 때 속도가 최근들어 너무 느려져서 답답합니다"
,카카오톡 KakaoTalk,압구정입구,2022-01-08T09:05:24-07:00,1,0,제발,카톡이 늦게 가져요 고쳐 집인데 와이파이 짱 좋은데 늦게가져 아이폰 13임
,카카오톡 KakaoTalk,틱톡 규칙 바꿔요,2022-01-09T00:10:42-07:00,1,0,제발 이용제한 좀 확인해주세요,저 꼭 채팅해야 할 오픈채팅방이 있는데 7일 정지를 받았습니다. 제발 확인 좀 하고 제한 해주세요.
,카카오톡 KakaoTalk,582738282,2022-01-08T07:44:19-07:00,5,0,"글씨체 예쁜 것 좀 많이 내주세요,,, ㅠㅠ","카톡 평상시에 되게 잘 쓰고 있는데 글씨체 계속 쓰다보면 질려서 바꾸고 싶은데 요즘 글씨체 새로운 거 안 나와서 넘 속상쓰,,, 예쁜 거 엄청 많이 한꺼번에 내주셨음 좋겠는 바램,,, 🤍🤍 ㅜㅜ"
,카카오톡 KakaoTalk,황금막내 이강이,2022-01-09T03:41:20-07:00,4,0,실험실 기능,바람처럼 사라졌다가 소리 없이 나타날 수 있다... 보긴 봤는데요... 오픈 ㅊㅐ팅방 분리가 안 되니까 너무 불편해요... 불편한 걸 감수하면서까지 분리기능 없는 인생 살아야 한다니... 당황스럽군요
,카카오톡 KakaoTalk,618버스,2022-01-09T03:19:21-07:00,2,0,카톡음 ..,카톡음 .. 늘려주세요…………….카톡음 지겨워 ㅠ
,카카오톡 KakaoTalk,송회장,2022-01-09T02:46:28-07:00,1,0,큐알 체크인,드럽게 안뜸 맨날 뻑하면 흰색 화면
,오딘: 발할라 라이징,ys y,2022년 2월 12일,5,0,non-title,다 좋은데 스킬북 잘못구매해서 버릴수도없고 분해도안되는데 쓸데없이 자리만 차지해여 이거 처리좀 부탁드려요 구리고 캐릭삭제하는것도 레벨이 높아야 할수있다는데 다른 캐릭하고싶은데 캐릭창이 없어서 못만들고있어요 캐삭할때 레벨제한좀 풀어주세요
,오딘: 발할라 라이징,최현주냐ᅣ,2022년 2월 2일,1,57,non-title,게임플레이 뭐든지 다 과금이 필요한 잦같은 게임..경험치던전도.아이템던전도.파티던전도 제약잇고 돈내고 해야되는..필드는 극악의 드랍확률.카드.탈것.룬.각인 뭐든지 과금해야 투력올릴수잇는 더러운게임..과금러들만 즐길수잇는 pk시스템 상위길드만 보스통제 필드통제까지하면 접어야하는 더러운게임 쫒아다니면서 죽이면 경험치 계속 떨구고..걍 안하는게 정신건강에 좋은게임
,오딘: 발할라 라이징,혀니,2022년 2월 14일,1,0,non-title,던전 및 필드 이벤트 아이템 드랍이 안되네요 던전은 아이템을 하나도 못먹고 필드도 이벤트 아이템 드랍이 전혀 안되는데 뭔 경우인가요? 부케릭은 드랍 되는데 본케릭은 전혀 드랍이 안되요
,오딘: 발할라 라이징,돈돈,2022년 2월 9일,1,0,non-title,잘 하고 있었는데 보안이 위험할까봐 보호 조치한다는 핑계로 정지먹이고 지정한 카드사의 카드로 인증해야 정지를 풀어준다고 하네요 문의했지만 해당 카드사의 카드가 있어야 한다고 하여 없으니 삭제했습니다 5일 해본 경험으로는 게임은 괜찮았는데 관리가 아쉽네요
,오딘: 발할라 라이징,GJ Lee,2022년 1월 28일,1,16,non-title,그래픽팀에 몰빵하고 운영을 개떡같이 하는 게임 역대급으로 추가연장하는 게임은 오딘이 진짜진짜 처음임...버그도 못잡고 지들이 사고치면 유저한데 찾아서 보고하라고하고 보고하면 지들 맘대로 복구 해주고 안해줌. 유저 기만 엔띠 보다 더함
,오딘: 발할라 라이징,잉여,2022년 2월 7일,1,6,non-title,해킹당해서 접습니다 복구시켜주는대 2달걸리고 보상도 해킹범이 싸게팔아서 나온다야만 복구시켜줬습니다 아이템을 복구시켜줘야 맞는거아닌가요? 많이 화나네요 시간갈아 넣은 게임인데...
,오딘: 발할라 라이징,GG TEAM,2022년 2월 8일,1,0,non-title,작은폰은 어렵네요.테블릿 정도해야할듯 그리고 빌란트 서브케누르면 앞에가서 팅기네요.. 몇번이고. 그 다음부터 진행불가합니다.
,오딘: 발할라 라이징,하나오,2022년 2월 2일,3,4,non-title,"폴드3 쓰는데 자동회전기능, 폴드를 닫거나 열었을때 화면이 멈춰버려요 계속 다시 껏다켜야되고 짜증나죽겠어요 이것좀 제발 개선해주세요. 폴드3 화면 펼쳤을때 화면 회전 안해도 일반 세로모드에서는 로그인접속 터치가 안되요ㅡㅡ"
,오딘: 발할라 라이징,07규동,2022년 1월 26일,1,18,non-title,절때 이게임 하지마세요 혈압오름 매주 연장점검 하고 업데이트만하면 서버터트려서 임시점검하고 진짜 쓴돈 환불도 안되고 1/12일에는 7시간30분을 연장을 하는 게임입니다 오늘도 6시~11시까지 점검하고 15분연장 점검했다가 또 문제생겨서 17시30분까지 무지성 연장점검합니다 더 대박인건 여기서 또 연장점검 할수있다는 사실ㅋㅋㅋ 기가차네요
,오딘: 발할라 라이징,김대웅,2022년 2월 5일,3,16,non-title,지하감옥 7층. 성채2층 3층에 걸려있는 라인통제 를 깨고 싶어도 무복이 3번이라 통제깨기가 쉽지 않습니다 게임의 활성화를 위해서라도 그곳의 사냥터를 일정시간 무한적으로 경험치 안떨구는 시간을 만들어 주신다면 그시간 열심히 싸우지 않을까요 싸움의 최대 걸림돌은 경험치 복구때문아닐까요 일정시간 그리고 라인에게만 주어진 특권 이젠 풀방법 없어요 한방에 골로가는데 누가 라인에 큰소리칠까요 그냥 통제걸린곳에 경험치 안떨어진다면 무한 싸움 할 분들 많을지도 모름니다 이젠 멘탈잡고 즐기기 위해서라도 먼가 새로운게 필요할때 입니다
,오딘: 발할라 라이징,Yeon Seop Hwang,2022년 2월 2일,1,14,non-title,"업데이트 이후로 안드로이드/아이퐁 모두 계속 앱이 죽네요. 다른 유저들도 같다고 하고 방치모드 하다 죽고, 지하던전하다 죽고 너무 심하군요 하루에도 10번 이상 죽네요"
,오딘: 발할라 라이징,윤수민,2022년 2월 9일,1,0,non-title,겜시작한지 3일차....보호조치 당했는데.. 해제하는방법이 뭔가여 ? 진짜 어이가 없구만요... 게임해보면서 이런적 처음이네 진짜.. 뭔 이상한걸 다 만들어놓고.. 보호조치가 걸렸으면 해제를 바로 할 수 있게끔 만들어놓던가... 겜을 하라는건지 말라는건지... 아무리 생각해봐도 이건 아닌거 같은디..... 평점도 안찍으려다 실수로 눌렀는데 지워지지도 않네...
,오딘: 발할라 라이징,닌자minsookim298,2022년 2월 13일,5,0,non-title,오픈부터매일접속해서오늘까지게임을해왔는데어는정도레벨이되서필드보스잡을라고하는데 특정길드에의해서 통제가되고있는데 필드보스나 지하던전에서 잡으면 안되나여?특정길드만 잡을수있는건지? 더이상게임을하는건 의미가없는것같습니다.그래픽이나 게임방향성도 좋은데 아쉽네여~~
,오딘: 발할라 라이징,김성우,2022년 2월 11일,3,0,non-title,어느정도 과금도 해보면서 즐겨봤으나 확률이 너무 극악인지라 힘드네요 ㅎㅎ 살짝 지치는감이 있네요 하루 던전다돌고나면 래벨은 올라갔지만 투력이 낮으니 한계가 있고 퀘스트 보물찾기로 다른걸해봐도 마찬가지네요 투력을 과금이 아닌 다른방법으로도 올릴수있는 방법이 많았음합니다
,오딘: 발할라 라이징,이엘,2022년 1월 26일,1,18,non-title,하! 이건 정말 너무 한게 아닌가 싶습니다. 도대체 점검만 하면 게임을 제대로 하라는 건지 모르겠네요. 더군다나 점검 후 보상은 정말 필요로 하는 보상도 주어지지 않은 채 언제 던전을 끝내고 그 외 컨텐츠를 하겠습니까? 원하는 아이템 하나 획득하는 것도 몇 달 동안 꾸준히 해도 나오지도 않아 접을까도 십 수번 돈좀 버셨다고 이렇게 운영 하실겁니까? 캐릭터 한개로 게임을 하는 유저가 이젠 드물고 부캐릭 생성해서 좀 더 아이템 및 골드획득을 필요로 하는 수 많은 유저들이 있는데 매 주 점검에 임시점검에 시간을 다 뺏어버리면 컨텐츠를 제...전체 리뷰
,오딘: 발할라 라이징,Inhong Jee,2022년 2월 2일,2,73,non-title,게임 그래픽 면에서는 훌륭하다 하지만 빗맞음이라는 메세지와 함께 이게 게임을 하는건지 구경을 하는건지 알수 없게 만든다 다른 게임처럼 레벨차이로 인한 현상이라면 인정하겟지만 그런것도 아닌 겜을 너무 발로 만든건 아니냐는 생각도 드는 그럼 게임... 개발자가 게임을 직접 경험하지 않고 그저 돈벌이 수단으로 만든게 보인다는게 이 게임의 끝이 어떨지.... 망작들 보면 알수 잇듯 초기엔 잘나가다가 사라지는 게임이 될지도.... 광고에 돈 쓸 시간에 게임 개발에 힘쓰지!!!
,오딘: 발할라 라이징,이준수,2022년 2월 6일,5,4,non-title,서브퀘중 발란트를 찾아라중인데 며칠동안 오류가 발생하는데 조치가 없네요 돈을 좀 벌었다는건지 관리가 엉망인것 같네요 직원들 월급을 안주나? 라는 생각이 들정도
,오딘: 발할라 라이징,류환수,2022년 2월 14일,1,0,non-title,용량 ㅋㅋ 입구컷당함 살다살다 모바일이 피씨보다 용량이 커서 다운안되는건 첨보네 게임을 할순있게해야지 리니지보다 니들은 더 쓰레기다 ㅋㅋ 리니지는 게임이라도 하게는 해준다
,오딘: 발할라 라이징,성은주,2022년 2월 6일,1,4,non-title,왜 로그인이 안됩니까??계정로그인하는데 터치가 안먹혀요..지웠다가 다시깔아도 안먹히고..계속 로그인창만 뜨고..아우..증말..
,오딘: 발할라 라이징,슷,2022년 1월 26일,1,5,non-title,업데이트마다 하루를 그냥 통째로 난리게 만드네요 짜증나게 12시간이상 점검할거면 다른일좀 하게 점검시간좀 잘지키든가 아 짜증이 너무나네 그냥 환불하고 다른거 넘어갈까하는 생각까지 하고있네 인내심이 점점 바닥나
,오딘: 발할라 라이징,김윤근,2022년 2월 4일,5,0,non-title,무적스킬 수정좀 해주세여 무적상태인데 디버프가 걸린다는게 말도 안되고 무적시간 끝나면 디버프상태에서 데미지 들어와서 죽어버리니 이건 참 난감하네요
,오딘: 발할라 라이징,임성민,2022년 1월 29일,4,3,non-title,나름재미는있지만 게임에 문제가있다하면 서브미션중에 그 빌란트찾아가기 인가 그 미션만클릭하면 게임이끊기는데 이건 운영자분이해결해야할거같아서 리뷰를써봅니다
,오딘: 발할라 라이징,최현구,2022년 1월 28일,1,6,non-title,"사전예약하고 나서 오늘 설치하고 시작할려니 ""오랫동안 접속을 하지않아 시작화면으로 돌아갑니다"" 뜨네요...대체 뭔가요???"
,오딘: 발할라 라이징,이영재,2022년 2월 2일,5,1,non-title,대박 기대만큼 훌룡하네요....두근두근합니다 수정... 6개월째 즐기고 있습니다. 오래 즐길수있을것같네요. 더많은 컨텐츠 부탁드립니다
,오딘: 발할라 라이징,이찬희,2022년 1월 27일,2,2,non-title,오딘..이제유튜버들 계약끝나서..유저들 굴릴생각안하고..맨날점검..지긋하다..정검해서 달라질게..과금러들위해..만든게임이냐?ㅎㅎㅎㅎㅎㅎㅎㅎㅎㅎㅎㅎㅎㅎㅎㅎㅎㅎㅎ그래서 망한거야..ㅉㅉ
,오딘: 발할라 라이징,배영훈ᅳ,2022년 1월 27일,1,45,non-title,컨트롤이 필요벗틈... 피해도 맞음 ㅋㅋ 오토등 터치 범위가 좁음 ㅋㅋ ㅡㅡㅡㅡㅡㅡㅡ수정ㅡㅡㅡㅡㅡㅡㅡㅡ 서버관리 똥 리니지를 시작으로 확률성 변신 시스템 섭내 한명정도가 득템을 한다ㅋㅋㅋ(변신 팻틍) 방금도 하다 임시점검으로 튕굼... ㅡㅡㅡㅡㅡㅡㅡ 다시수정ㅋㅋㅋ ㅡㅡㅡㅡㅡ 특정구역에서 계속 팅기네? 이러니 욕을 처먹지 ㅉㅉ 걍 섭종 해라ㅉㅉ
,오딘: 발할라 라이징,신승복,2022년 1월 26일,1,6,non-title,거의 18시간씩하는데두 아직 전설도 안 나오구 투력도 잘 안 오름!!현질 많이 한 사람이 왕잡아서 라인 형성하고 맘에 안들면죽이는게임.매너켜두 겹나가 되구 돈 잡아먹는 귀신게임 인기 떨어지고 있으니깐.나중에 서비스 많이 줄듯~
,오딘: 발할라 라이징,정한결,2022년 2월 4일,5,0,non-title,미드가르드 서브퀘스트 신비한 사내 빌란트 지붕 올라가 있는 버그인지 진행이 안되네요. 이 신비한 아저씨 지붕에서 좀 내려주세요. 게임은 아주 재미있게 즐기고 있습니다.
,오딘: 발할라 라이징,뭐라냐.,2022년 2월 9일,5,0,non-title,제발 스나 전압좀 주세요ㅜㅜ 전설합성 여러번하는데 계속실패... 한번은 어쌔 나오고 돌리고 돌려도 어쌔... 다른 클래스와는 다르게 어쌔랑 스나 컬렉이 갈려서 직변도힘들고ㅜㅜ 아니면 원거리 근거리 컬렉을 통합하세요....제발....
,오딘: 발할라 라이징,이건던,2022년 2월 1일,2,4,non-title,재미있어요 근데 우선 현질없이는 힘든거는 그렇다쳐도 셀로비아라는 보스몹 상대하고있는데 공격범위 밖에 있어도 데미지가 그대로 들어와요 템도약해서 깨기도 힘든데 딜까지 빠짐없이 다 맞으니까 깰수가 없어요.
,오딘: 발할라 라이징,개소,2022년 1월 26일,1,10,non-title,계정 5개까지 만들수있게하고는 현질안하면 계정보호조치함. 그것도 매일 매일 신용카드로 인증하면 풀수있는데 매일 풀어줘야함. 운영 차암 잘함 너무 잘해서 주변사람들이 접음.
,오딘: 발할라 라이징,드래곤타투,2022년 1월 26일,1,43,non-title,능력도 안되면서 정기점검시간을 짧게 잡아놓고..연장에 연장..그리고 또 연장..점검을 12시간 넘게하는 게임이 어딧노..운영개판임! 운영자들 월급은 제대로 받나모르것네..게임측은 약관어기고..아무런 재제안받고..유저만 등꼴빼쳐먹는..나도 소과금이지만..돈쓴게 아깝다
,오딘: 발할라 라이징,비다,2022년 2월 8일,3,0,non-title,안녕하세요 오딘 3일차 신규유저인데 서브퀘스트중에 발란트를 찾아가는 퀘스트가있는데 발란트한테 말걸기를하면 앱이 튕겨져서 앱종료가됩니다. 확인한번만 부탁드립니다.
,오딘: 발할라 라이징,안쉬잖아,2022년 2월 7일,1,1,non-title,"리니지 순한맛이라고 하는데 틀린말이 아님. 7천정도 박고하면 그나마 할만할듯? ㅉㅉ. 유저와 소통따위는 개나줌. 아 핵과금애들이랑은 소통하는듯. 무소과금, 중과금 컨텐츠는 전무. 다시 하나 봐라. 카악~~ 퉤"
,오딘: 발할라 라이징,최한별,2022년 2월 6일,4,0,non-title,미드가르드 서브퀘스트에서 10장 6.발란트 찾아기가 있는데 발란트가 지붕 위에 있어서 안 되네요. 버그인지는 모르겠지만 고쳐주세요.
,오딘: 발할라 라이징,김관호,2022년 1월 29일,1,0,non-title,아니 이거 퀘스트 깨라고 만든거에요?? 야른을 어떻게깨요? 공략법 다찾아도 안깨지는걸 뭔수로깨라는건지ㅡㅡ 햐향좀해요 상점패키지나 갖다팔궁리만하지말고
,오딘: 발할라 라이징,서브제로,2022년 2월 2일,1,2,non-title,게임 잘만들어놓고 조금만 사람들 예기 귀울이면 될걸 왜운영을 이렇게 해요?무기라곤 어서 쌍욕나오는 막대기 ㅋㅋㅋ 사람들 예기는 왜 아무답변도 없나요 나몰라라 하는거유? 결론은 돈이슈? 에라이
,오딘: 발할라 라이징,김기현,2022년 2월 1일,5,1,non-title,게임을재밌게 하고있는데 모아둔황금각인도장85개 사라졌음 대 명절에 이러니 기분이 더 안좋음 별점테러는 안합니다 재밌게하고있는유저라 해결만해주세요
,오딘: 발할라 라이징,김썽,2022년 1월 28일,1,0,non-title,서브퀘 팅김현상 발란트와 말하라는 퀘스트인데 위로 올라갈길도 없고 밑에서 클릭되는거 같아서 클릭해봤어요 지금 현재 5번째 팅기고있습니다 획인부탁드려요
,오딘: 발할라 라이징,To T,2022년 2월 3일,1,3,non-title,거지같은 보호조치 때문에 겜접어용 한동안 잘하고잇엇는데 카드인증도 안되고 아 짜증나 거지같아 진짜 더러워서 안하고말지 재밋엇다 이때까지 딴 게임찾으러간다 ㅂㅂㅂ2
,오딘: 발할라 라이징,폭렬사주지,2022년 2월 4일,1,0,non-title,양대 마켓 1등이라고 이벤트 한다는데 언제 1등ㅈ을 한거지?? 1등에서 본적이 없는데.... 혹시 뽑기로 유저등꼴 빨아서 매출 1등한거 말하는건가??
,오딘: 발할라 라이징,정원,2022년 2월 2일,1,0,non-title,오랜시간 동안 접속 하지않아서 시작화면 이동 하는데 뭐 어쩌라는건지 20번을 접속 시도 해도 계속 같은 말만 하네요
,오딘: 발할라 라이징,유주현,2022년 2월 4일,1,0,non-title,최근 설치해서 사용중인데 특정 지역에서 진행안되고 폰이 꺼짐 서브퀘 발란트 만나러가서 이야기하려고하면 튕김 다시 찾아가도 튕김 무한 튕김 게임 진행이 안됨
,오딘: 발할라 라이징,김경수,2022년 2월 10일,4,0,non-title,아직까진 괜찮은데 겸치를 너무 적게 주는거 같네요. 던전이나 사냥터가 부족한거 같기도 하고 여러모로 부족한거 같긴 한데.
,오딘: 발할라 라이징,음악저장소,2022년 1월 26일,1,1,non-title,게임찾다가 오늘백신3차맞아서 다운받고 1시에켯는데 점검이길래계속연장하다 5시반까지라해서 기다렷는데 또연장이네요?아사람들이이걸말하는건가보네요 언제까지 점검하게요?? 시작도하기전에 삭제할게요
,오딘: 발할라 라이징,박순민,2022년 1월 26일,5,15,non-title,게임을 재미있게 하는유저입니다 다름이아니라 패시브버그가있는거같아서 문의도 넣어보고 억울해서 이렇게적습니다 부캐릭으로 거래소에서 패시브를사고 창고에 넣으려고 인벤토리누르자마자 자동으로 스킬북이 자동으로 부캐릭에 들어갔습니다 ... 이거 좀 어떻게 해결이 안될까요..?
,오딘: 발할라 라이징,김창옥,2022년 1월 27일,2,2,non-title,1점 주기도 아까운 게임 게임에 접속을 했는데 무슨 시간이 지났다고 개소리나 해대고 이따위로 할꺼임 빨리 도쳐주셈 게임 하지도 못하게하는 게임 수준 ㄹㅇ.....
,오딘: 발할라 라이징,뀨뀨루규루귭,2022년 2월 6일,1,0,non-title,빌란트 찾아가는 퀘스트 할 때 빌란트 말 걸면 계속 게임 튕겨요. 섭퀘 좀 밀고 싶은데 찾아보니 저만 그런거 아니네요.
,오딘: 발할라 라이징,유예나,2022년 2월 9일,1,0,non-title,아니 해제하라고해서 했는데 결국은 신용/체크 이런거로되네요 그런것 없었으면 좋겠네요 빨리 해결해주세요
,오딘: 발할라 라이징,김수영,2022년 1월 28일,1,1,non-title,수많은게임해봣지만 PK를대놓고하고 퀘스트깰려면척살하고 이런식으로겜운영하나 필드를정해놓고하던가 재밋게할려고하는데 재미는눈꼽만큼없네
,오딘: 발할라 라이징,jiwon yu,2022년 1월 26일,1,452,non-title,"매주 점검하고나면 연장점검, 임시점검, 긴급점검. 심지어 점검하고 나면 자동업데이트도 안됨. 오딘 키면 업데이트하라하고, 플레이스토어에는 업데이트 비활성화. 이게 출시후 매번 이렇게 업데이트하는건 말도 안되는거 같은데 그걸 해냄. 업데이트하면 또 소리는 조절 못하게 해놔서 무조건 볼륨 꺼야됨. 현질도 확률 더러워서 하다가 이제 지갑 잠금."
,오딘: 발할라 라이징,서유영,2022년 1월 26일,1,1,non-title,대단하다 점검을 그렇게 오래 했는데 상자열면 겜자체가 멈추는건 머냐 진짜 대단들 하다
,오딘: 발할라 라이징,조창우,2022년 1월 27일,5,0,non-title,"어설픈 현질 할거면 무과금 하세요. 아이템,소환 확율극악 입니다."
,오딘: 발할라 라이징,최정민,2022년 1월 26일,1,1,non-title,수요일마다 정기정검 하루도 안빠지고하고 기본 8 시간 4시간점검하고1시간겜하고다시1시간 정검 무한반복 짜증나서 껨 못하것당~~
,오딘: 발할라 라이징,zoom,2022년 1월 26일,4,14,non-title,오딘 다좋은데 게임 업데이트시 게임 클릭시 자동링크으로 업뎃 되게 해줘라... 자동링크업뎃 안되시는분들 구글에서 검색해서 들어가면 업뎃 됩니다.
,오딘: 발할라 라이징,미미니,2022년 1월 28일,1,0,non-title,ㅋㅋ 그냥. 나락으로 간게임 업뎃하고 보상주고 확률싹다 내리는 ㅋㅋ 걍. 리니x가나을듯ㅋㅋ 무슨 일주일에 업뎃을 반을하는기분이네ㅋㅋ
,오딘: 발할라 라이징,세인트세이야,2022년 1월 31일,1,0,non-title,오랜시간동안 접속하지 않아서 시작화면으로 이동합니다. 무한반복
,오딘: 발할라 라이징,TAESOO LEE,2022년 1월 31일,1,0,non-title,퀘스트에서 빌란트 찾아가면 빌란트는 지붕위에 있고 대화걸면 게임 팅기는게 무한으로 반복되는데 왜이런거죠?
,오딘: 발할라 라이징,min,2022년 2월 13일,1,0,non-title,밤낮을 갈아서 꾸역꾸역41렙 어쎄신 만들었더니 다음날 보호조치 받았네요 문의도 넣어놓고 이것저것 다했는데 결국 아무것도 못하네요 그냥 처음부터 하지말라고 하든가 잘 키워놨더니 보호 걸고 이게 맞아요????
,오딘: 발할라 라이징,Sungjoon Kim,2022년 1월 26일,2,2,non-title,업데이트를 했는데 카카오 본인인증을 하라고 해서 할려고 하는데 로그인한 회원정보와 본인인증 필요계정이 일치하지 않는다고 뜨면서 로그인이 안돼요. 해결해주세요
,오딘: 발할라 라이징,언더독,2022년 2월 3일,3,0,non-title,자자 결국 현질했고 40만원 ->200 한 결과 나름 ㄱㅊ아졌음 렙업하면서 아이템 수집하고 마나템 끼니까 어느정도 마나 수급 가능 근데 스킬 다 켜놓고 못 함 무과금은 한계 느껴질듯 확실히 과금하니 pvp도 잘 따고 재밌어졌음
,오딘: 발할라 라이징,황우섭,2022년 1월 27일,2,0,non-title,무슨 점검만하면 계정이 취약하다면서 보호조취에 들어가나요 게임을 할만하면 점검때 너무 자주그러내요 ㅠ ㅠ
,오딘: 발할라 라이징,J S,2022년 2월 4일,1,6,non-title,오랜만에 겜하려고 했더니 오랜시간 접속되지 않아 초기화면으로 돌아간다는 문구만 계속 나오고 접속이 되지않네. 별5점에서 1점드립니다 아예 접속장애가 일어나서 접속도 안되는데 공지에 정상화라고 되어있고 운영이 똥망인듯
,오딘: 발할라 라이징,Kim내파일,2022년 1월 5일,2,170,non-title,"라이트 무과금유저. 헤비유저와 평가의 차이가 있을 수 있음. 아이템 드랍은 나쁘지 않은 수준임. 단, 스킬북은 매우 얻기 어려워서 한 지역 붙박이 사냥을 해도 여태 하나 먹은게 다 임. (남의 스킬북이라 필요 없었음) PK가 좀 자유로운 게임이라 그로 인해 서버별 분이기가 상이함. 길드 컨텐츠가 좀 적음. 욕설 난무 성드립 패드립 난무하는 것은 유저의 역량이라 안타까움. 19세 게임인데 대화 수준이 너무 저렴함. 다만, 신고를 계속 하면 잘 해결되는 것 같음. 뽑기의 경우 최악임. 과금상관없이 많이 뽑아도 주로 흰색이 나옴. 합성시...전체 리뷰"
,오딘: 발할라 라이징,조서현,2022년 1월 27일,5,0,non-title,살면서 가장 재밌게 하고있는게임입니다. 24시간 돌려놓는데 점검할때면 금단현상이...ㅠㅠ
,오딘: 발할라 라이징,유동민,2022년 1월 28일,5,0,non-title,보호조치해제하는건 핸드폰으로 안대나요?? 컴퓨터가없는대... 어떻게해요 게임을 못하고있어요 빨리 해결해주세요 게임이 너무 잼있다구요
,오딘: 발할라 라이징,유선영,2022년 2월 13일,1,0,non-title,강화실패 제발ㅡ 이건 넘 하지 않나요?? 아바타 뽑기 합성ㅡ 진짜 아무리 저주손이라 해도ㅡ 이건 진짜ㅡ 욕 나올정도로 ㅡ 과금 안하는 사람들도 영웅 아바타 잘도 나오든데ㅡ 에휴
,오딘: 발할라 라이징,양우준,2022년 2월 10일,1,7,non-title,오딘 하지마세요 전형적인 과금 게임에 강화 더럽거 안되는게임이에요 엔씨보다 더강화 드랍율 극악임 7강화띄 우기힘들고 그이상은 에효 답없음
,오딘: 발할라 라이징,Jeongho Kim,2022년 1월 16일,1,22,non-title,난쟁이 왕가 퀘스트 중에서 짜증나게 버그가 계속 발생하네요. 처음에는 괜찮은데 로키가 후반으로 가면 범위에서 벗어나있어도 공격에 계속 맞아서 죽어요. 완전 뒤에 있는데도 맞아서 죽어요. 오류 수정좀 해주세요. 계속 트라이하는데 시간이 너무 아깝네요. 빨리 수정해주세요!!!!!!!!!!!
,오딘: 발할라 라이징,황선상,2022년 2월 6일,4,1,non-title,1챕터 서브퀘 빌란트 지붕에 있어서 2주째 퀘스트 완료못하고있음 수정바람 어거지로 클릭하면 강제종료됨
,오딘: 발할라 라이징,이해란,2022년 2월 1일,1,1,non-title,오후 5시55분 카톡으로 문자와서 접속하고 했는데 아무것도 안주네요 뻥치시는건가요
,오딘: 발할라 라이징,조철래,2022년 2월 6일,5,0,non-title,과금을 하지않아도 편하게즐길수있는것같고 다른게임에는없는 기능들도 있어서 업하기도 조은듯
,오딘: 발할라 라이징,HaeYeon Nam,2022년 2월 7일,5,0,non-title,서브퀘스트좀 깨주게해줘여ㅡㅡ 아니 빌란트를 지붕위에올려놓고 말하기누르면자꾸튕기잖아여 퀘스트를깨라는건지 말라는건지 알수가없네요ㅡ
,오딘: 발할라 라이징,김지현,2022년 2월 12일,1,0,non-title,상점에서 전리품정리 버튼만 누르면 그냥 팔아지는데 두번이나 그러니 짜증나네요 전리품정리버튼 눌러도 예 아니오 떠야하는거 아닌가요? 메인 캐릭터까지 한번 잘못눌렀다고 싹다팔리니 어이가없네요
,오딘: 발할라 라이징,김무령,2022년 1월 26일,1,0,non-title,"환불신청 하고싶네요, 점검 너무길어서 게임을 못합니다."
,오딘: 발할라 라이징,낑깡V,2022년 1월 18일,1,30,non-title,캐릭밸런스 진심 토나옴. 스나유저인데 일단 스나는 비츄. 상성이 어느정도있긴한듯한데 일단 투력좀되는 다크 아크 세인트 3.2인데 스나3.6이랑 맘먹음 3.4되니 잡지도 못하고 내가 베르마니함. 다크 석화스킬은 답없음. 움질일때는 속박들어가도 저멀리까지 걸어가서 속박걸리고 버그수정및 케릭밸런스좀 시급한시기.
,오딘: 발할라 라이징,양승민,2022년 1월 26일,1,12,non-title,업데이트만하면 구글에 업데이트가 뜨는게 아니라 플레이버튼만 계속 뜨고 플레이버튼 누르고 다시 업데이트만 반복.. 어중간한 과금투자로는 힘든 게임 극악의 당첨확률의 아이템때문인듯. 몇달을 하면서 희귀이상 나온적이 없음.
,오딘: 발할라 라이징,TheMen이남자,2021년 12월 31일,1,157,non-title,진짜 돈쓰면 바보인 게임. 라인에서 통제해서 돈써봐야 제자리인 게임. 돈쓰면 머하나? 통제해서 사냥도 제대로 못하고 보스도 못잡고. 그냥 무과금 즐기시길 권장. 돈쓰면 빙시. 라인통제에 지감도 제대로 사냥못하고 거점지배자 구경도 못하고 전설? 좋은템? 있어봐야 사냥할곳도 없고 그냥 매일 필드자사뿐. 오딘게임은 피케이 시스템이 있어서 더이상 발전 못하는게임. 리니지가 피케이 있다고 따라한거같은데 게임이 다른데 비슷한설정을 하면 먹히나?
,오딘: 발할라 라이징,남자박시현,2021년 12월 10일,1,352,non-title,꼭 끝까지 정확히 읽어보시길바랍니다. 11월22일부터 로그인 불가현상으로 피해본유저입니다 이제 한주동안 문의 답장도 없네요 분명 로그인 불가능 현상에대해 자세하게 설명해드렸고 하라는데로 11월22일부터 모든걸 해드렸지만 오딘측에서도 어쩌지도 못하고 아무것도 해주지 못하면서 그럼 게임을 못하니 환불처리를 요구했더니 그마저도 해주지않고 그저 답장을 해주지않는걸로 마무리 지엇나요? 정말 무책임하단 생각 안하세요? 계정도 보내드렸고 아무런 조치를 해줄수없다면 환불해주는게 정상 아닌가요? 전 제 지갑에 돈을 가져가서 돌려주지않는것과 같은기분...전체 리뷰
,오딘: 발할라 라이징,이덕순,2022년 1월 29일,1,0,non-title,본인 인증을 신용카드로 하는거 첨 보네 신용카드 없는사람은 갬 하지말란 말이요 카드회사랑 사바사바해서 실적올리려는거요 신용카드 싫어하는 사람은 체크(현금카드)카드로도 가능하게 하고 카드인증도 폭 넓게 해야지 몇군데지정해서 하라고하니 실적올리려는 소리나듣죠 국민청원 올려야 겠어요 신용카드 없어서 오딘게임 못 하고 있습니다 게임하고싶어요 별일 다보네요
