APP_IMG,APP_NAME,USER,DATE,STAR,LIKE,COMMENT,OS
https://play-lh.googleusercontent.com/RLfVW5sxXk8YHa0KfcqmPoIVJmBHzwZlrZYcFf8rBMr5DUPEdE7YyZS-qfPj5VzfwdA=s180-rw,던전앤파이터 모바일(12),원진섭,2022-03-28 00:00:00+09:00,5,0,재미있어요,android
https://play-lh.googleusercontent.com/RLfVW5sxXk8YHa0KfcqmPoIVJmBHzwZlrZYcFf8rBMr5DUPEdE7YyZS-qfPj5VzfwdA=s180-rw,던전앤파이터 모바일(12),아연,2022-03-28 00:00:00+09:00,3,0,재밋는데 피로도가 너무부족해요,android
https://play-lh.googleusercontent.com/RLfVW5sxXk8YHa0KfcqmPoIVJmBHzwZlrZYcFf8rBMr5DUPEdE7YyZS-qfPj5VzfwdA=s180-rw,던전앤파이터 모바일(12),김환희,2022-03-27 00:00:00+09:00,5,0,이런게임을 원했습니다 감사합니다,android
https://play-lh.googleusercontent.com/RLfVW5sxXk8YHa0KfcqmPoIVJmBHzwZlrZYcFf8rBMr5DUPEdE7YyZS-qfPj5VzfwdA=s180-rw,던전앤파이터 모바일(12),루미나레,2022-03-27 00:00:00+09:00,5,0,자동사냥이 아니어서 좋아요 추억도 새록새록 생각나고 ㅎㅎ 재미있어요,android
https://play-lh.googleusercontent.com/RLfVW5sxXk8YHa0KfcqmPoIVJmBHzwZlrZYcFf8rBMr5DUPEdE7YyZS-qfPj5VzfwdA=s180-rw,던전앤파이터 모바일(12),이구역이쁘니,2022-03-27 00:00:00+09:00,5,0,생년월일 월별로 언제 옮기냐..한방에적게하든가..졸라깝깝하네,android
https://play-lh.googleusercontent.com/RLfVW5sxXk8YHa0KfcqmPoIVJmBHzwZlrZYcFf8rBMr5DUPEdE7YyZS-qfPj5VzfwdA=s180-rw,던전앤파이터 모바일(12),최정웅,2022-03-27 00:00:00+09:00,5,0,매우좋습니다,android
https://play-lh.googleusercontent.com/RLfVW5sxXk8YHa0KfcqmPoIVJmBHzwZlrZYcFf8rBMr5DUPEdE7YyZS-qfPj5VzfwdA=s180-rw,던전앤파이터 모바일(12),moon Kim,2022-03-27 00:00:00+09:00,5,0,진짜 역대급입니다!,android
https://play-lh.googleusercontent.com/RLfVW5sxXk8YHa0KfcqmPoIVJmBHzwZlrZYcFf8rBMr5DUPEdE7YyZS-qfPj5VzfwdA=s180-rw,던전앤파이터 모바일(12),브이오공,2022-03-27 00:00:00+09:00,5,0,캐쥬얼,android
https://play-lh.googleusercontent.com/RLfVW5sxXk8YHa0KfcqmPoIVJmBHzwZlrZYcFf8rBMr5DUPEdE7YyZS-qfPj5VzfwdA=s180-rw,던전앤파이터 모바일(12),사람노래하고싶은,2022-03-27 00:00:00+09:00,4,0,경매장이용할려하는대 경매장자체가없네여?그것만어트케고쳐주면 별5점드립니다,android
https://play-lh.googleusercontent.com/RLfVW5sxXk8YHa0KfcqmPoIVJmBHzwZlrZYcFf8rBMr5DUPEdE7YyZS-qfPj5VzfwdA=s180-rw,던전앤파이터 모바일(12),게섯거라,2022-03-27 00:00:00+09:00,5,0,피씨로 못해본거라 모바일로 해봤는데요~ 재밌네요~,android
https://play-lh.googleusercontent.com/RLfVW5sxXk8YHa0KfcqmPoIVJmBHzwZlrZYcFf8rBMr5DUPEdE7YyZS-qfPj5VzfwdA=s180-rw,던전앤파이터 모바일(12),더,2022-03-27 00:00:00+09:00,3,0,19세 버전이랑 연동되나요?,android
https://play-lh.googleusercontent.com/RLfVW5sxXk8YHa0KfcqmPoIVJmBHzwZlrZYcFf8rBMr5DUPEdE7YyZS-qfPj5VzfwdA=s180-rw,던전앤파이터 모바일(12),clock box,2022-03-27 00:00:00+09:00,2,1,리뷰 작작좀 지우고 내년에 19로 넘어갈건데 데이터 유지 되냐고요,android
https://play-lh.googleusercontent.com/RLfVW5sxXk8YHa0KfcqmPoIVJmBHzwZlrZYcFf8rBMr5DUPEdE7YyZS-qfPj5VzfwdA=s180-rw,던전앤파이터 모바일(12),짭도령,2022-03-27 00:00:00+09:00,5,0,던파도 메이플도 면제겜은 아니다! 던파 오래갑시다,android
https://play-lh.googleusercontent.com/RLfVW5sxXk8YHa0KfcqmPoIVJmBHzwZlrZYcFf8rBMr5DUPEdE7YyZS-qfPj5VzfwdA=s180-rw,던전앤파이터 모바일(12),윤동균,2022-03-27 00:00:00+09:00,5,0,추억돋네요ㅋㅋ,android
https://play-lh.googleusercontent.com/RLfVW5sxXk8YHa0KfcqmPoIVJmBHzwZlrZYcFf8rBMr5DUPEdE7YyZS-qfPj5VzfwdA=s180-rw,던전앤파이터 모바일(12),이도현이도현,2022-03-27 00:00:00+09:00,5,0,(💝옆집이도현오빠♂👦💝🙆앞집첫재딸♀💝).,android
https://play-lh.googleusercontent.com/RLfVW5sxXk8YHa0KfcqmPoIVJmBHzwZlrZYcFf8rBMr5DUPEdE7YyZS-qfPj5VzfwdA=s180-rw,던전앤파이터 모바일(12),장영수,2022-03-27 00:00:00+09:00,1,0,외국은 또막아놨네 답답하네 에라 1점,android
https://play-lh.googleusercontent.com/RLfVW5sxXk8YHa0KfcqmPoIVJmBHzwZlrZYcFf8rBMr5DUPEdE7YyZS-qfPj5VzfwdA=s180-rw,던전앤파이터 모바일(12),Woosung Weon,2022-03-27 00:00:00+09:00,3,0,일단 게임 자체는 아주 고퀄리티를 자랑합니다 RPG게임이기에 현질러와 차이는 당연히 있지만 이거는 꼭 고쳐주세요 바로 SDK초기화 입니다 이거 계속 뜨면서 튕기는데 저 하나가 아닌 현재 온라인 커뮤니티 상에서도 논란이 되고 있는 문제이고 운영자님 답변 빨리하주시고 해결 빠르게 부탁 드립니다 해당 용국가 차단제도 또한 빨리 풀어주세요,android
https://play-lh.googleusercontent.com/RLfVW5sxXk8YHa0KfcqmPoIVJmBHzwZlrZYcFf8rBMr5DUPEdE7YyZS-qfPj5VzfwdA=s180-rw,던전앤파이터 모바일(12),냥냥백냥,2022-03-27 00:00:00+09:00,3,0,게임은 완벽합니다 그중에서 거슬리는점을 하나 골라보라면 이게 버그인가 싶은데 경매장이 없습니다 경매장 컨텐츠가 있는건 확실할텐데 어딜가도 경매장으로 가는버튼이 없습니다 이거 정상인가요? 만약에 이게 버그라면 고쳐주세요,android
https://play-lh.googleusercontent.com/RLfVW5sxXk8YHa0KfcqmPoIVJmBHzwZlrZYcFf8rBMr5DUPEdE7YyZS-qfPj5VzfwdA=s180-rw,던전앤파이터 모바일(12),박정근,2022-03-27 00:00:00+09:00,4,0,괜찮아용,android
https://play-lh.googleusercontent.com/RLfVW5sxXk8YHa0KfcqmPoIVJmBHzwZlrZYcFf8rBMr5DUPEdE7YyZS-qfPj5VzfwdA=s180-rw,던전앤파이터 모바일(12),정복자,2022-03-27 00:00:00+09:00,1,0,불법 프로그램을 깐적도 없는데 불법프로그램이 발견되었다고 계속 뜨네요 19버전 둘 다,android
https://play-lh.googleusercontent.com/RLfVW5sxXk8YHa0KfcqmPoIVJmBHzwZlrZYcFf8rBMr5DUPEdE7YyZS-qfPj5VzfwdA=s180-rw,던전앤파이터 모바일(12),정인,2022-03-27 00:00:00+09:00,5,0,성인인증 안해도 할수 있게 만들어주세요 많은 사람들과 하고싶은데 소수에 사람과하니 시시해요,android
https://play-lh.googleusercontent.com/RLfVW5sxXk8YHa0KfcqmPoIVJmBHzwZlrZYcFf8rBMr5DUPEdE7YyZS-qfPj5VzfwdA=s180-rw,던전앤파이터 모바일(12),다나,2022-03-27 00:00:00+09:00,5,0,^모^b,android
https://play-lh.googleusercontent.com/RLfVW5sxXk8YHa0KfcqmPoIVJmBHzwZlrZYcFf8rBMr5DUPEdE7YyZS-qfPj5VzfwdA=s180-rw,던전앤파이터 모바일(12),닝겐임,2022-03-27 00:00:00+09:00,3,0,무과금들은 기본 아바타는 레어 아바타는 어케 얻으라고요 마을에 풀레아 입운 유저볼때마다 현타와서 접고 싶어짐 그 뒤로는 다좋음,android
https://play-lh.googleusercontent.com/RLfVW5sxXk8YHa0KfcqmPoIVJmBHzwZlrZYcFf8rBMr5DUPEdE7YyZS-qfPj5VzfwdA=s180-rw,던전앤파이터 모바일(12),Emily Choi,2022-03-27 00:00:00+09:00,5,0,재밌어요,android
https://play-lh.googleusercontent.com/RLfVW5sxXk8YHa0KfcqmPoIVJmBHzwZlrZYcFf8rBMr5DUPEdE7YyZS-qfPj5VzfwdA=s180-rw,던전앤파이터 모바일(12),박성호,2022-03-27 00:00:00+09:00,1,0,왜 결투장에서공격이씹힘? 너무한거아님?짜증나,android
https://play-lh.googleusercontent.com/RLfVW5sxXk8YHa0KfcqmPoIVJmBHzwZlrZYcFf8rBMr5DUPEdE7YyZS-qfPj5VzfwdA=s180-rw,던전앤파이터 모바일(12),또치,2022-03-27 00:00:00+09:00,5,0,잼있어요,android
https://play-lh.googleusercontent.com/RLfVW5sxXk8YHa0KfcqmPoIVJmBHzwZlrZYcFf8rBMr5DUPEdE7YyZS-qfPj5VzfwdA=s180-rw,던전앤파이터 모바일(12),한정훈,2022-03-27 00:00:00+09:00,5,0,재밋네요,android
https://play-lh.googleusercontent.com/RLfVW5sxXk8YHa0KfcqmPoIVJmBHzwZlrZYcFf8rBMr5DUPEdE7YyZS-qfPj5VzfwdA=s180-rw,던전앤파이터 모바일(12),B비,2022-03-27 00:00:00+09:00,5,0,와 겁나 재밌어요,android
https://play-lh.googleusercontent.com/RLfVW5sxXk8YHa0KfcqmPoIVJmBHzwZlrZYcFf8rBMr5DUPEdE7YyZS-qfPj5VzfwdA=s180-rw,던전앤파이터 모바일(12),밥밥,2022-03-27 00:00:00+09:00,4,0,궁금한게 있어서 문의드립니다 지금 던전엔파이터 모바일 재밌게 즐기는 유저인데요 던전엔파이터 12세버전이랑 18세버전이랑 계정이 똑같이 연동되나 궁급합니다 12세에서 키운걸 18세에서도 하면 18세버전에서 이어서할수있나,android
https://play-lh.googleusercontent.com/RLfVW5sxXk8YHa0KfcqmPoIVJmBHzwZlrZYcFf8rBMr5DUPEdE7YyZS-qfPj5VzfwdA=s180-rw,던전앤파이터 모바일(12),눈사랑,2022-03-27 00:00:00+09:00,3,0,불법프로그램드립칠때 게임부스터(최적화)어플 지우니까 됨,android
https://play-lh.googleusercontent.com/RLfVW5sxXk8YHa0KfcqmPoIVJmBHzwZlrZYcFf8rBMr5DUPEdE7YyZS-qfPj5VzfwdA=s180-rw,던전앤파이터 모바일(12),허장휘,2022-03-27 00:00:00+09:00,5,0,굿,android
https://play-lh.googleusercontent.com/RLfVW5sxXk8YHa0KfcqmPoIVJmBHzwZlrZYcFf8rBMr5DUPEdE7YyZS-qfPj5VzfwdA=s180-rw,던전앤파이터 모바일(12),김광수,2022-03-27 00:00:00+09:00,5,0,꿀잼,android
https://play-lh.googleusercontent.com/RLfVW5sxXk8YHa0KfcqmPoIVJmBHzwZlrZYcFf8rBMr5DUPEdE7YyZS-qfPj5VzfwdA=s180-rw,던전앤파이터 모바일(12),박재민,2022-03-27 00:00:00+09:00,5,0,검열 때문인건 알지만 그래도 버서커 기술 같은건 황토색말고 주황색이나 빨간색 비슷한 걸로 해주지.. 나중에 패치라도 해줘요 그거 빼곤 다 좋아요!,android
https://play-lh.googleusercontent.com/RLfVW5sxXk8YHa0KfcqmPoIVJmBHzwZlrZYcFf8rBMr5DUPEdE7YyZS-qfPj5VzfwdA=s180-rw,던전앤파이터 모바일(12),보리보리쌀,2022-03-27 00:00:00+09:00,5,0,"모바일 환경에 잘 맞는 게임이고, 앞으로 컨텐츠들을 많이많이 추가해주시길 바래요!",android
https://play-lh.googleusercontent.com/RLfVW5sxXk8YHa0KfcqmPoIVJmBHzwZlrZYcFf8rBMr5DUPEdE7YyZS-qfPj5VzfwdA=s180-rw,던전앤파이터 모바일(12),김백열,2022-03-27 00:00:00+09:00,5,0,다최고,android
https://play-lh.googleusercontent.com/RLfVW5sxXk8YHa0KfcqmPoIVJmBHzwZlrZYcFf8rBMr5DUPEdE7YyZS-qfPj5VzfwdA=s180-rw,던전앤파이터 모바일(12),다리오,2022-03-27 00:00:00+09:00,4,0,재미있어요!근데 혹시 히든직업이나 히든엔퀘스트은 없나요??,android
https://play-lh.googleusercontent.com/RLfVW5sxXk8YHa0KfcqmPoIVJmBHzwZlrZYcFf8rBMr5DUPEdE7YyZS-qfPj5VzfwdA=s180-rw,던전앤파이터 모바일(12),도성임명,2022-03-27 00:00:00+09:00,5,0,아주 재미있게 함,android
https://play-lh.googleusercontent.com/RLfVW5sxXk8YHa0KfcqmPoIVJmBHzwZlrZYcFf8rBMr5DUPEdE7YyZS-qfPj5VzfwdA=s180-rw,던전앤파이터 모바일(12),임윤,2022-03-27 00:00:00+09:00,5,0,"던파의 느낌을 잘 살렸고, 스토리에 몰입감이 있다. 여러모로 메이플m과 비교되는 게임.",android
https://play-lh.googleusercontent.com/RLfVW5sxXk8YHa0KfcqmPoIVJmBHzwZlrZYcFf8rBMr5DUPEdE7YyZS-qfPj5VzfwdA=s180-rw,던전앤파이터 모바일(12),우지니tvwoojiny,2022-03-27 00:00:00+09:00,4,0,사전등록했는데 쿠폰이안오네요 저만그런가;;,android
https://play-lh.googleusercontent.com/RLfVW5sxXk8YHa0KfcqmPoIVJmBHzwZlrZYcFf8rBMr5DUPEdE7YyZS-qfPj5VzfwdA=s180-rw,던전앤파이터 모바일(12),Seong hun Kim,2022-03-27 00:00:00+09:00,5,0,옛날감성 느낄수 있어요,android
https://play-lh.googleusercontent.com/RLfVW5sxXk8YHa0KfcqmPoIVJmBHzwZlrZYcFf8rBMr5DUPEdE7YyZS-qfPj5VzfwdA=s180-rw,던전앤파이터 모바일(12),조동현,2022-03-27 00:00:00+09:00,5,0,재밌ㄴ0요,android
https://play-lh.googleusercontent.com/RLfVW5sxXk8YHa0KfcqmPoIVJmBHzwZlrZYcFf8rBMr5DUPEdE7YyZS-qfPj5VzfwdA=s180-rw,던전앤파이터 모바일(12),박장우,2022-03-27 00:00:00+09:00,5,0,너무 재밌어서 계속하게 되네요 액션 쾌감이 장난 아닙니다,android
https://play-lh.googleusercontent.com/RLfVW5sxXk8YHa0KfcqmPoIVJmBHzwZlrZYcFf8rBMr5DUPEdE7YyZS-qfPj5VzfwdA=s180-rw,던전앤파이터 모바일(12),권시혁,2022-03-27 00:00:00+09:00,1,0,게임을 깔고 시작을 했는데 지역 어쩌고 저쩌고 영어로 뭐라고 하고는 튕기네요...... 왜죠?,android
https://play-lh.googleusercontent.com/RLfVW5sxXk8YHa0KfcqmPoIVJmBHzwZlrZYcFf8rBMr5DUPEdE7YyZS-qfPj5VzfwdA=s180-rw,던전앤파이터 모바일(12),김민규,2022-03-27 00:00:00+09:00,5,0,모바일 PC병행 하면서 하고 있습니다. 모바일 스킬배치랑 PC가 서로 달라 매번 스킬을 옴기고 있습니다. 별도로 스킬 저장 또는 스킬 슬롯을 쫌 두어서 과거 쓰던 스킬배치 그대로 가져올순 없나요,android
https://play-lh.googleusercontent.com/RLfVW5sxXk8YHa0KfcqmPoIVJmBHzwZlrZYcFf8rBMr5DUPEdE7YyZS-qfPj5VzfwdA=s180-rw,던전앤파이터 모바일(12),이언우,2022-03-26 00:00:00+09:00,5,0,잼있어요~ 현질유도는 많이 없었으면..,android
https://play-lh.googleusercontent.com/RLfVW5sxXk8YHa0KfcqmPoIVJmBHzwZlrZYcFf8rBMr5DUPEdE7YyZS-qfPj5VzfwdA=s180-rw,던전앤파이터 모바일(12),최원준,2022-03-26 00:00:00+09:00,5,0,👍,android
https://play-lh.googleusercontent.com/RLfVW5sxXk8YHa0KfcqmPoIVJmBHzwZlrZYcFf8rBMr5DUPEdE7YyZS-qfPj5VzfwdA=s180-rw,던전앤파이터 모바일(12),은승우,2022-03-26 00:00:00+09:00,5,0,그래픽짱 스토리짱 스킬 짱 아이템 짱,android
https://play-lh.googleusercontent.com/RLfVW5sxXk8YHa0KfcqmPoIVJmBHzwZlrZYcFf8rBMr5DUPEdE7YyZS-qfPj5VzfwdA=s180-rw,던전앤파이터 모바일(12),채형석,2022-03-26 00:00:00+09:00,5,0,좋아요,android
https://play-lh.googleusercontent.com/RLfVW5sxXk8YHa0KfcqmPoIVJmBHzwZlrZYcFf8rBMr5DUPEdE7YyZS-qfPj5VzfwdA=s180-rw,던전앤파이터 모바일(12),오함마,2022-03-26 00:00:00+09:00,4,0,다 좋은데 쿠폰썼는데 들어왔다고 뜨고 인벤에 아무것도없고 들어왔는데 내가 모른는건가? 싶어서 이벤트 및 사전예약 보상을 보니 있어야할게 없어서 좀 손해보긴 했지만 아무튼 그런부분만 빼면 다 나쁘지않고 재밌네요.,android
https://play-lh.googleusercontent.com/RLfVW5sxXk8YHa0KfcqmPoIVJmBHzwZlrZYcFf8rBMr5DUPEdE7YyZS-qfPj5VzfwdA=s180-rw,던전앤파이터 모바일(12),Choi Hong ii,2022-03-26 00:00:00+09:00,5,0,"17년전에 오픈하자마자 재미있게 했는데, 그 느낌 그대로네요. 역시 갓겜 굿 ㅎㅎ",android
https://play-lh.googleusercontent.com/RLfVW5sxXk8YHa0KfcqmPoIVJmBHzwZlrZYcFf8rBMr5DUPEdE7YyZS-qfPj5VzfwdA=s180-rw,던전앤파이터 모바일(12),Hxx Mxx,2022-03-26 00:00:00+09:00,5,0,굿,android
https://play-lh.googleusercontent.com/RLfVW5sxXk8YHa0KfcqmPoIVJmBHzwZlrZYcFf8rBMr5DUPEdE7YyZS-qfPj5VzfwdA=s180-rw,던전앤파이터 모바일(12),이름김,2022-03-26 00:00:00+09:00,1,0,음..,android
https://play-lh.googleusercontent.com/RLfVW5sxXk8YHa0KfcqmPoIVJmBHzwZlrZYcFf8rBMr5DUPEdE7YyZS-qfPj5VzfwdA=s180-rw,던전앤파이터 모바일(12),김형빈,2022-03-26 00:00:00+09:00,3,0,경매장 어디있는지좀 알려주세요 모바일던파에서는 인형이나강화된장비못사나요,android
https://play-lh.googleusercontent.com/RLfVW5sxXk8YHa0KfcqmPoIVJmBHzwZlrZYcFf8rBMr5DUPEdE7YyZS-qfPj5VzfwdA=s180-rw,던전앤파이터 모바일(12),김재현,2022-03-26 00:00:00+09:00,3,0,ㅅ1pal (12)가 12세 인줄 모르고 쳐 깔아서 18세이용 다시 까는중,android
https://play-lh.googleusercontent.com/RLfVW5sxXk8YHa0KfcqmPoIVJmBHzwZlrZYcFf8rBMr5DUPEdE7YyZS-qfPj5VzfwdA=s180-rw,던전앤파이터 모바일(12),꿀꿀이ᄑ,2022-03-26 00:00:00+09:00,1,0,이거 19세하고 서버가 연결 되있는건데 왜19세만듬?,android
https://play-lh.googleusercontent.com/RLfVW5sxXk8YHa0KfcqmPoIVJmBHzwZlrZYcFf8rBMr5DUPEdE7YyZS-qfPj5VzfwdA=s180-rw,던전앤파이터 모바일(12),조언자,2022-03-26 00:00:00+09:00,4,0,너무좋고 추억도 많은겜인데.. 대기접속이좀 기네요...,android
https://play-lh.googleusercontent.com/RLfVW5sxXk8YHa0KfcqmPoIVJmBHzwZlrZYcFf8rBMr5DUPEdE7YyZS-qfPj5VzfwdA=s180-rw,던전앤파이터 모바일(12),블랙샤크,2022-03-26 00:00:00+09:00,5,0,굿 던파재미있음,android
https://play-lh.googleusercontent.com/RLfVW5sxXk8YHa0KfcqmPoIVJmBHzwZlrZYcFf8rBMr5DUPEdE7YyZS-qfPj5VzfwdA=s180-rw,던전앤파이터 모바일(12),박성준,2022-03-26 00:00:00+09:00,5,0,쩔어,android
https://play-lh.googleusercontent.com/RLfVW5sxXk8YHa0KfcqmPoIVJmBHzwZlrZYcFf8rBMr5DUPEdE7YyZS-qfPj5VzfwdA=s180-rw,던전앤파이터 모바일(12),이두영,2022-03-26 00:00:00+09:00,5,0,굿,android
https://play-lh.googleusercontent.com/RLfVW5sxXk8YHa0KfcqmPoIVJmBHzwZlrZYcFf8rBMr5DUPEdE7YyZS-qfPj5VzfwdA=s180-rw,던전앤파이터 모바일(12),이정우,2022-03-26 00:00:00+09:00,3,0,메이플<<<<<던파<<<<<<<<<<<<<<<<<<<<<<<<<<<<<<<<<<<<<<<<<<<<<<<<<<<<<<<<<<<<<<<<로아 ㅇㅈ?,android
https://play-lh.googleusercontent.com/RLfVW5sxXk8YHa0KfcqmPoIVJmBHzwZlrZYcFf8rBMr5DUPEdE7YyZS-qfPj5VzfwdA=s180-rw,던전앤파이터 모바일(12),쓸모없는놈,2022-03-26 00:00:00+09:00,4,0,아니 운석이 뭐 분열이라도 합니까? 운석 내려오기 전에 원 밖으로 피했는데도 맞는건 뭔가요?,android
https://play-lh.googleusercontent.com/RLfVW5sxXk8YHa0KfcqmPoIVJmBHzwZlrZYcFf8rBMr5DUPEdE7YyZS-qfPj5VzfwdA=s180-rw,던전앤파이터 모바일(12),김선호,2022-03-26 00:00:00+09:00,5,0,짱이다,android
https://play-lh.googleusercontent.com/RLfVW5sxXk8YHa0KfcqmPoIVJmBHzwZlrZYcFf8rBMr5DUPEdE7YyZS-qfPj5VzfwdA=s180-rw,던전앤파이터 모바일(12),정상훈,2022-03-26 00:00:00+09:00,1,1,업뎃할때 용량좀 확줄이세여 실행이 안됨,android
https://play-lh.googleusercontent.com/RLfVW5sxXk8YHa0KfcqmPoIVJmBHzwZlrZYcFf8rBMr5DUPEdE7YyZS-qfPj5VzfwdA=s180-rw,던전앤파이터 모바일(12),용운,2022-03-26 00:00:00+09:00,1,0,12세랑 본섭따로한거 뭐임 이동시켜주셈,android
https://play-lh.googleusercontent.com/RLfVW5sxXk8YHa0KfcqmPoIVJmBHzwZlrZYcFf8rBMr5DUPEdE7YyZS-qfPj5VzfwdA=s180-rw,던전앤파이터 모바일(12),Chicken kun,2022-03-26 00:00:00+09:00,5,0,잼있네,android
https://play-lh.googleusercontent.com/RLfVW5sxXk8YHa0KfcqmPoIVJmBHzwZlrZYcFf8rBMr5DUPEdE7YyZS-qfPj5VzfwdA=s180-rw,던전앤파이터 모바일(12),서sjha카군,2022-03-26 00:00:00+09:00,5,0,오랜만에 합니다,android
https://play-lh.googleusercontent.com/RLfVW5sxXk8YHa0KfcqmPoIVJmBHzwZlrZYcFf8rBMr5DUPEdE7YyZS-qfPj5VzfwdA=s180-rw,던전앤파이터 모바일(12),0617 DOPI,2022-03-26 00:00:00+09:00,5,0,제일 기대되는 게임이 출시 되어서 재밌게 오래오래 플레이 하고 싶네요 완성도 너무 높습니다!,android
https://play-lh.googleusercontent.com/RLfVW5sxXk8YHa0KfcqmPoIVJmBHzwZlrZYcFf8rBMr5DUPEdE7YyZS-qfPj5VzfwdA=s180-rw,던전앤파이터 모바일(12),Power Maxin,2022-03-26 00:00:00+09:00,2,0,장비한개 만든데인가요 ?? 왜 저절로 없어지나요 ??,android
https://play-lh.googleusercontent.com/RLfVW5sxXk8YHa0KfcqmPoIVJmBHzwZlrZYcFf8rBMr5DUPEdE7YyZS-qfPj5VzfwdA=s180-rw,던전앤파이터 모바일(12),이일,2022-03-26 00:00:00+09:00,5,0,던파 첨 해봄 레모는 해봄 = 겜 개쉬움,android
https://play-lh.googleusercontent.com/RLfVW5sxXk8YHa0KfcqmPoIVJmBHzwZlrZYcFf8rBMr5DUPEdE7YyZS-qfPj5VzfwdA=s180-rw,던전앤파이터 모바일(12),오현주,2022-03-26 00:00:00+09:00,5,0,굿. 감사한게임 추억의20대,android
https://play-lh.googleusercontent.com/RLfVW5sxXk8YHa0KfcqmPoIVJmBHzwZlrZYcFf8rBMr5DUPEdE7YyZS-qfPj5VzfwdA=s180-rw,던전앤파이터 모바일(12),강유민,2022-03-26 00:00:00+09:00,4,0,혹시 던파 일반이랑12다른점이 뭘까요?,android
https://play-lh.googleusercontent.com/RLfVW5sxXk8YHa0KfcqmPoIVJmBHzwZlrZYcFf8rBMr5DUPEdE7YyZS-qfPj5VzfwdA=s180-rw,던전앤파이터 모바일(12),조무석,2022-03-26 00:00:00+09:00,5,0,굿,android
https://play-lh.googleusercontent.com/RLfVW5sxXk8YHa0KfcqmPoIVJmBHzwZlrZYcFf8rBMr5DUPEdE7YyZS-qfPj5VzfwdA=s180-rw,던전앤파이터 모바일(12),vöv,2022-03-26 00:00:00+09:00,5,0,rpg여서 솔직히 기대 안하고 깔았는데 생각보다 재밌음 거너-레인저 키우고 있는데 자동전투 없어서 rpg에서 보기 힘든 손맛을 느낄수 있음. 피로도 시스템으로 시간 많이 없어도 즐길수 있음. 무과금이면 나중에 유료 템 더 추가되기 전에 지금 즐기시길.,android
https://play-lh.googleusercontent.com/RLfVW5sxXk8YHa0KfcqmPoIVJmBHzwZlrZYcFf8rBMr5DUPEdE7YyZS-qfPj5VzfwdA=s180-rw,던전앤파이터 모바일(12),당구겅,2022-03-26 00:00:00+09:00,5,0,잼나네요,android
https://play-lh.googleusercontent.com/RLfVW5sxXk8YHa0KfcqmPoIVJmBHzwZlrZYcFf8rBMr5DUPEdE7YyZS-qfPj5VzfwdA=s180-rw,던전앤파이터 모바일(12),윤미,2022-03-26 00:00:00+09:00,5,0,게임 좋은게임입니다,android
https://play-lh.googleusercontent.com/RLfVW5sxXk8YHa0KfcqmPoIVJmBHzwZlrZYcFf8rBMr5DUPEdE7YyZS-qfPj5VzfwdA=s180-rw,던전앤파이터 모바일(12),브금플스토리,2022-03-26 00:00:00+09:00,4,0,최적화 좀 하면 좋겠음.,android
https://play-lh.googleusercontent.com/RLfVW5sxXk8YHa0KfcqmPoIVJmBHzwZlrZYcFf8rBMr5DUPEdE7YyZS-qfPj5VzfwdA=s180-rw,던전앤파이터 모바일(12),공덕문,2022-03-26 00:00:00+09:00,5,0,옛기억도 나고 잼 나네요,android
https://play-lh.googleusercontent.com/RLfVW5sxXk8YHa0KfcqmPoIVJmBHzwZlrZYcFf8rBMr5DUPEdE7YyZS-qfPj5VzfwdA=s180-rw,던전앤파이터 모바일(12),한대언,2022-03-26 00:00:00+09:00,3,0,아직 모르겠음,android
https://play-lh.googleusercontent.com/RLfVW5sxXk8YHa0KfcqmPoIVJmBHzwZlrZYcFf8rBMr5DUPEdE7YyZS-qfPj5VzfwdA=s180-rw,던전앤파이터 모바일(12),성한,2022-03-26 00:00:00+09:00,1,0,아놔 짜증나게 운영자님 저 게임들어가고싶은데 사람드너무많아요 못들어가네요 좀어캐좀해주세요,android
https://play-lh.googleusercontent.com/RLfVW5sxXk8YHa0KfcqmPoIVJmBHzwZlrZYcFf8rBMr5DUPEdE7YyZS-qfPj5VzfwdA=s180-rw,던전앤파이터 모바일(12),신우현,2022-03-26 00:00:00+09:00,2,0,평점이왜이리낫지,android
https://play-lh.googleusercontent.com/RLfVW5sxXk8YHa0KfcqmPoIVJmBHzwZlrZYcFf8rBMr5DUPEdE7YyZS-qfPj5VzfwdA=s180-rw,던전앤파이터 모바일(12),chulwook yoo,2022-03-26 00:00:00+09:00,5,0,재밌네요,android
https://play-lh.googleusercontent.com/RLfVW5sxXk8YHa0KfcqmPoIVJmBHzwZlrZYcFf8rBMr5DUPEdE7YyZS-qfPj5VzfwdA=s180-rw,던전앤파이터 모바일(12),닭강정,2022-03-26 00:00:00+09:00,2,0,밸런스 조절 좀 버서커가 판치고 다님,android
https://play-lh.googleusercontent.com/RLfVW5sxXk8YHa0KfcqmPoIVJmBHzwZlrZYcFf8rBMr5DUPEdE7YyZS-qfPj5VzfwdA=s180-rw,던전앤파이터 모바일(12),김기평,2022-03-26 00:00:00+09:00,5,0,굿,android
https://play-lh.googleusercontent.com/RLfVW5sxXk8YHa0KfcqmPoIVJmBHzwZlrZYcFf8rBMr5DUPEdE7YyZS-qfPj5VzfwdA=s180-rw,던전앤파이터 모바일(12),그러자,2022-03-26 00:00:00+09:00,5,0,재밌는데 서버이전하고싶어요 첫번째서버가 사람이 너무 꽉차서 다른곳을 가고싶어요,android
https://play-lh.googleusercontent.com/RLfVW5sxXk8YHa0KfcqmPoIVJmBHzwZlrZYcFf8rBMr5DUPEdE7YyZS-qfPj5VzfwdA=s180-rw,던전앤파이터 모바일(12),힘의차이가느껴지십니까?,2022-03-26 00:00:00+09:00,5,0,아주 나이스~!,android
https://play-lh.googleusercontent.com/RLfVW5sxXk8YHa0KfcqmPoIVJmBHzwZlrZYcFf8rBMr5DUPEdE7YyZS-qfPj5VzfwdA=s180-rw,던전앤파이터 모바일(12),송정현,2022-03-26 00:00:00+09:00,5,0,재밌음,android
https://play-lh.googleusercontent.com/RLfVW5sxXk8YHa0KfcqmPoIVJmBHzwZlrZYcFf8rBMr5DUPEdE7YyZS-qfPj5VzfwdA=s180-rw,던전앤파이터 모바일(12),남김태식,2022-03-26 00:00:00+09:00,5,0,넘나재밋다요,android
https://play-lh.googleusercontent.com/RLfVW5sxXk8YHa0KfcqmPoIVJmBHzwZlrZYcFf8rBMr5DUPEdE7YyZS-qfPj5VzfwdA=s180-rw,던전앤파이터 모바일(12),최선규,2022-03-26 00:00:00+09:00,5,0,던파재밌어요,android
https://play-lh.googleusercontent.com/RLfVW5sxXk8YHa0KfcqmPoIVJmBHzwZlrZYcFf8rBMr5DUPEdE7YyZS-qfPj5VzfwdA=s180-rw,던전앤파이터 모바일(12),서현용,2022-03-26 00:00:00+09:00,5,0,오랜만에하니까재미있네요앞으로많이이용하겠습니다,android
https://play-lh.googleusercontent.com/RLfVW5sxXk8YHa0KfcqmPoIVJmBHzwZlrZYcFf8rBMr5DUPEdE7YyZS-qfPj5VzfwdA=s180-rw,던전앤파이터 모바일(12),은하수,2022-03-26 00:00:00+09:00,5,0,ㅋㅋ 기대이상 꿀잼ㅋㅋ,android
https://play-lh.googleusercontent.com/RLfVW5sxXk8YHa0KfcqmPoIVJmBHzwZlrZYcFf8rBMr5DUPEdE7YyZS-qfPj5VzfwdA=s180-rw,던전앤파이터 모바일(12),조성철,2022-03-26 00:00:00+09:00,4,0,예전에 즐겨햇엇는데 모바일로 나와서 다시한번 경험해보네여 재미잇게할게요~~~^^,android
https://play-lh.googleusercontent.com/RLfVW5sxXk8YHa0KfcqmPoIVJmBHzwZlrZYcFf8rBMr5DUPEdE7YyZS-qfPj5VzfwdA=s180-rw,던전앤파이터 모바일(12),장호경,2022-03-26 00:00:00+09:00,1,4,슈시아 서버 좀더 확장해주세요 사람 진짜많네요 아니 애새끼들은 왜 슈시아가는거야 던알못들아 다른서버 가라고,android
https://play-lh.googleusercontent.com/RLfVW5sxXk8YHa0KfcqmPoIVJmBHzwZlrZYcFf8rBMr5DUPEdE7YyZS-qfPj5VzfwdA=s180-rw,던전앤파이터 모바일(12),엄정용,2022-03-26 00:00:00+09:00,5,0,던파 감사합니다,android
https://play-lh.googleusercontent.com/RLfVW5sxXk8YHa0KfcqmPoIVJmBHzwZlrZYcFf8rBMr5DUPEdE7YyZS-qfPj5VzfwdA=s180-rw,던전앤파이터 모바일(12),커튼,2022-03-26 00:00:00+09:00,5,0,재밌다!신난다!,android
https://play-lh.googleusercontent.com/RLfVW5sxXk8YHa0KfcqmPoIVJmBHzwZlrZYcFf8rBMr5DUPEdE7YyZS-qfPj5VzfwdA=s180-rw,던전앤파이터 모바일(12),기묘한R버넌트,2022-03-26 00:00:00+09:00,5,0,콤보 개쩔더라,android
https://play-lh.googleusercontent.com/RLfVW5sxXk8YHa0KfcqmPoIVJmBHzwZlrZYcFf8rBMr5DUPEdE7YyZS-qfPj5VzfwdA=s180-rw,던전앤파이터 모바일(12),윤유관,2022-03-26 00:00:00+09:00,5,0,혹시 12세 버전을 하다가 성인 버전으로 바꾸면 계정을 새로 키워야 하나요?,android
https://play-lh.googleusercontent.com/RLfVW5sxXk8YHa0KfcqmPoIVJmBHzwZlrZYcFf8rBMr5DUPEdE7YyZS-qfPj5VzfwdA=s180-rw,던전앤파이터 모바일(12),이범석,2022-03-26 00:00:00+09:00,3,0,이거 18세랑 뭐가 다른거가요.?,android
https://play-lh.googleusercontent.com/RLfVW5sxXk8YHa0KfcqmPoIVJmBHzwZlrZYcFf8rBMr5DUPEdE7YyZS-qfPj5VzfwdA=s180-rw,던전앤파이터 모바일(12),한세진,2022-03-26 00:00:00+09:00,5,0,오랜만에 재밌게하네,android
https://play-lh.googleusercontent.com/RLfVW5sxXk8YHa0KfcqmPoIVJmBHzwZlrZYcFf8rBMr5DUPEdE7YyZS-qfPj5VzfwdA=s180-rw,던전앤파이터 모바일(12),전재호,2022-03-26 00:00:00+09:00,5,0,굿,android
https://play-lh.googleusercontent.com/RLfVW5sxXk8YHa0KfcqmPoIVJmBHzwZlrZYcFf8rBMr5DUPEdE7YyZS-qfPj5VzfwdA=s180-rw,던전앤파이터 모바일(12),넝키맨,2022-03-26 00:00:00+09:00,5,0,아직은 잼,android
https://play-lh.googleusercontent.com/RLfVW5sxXk8YHa0KfcqmPoIVJmBHzwZlrZYcFf8rBMr5DUPEdE7YyZS-qfPj5VzfwdA=s180-rw,던전앤파이터 모바일(12),김현성,2022-03-26 00:00:00+09:00,5,0,옛날생각도나고 재미있어요,android
https://play-lh.googleusercontent.com/RLfVW5sxXk8YHa0KfcqmPoIVJmBHzwZlrZYcFf8rBMr5DUPEdE7YyZS-qfPj5VzfwdA=s180-rw,던전앤파이터 모바일(12),혜경박,2022-03-26 00:00:00+09:00,5,0,렉이좀걸리지만그래도괜찬아,android
https://play-lh.googleusercontent.com/RLfVW5sxXk8YHa0KfcqmPoIVJmBHzwZlrZYcFf8rBMr5DUPEdE7YyZS-qfPj5VzfwdA=s180-rw,던전앤파이터 모바일(12),이헌,2022-03-26 00:00:00+09:00,5,0,저이게임처음해보는데진짜재미있어요,android
https://play-lh.googleusercontent.com/RLfVW5sxXk8YHa0KfcqmPoIVJmBHzwZlrZYcFf8rBMr5DUPEdE7YyZS-qfPj5VzfwdA=s180-rw,던전앤파이터 모바일(12),서정남,2022-03-26 00:00:00+09:00,5,0,모바일도 옛날던파 늣김있네요,android
https://play-lh.googleusercontent.com/RLfVW5sxXk8YHa0KfcqmPoIVJmBHzwZlrZYcFf8rBMr5DUPEdE7YyZS-qfPj5VzfwdA=s180-rw,던전앤파이터 모바일(12),송인화,2022-03-26 00:00:00+09:00,5,0,굿굿굿굿굿굿굿,android
https://play-lh.googleusercontent.com/RLfVW5sxXk8YHa0KfcqmPoIVJmBHzwZlrZYcFf8rBMr5DUPEdE7YyZS-qfPj5VzfwdA=s180-rw,던전앤파이터 모바일(12),오세현,2022-03-26 00:00:00+09:00,5,0,옛날생각나고 좋네요 ㅋ,android
https://play-lh.googleusercontent.com/RLfVW5sxXk8YHa0KfcqmPoIVJmBHzwZlrZYcFf8rBMr5DUPEdE7YyZS-qfPj5VzfwdA=s180-rw,던전앤파이터 모바일(12),김일환,2022-03-26 00:00:00+09:00,5,0,18금보다 안정적이네,android
https://play-lh.googleusercontent.com/RLfVW5sxXk8YHa0KfcqmPoIVJmBHzwZlrZYcFf8rBMr5DUPEdE7YyZS-qfPj5VzfwdA=s180-rw,던전앤파이터 모바일(12),음악관리자Music manager,2022-03-26 00:00:00+09:00,1,0,밸런스 붕괴 겜,android
https://play-lh.googleusercontent.com/RLfVW5sxXk8YHa0KfcqmPoIVJmBHzwZlrZYcFf8rBMr5DUPEdE7YyZS-qfPj5VzfwdA=s180-rw,던전앤파이터 모바일(12),박국경,2022-03-26 00:00:00+09:00,3,0,게임을 시작하고 화면을 터치하면 계속 튕겨요,android
https://play-lh.googleusercontent.com/RLfVW5sxXk8YHa0KfcqmPoIVJmBHzwZlrZYcFf8rBMr5DUPEdE7YyZS-qfPj5VzfwdA=s180-rw,던전앤파이터 모바일(12),영현이,2022-03-26 00:00:00+09:00,5,0,꿀잼,android
https://play-lh.googleusercontent.com/RLfVW5sxXk8YHa0KfcqmPoIVJmBHzwZlrZYcFf8rBMr5DUPEdE7YyZS-qfPj5VzfwdA=s180-rw,던전앤파이터 모바일(12),람슈타인,2022-03-26 00:00:00+09:00,2,0,"별 2개드리는 이유는 좀 잘만들긴 했지만 아쉬운점 1. 조작법어려움 2. 개선할 여러 시스템 인재되는 컨텐츠 사항들 3. 네트워크 연결 오류,에러,렉 또는 현질유도 극대화 4. 찾아볼 게임 문제들 게임운영자,유저 토론하고 고치지않는 생각",android
https://play-lh.googleusercontent.com/RLfVW5sxXk8YHa0KfcqmPoIVJmBHzwZlrZYcFf8rBMr5DUPEdE7YyZS-qfPj5VzfwdA=s180-rw,던전앤파이터 모바일(12),아리가하고싶어요,2022-03-26 00:00:00+09:00,3,0,다 재미있고 좋은데 아직 미성년자는 pc버전을 못하다니 빨리 pc버전도 풀어주시면 안될까요ㅠㅠ,android
https://play-lh.googleusercontent.com/RLfVW5sxXk8YHa0KfcqmPoIVJmBHzwZlrZYcFf8rBMr5DUPEdE7YyZS-qfPj5VzfwdA=s180-rw,던전앤파이터 모바일(12),fate122 -,2022-03-26 00:00:00+09:00,5,0,추억그자체,android
https://play-lh.googleusercontent.com/RLfVW5sxXk8YHa0KfcqmPoIVJmBHzwZlrZYcFf8rBMr5DUPEdE7YyZS-qfPj5VzfwdA=s180-rw,던전앤파이터 모바일(12),김미경,2022-03-26 00:00:00+09:00,3,0,최고,android
https://play-lh.googleusercontent.com/RLfVW5sxXk8YHa0KfcqmPoIVJmBHzwZlrZYcFf8rBMr5DUPEdE7YyZS-qfPj5VzfwdA=s180-rw,던전앤파이터 모바일(12),한발광,2022-03-25 00:00:00+09:00,5,0,굿굿,android
https://play-lh.googleusercontent.com/RLfVW5sxXk8YHa0KfcqmPoIVJmBHzwZlrZYcFf8rBMr5DUPEdE7YyZS-qfPj5VzfwdA=s180-rw,던전앤파이터 모바일(12),Taeyoung Kim,2022-03-25 00:00:00+09:00,5,0,굿,android
https://play-lh.googleusercontent.com/RLfVW5sxXk8YHa0KfcqmPoIVJmBHzwZlrZYcFf8rBMr5DUPEdE7YyZS-qfPj5VzfwdA=s180-rw,던전앤파이터 모바일(12),홍성필,2022-03-25 00:00:00+09:00,5,0,굿 입니다,android
https://play-lh.googleusercontent.com/RLfVW5sxXk8YHa0KfcqmPoIVJmBHzwZlrZYcFf8rBMr5DUPEdE7YyZS-qfPj5VzfwdA=s180-rw,던전앤파이터 모바일(12),이용학,2022-03-25 00:00:00+09:00,5,0,재미있어요 어렸을때 생각낙니다,android
https://play-lh.googleusercontent.com/RLfVW5sxXk8YHa0KfcqmPoIVJmBHzwZlrZYcFf8rBMr5DUPEdE7YyZS-qfPj5VzfwdA=s180-rw,던전앤파이터 모바일(12),김한올,2022-03-25 00:00:00+09:00,5,0,"컴터로 하다가 편히 누워서 할수있어서 좋네요 번창하세요,^^",android
https://play-lh.googleusercontent.com/RLfVW5sxXk8YHa0KfcqmPoIVJmBHzwZlrZYcFf8rBMr5DUPEdE7YyZS-qfPj5VzfwdA=s180-rw,던전앤파이터 모바일(12),쿠딕Kudic,2022-03-25 00:00:00+09:00,5,0,요즘 할 게임이 없었는데 재밌는 게임 만들어 주셔서 감사합니다 서비스도 너무 좋고 친절하네요,android
https://play-lh.googleusercontent.com/RLfVW5sxXk8YHa0KfcqmPoIVJmBHzwZlrZYcFf8rBMr5DUPEdE7YyZS-qfPj5VzfwdA=s180-rw,던전앤파이터 모바일(12),박경욱,2022-03-25 00:00:00+09:00,1,1,이걸 지워버리네. 불법 프로그램 감지 돼서 접속이 안 됩니다. 클리너 초기화 온갖 방법을 써도 안 되구요. 얼른 고쳐주시길 바랍니다.,android
https://play-lh.googleusercontent.com/RLfVW5sxXk8YHa0KfcqmPoIVJmBHzwZlrZYcFf8rBMr5DUPEdE7YyZS-qfPj5VzfwdA=s180-rw,던전앤파이터 모바일(12),Mason Angel,2022-03-25 00:00:00+09:00,1,0,뭘 계속 업데이트 하라고 나와 이미 최신버젼인데 진행도 안되고 어떻게 해야하는데,android
https://play-lh.googleusercontent.com/RLfVW5sxXk8YHa0KfcqmPoIVJmBHzwZlrZYcFf8rBMr5DUPEdE7YyZS-qfPj5VzfwdA=s180-rw,던전앤파이터 모바일(12),Heechan Jang,2022-03-25 00:00:00+09:00,5,0,잼써요,android
https://play-lh.googleusercontent.com/RLfVW5sxXk8YHa0KfcqmPoIVJmBHzwZlrZYcFf8rBMr5DUPEdE7YyZS-qfPj5VzfwdA=s180-rw,던전앤파이터 모바일(12),병래강,2022-03-25 00:00:00+09:00,5,0,굿,android
https://play-lh.googleusercontent.com/RLfVW5sxXk8YHa0KfcqmPoIVJmBHzwZlrZYcFf8rBMr5DUPEdE7YyZS-qfPj5VzfwdA=s180-rw,던전앤파이터 모바일(12),카트만함,2022-03-25 00:00:00+09:00,5,0,재미있는데 결투장 핑이 너무 튀네요,android
https://play-lh.googleusercontent.com/RLfVW5sxXk8YHa0KfcqmPoIVJmBHzwZlrZYcFf8rBMr5DUPEdE7YyZS-qfPj5VzfwdA=s180-rw,던전앤파이터 모바일(12),김동열,2022-03-25 00:00:00+09:00,5,0,추억돋네,android
https://play-lh.googleusercontent.com/RLfVW5sxXk8YHa0KfcqmPoIVJmBHzwZlrZYcFf8rBMr5DUPEdE7YyZS-qfPj5VzfwdA=s180-rw,던전앤파이터 모바일(12),이광규,2022-03-25 00:00:00+09:00,1,0,몬가요 겜도못하는거 다운왜받으라고하나요 우롱하나요?,android
https://play-lh.googleusercontent.com/RLfVW5sxXk8YHa0KfcqmPoIVJmBHzwZlrZYcFf8rBMr5DUPEdE7YyZS-qfPj5VzfwdA=s180-rw,던전앤파이터 모바일(12),김성권,2022-03-25 00:00:00+09:00,5,0,예전감성이 남아있네요,android
https://play-lh.googleusercontent.com/RLfVW5sxXk8YHa0KfcqmPoIVJmBHzwZlrZYcFf8rBMr5DUPEdE7YyZS-qfPj5VzfwdA=s180-rw,던전앤파이터 모바일(12),젱정상훈,2022-03-25 00:00:00+09:00,4,0,아직까진 할 맛함,android
https://play-lh.googleusercontent.com/RLfVW5sxXk8YHa0KfcqmPoIVJmBHzwZlrZYcFf8rBMr5DUPEdE7YyZS-qfPj5VzfwdA=s180-rw,던전앤파이터 모바일(12),송용태,2022-03-25 00:00:00+09:00,5,1,오랜만에 다시 시작 하니 재미있네요 모바일 자동사냥은 없어서 쬐끔 아쉽네용ㅋㅋ,android
https://play-lh.googleusercontent.com/RLfVW5sxXk8YHa0KfcqmPoIVJmBHzwZlrZYcFf8rBMr5DUPEdE7YyZS-qfPj5VzfwdA=s180-rw,던전앤파이터 모바일(12),김지훈,2022-03-25 00:00:00+09:00,1,0,성인인증 왜케 안됩니까? 공지사항에 나와있는대로 쿠키 날리고 캐시 날리고 계정 개인정보설정까지 확인했는데도 안됩니다. 혹시 개인정보에 나와잇는 사항들 모두에게 공개로 바꾸어야하나요?? 일단 이거 먼저 다운로드해서 캐릭생성하고 혹시 나중에 18세이용게임으로 서버 이동이 되나요?,android
https://play-lh.googleusercontent.com/RLfVW5sxXk8YHa0KfcqmPoIVJmBHzwZlrZYcFf8rBMr5DUPEdE7YyZS-qfPj5VzfwdA=s180-rw,던전앤파이터 모바일(12),이강희,2022-03-25 00:00:00+09:00,4,0,pc로즐기던거라,android
https://play-lh.googleusercontent.com/RLfVW5sxXk8YHa0KfcqmPoIVJmBHzwZlrZYcFf8rBMr5DUPEdE7YyZS-qfPj5VzfwdA=s180-rw,던전앤파이터 모바일(12),kyujoon park,2022-03-25 00:00:00+09:00,5,0,넘 잼 있음.,android
https://play-lh.googleusercontent.com/RLfVW5sxXk8YHa0KfcqmPoIVJmBHzwZlrZYcFf8rBMr5DUPEdE7YyZS-qfPj5VzfwdA=s180-rw,던전앤파이터 모바일(12),심진우병장,2022-03-25 00:00:00+09:00,1,0,개 ㅈ노잼,android
https://play-lh.googleusercontent.com/RLfVW5sxXk8YHa0KfcqmPoIVJmBHzwZlrZYcFf8rBMr5DUPEdE7YyZS-qfPj5VzfwdA=s180-rw,던전앤파이터 모바일(12),전형배,2022-03-25 00:00:00+09:00,1,0,파티가 응답이없음나오네요 경험치 스킬패키지19800원짜리했는데ㅠㅠ확인좀해주세요환불을해주던가요,android
https://play-lh.googleusercontent.com/RLfVW5sxXk8YHa0KfcqmPoIVJmBHzwZlrZYcFf8rBMr5DUPEdE7YyZS-qfPj5VzfwdA=s180-rw,던전앤파이터 모바일(12),김동준,2022-03-25 00:00:00+09:00,5,0,재밌어용,android
https://play-lh.googleusercontent.com/RLfVW5sxXk8YHa0KfcqmPoIVJmBHzwZlrZYcFf8rBMr5DUPEdE7YyZS-qfPj5VzfwdA=s180-rw,던전앤파이터 모바일(12),임재완,2022-03-25 00:00:00+09:00,5,0,옛날생각나고너무재밌네요~~ 던파초기에엄청재밌을때모습이라좋네요,android
https://play-lh.googleusercontent.com/RLfVW5sxXk8YHa0KfcqmPoIVJmBHzwZlrZYcFf8rBMr5DUPEdE7YyZS-qfPj5VzfwdA=s180-rw,던전앤파이터 모바일(12),redhat빨간모자,2022-03-25 00:00:00+09:00,5,0,여러분 이게 4기가 짜리라 폰이 안좋으신 분들은 튕길 수 있어요;; 그래도 타격감이랑 게임성은 역대급 갓겜입니다 \ ^-^ /,android
https://play-lh.googleusercontent.com/RLfVW5sxXk8YHa0KfcqmPoIVJmBHzwZlrZYcFf8rBMr5DUPEdE7YyZS-qfPj5VzfwdA=s180-rw,던전앤파이터 모바일(12),무엇,2022-03-25 00:00:00+09:00,1,0,Illegal program has been detected,android
https://play-lh.googleusercontent.com/RLfVW5sxXk8YHa0KfcqmPoIVJmBHzwZlrZYcFf8rBMr5DUPEdE7YyZS-qfPj5VzfwdA=s180-rw,던전앤파이터 모바일(12),꼬끼오,2022-03-25 00:00:00+09:00,1,0,아니ㅋㅋ 구글로 연동까지 했는데 좀 키우고 나갔다가 들어오니까 계정이 날라갔네? 뭐 같아서 안한다,android
https://play-lh.googleusercontent.com/RLfVW5sxXk8YHa0KfcqmPoIVJmBHzwZlrZYcFf8rBMr5DUPEdE7YyZS-qfPj5VzfwdA=s180-rw,던전앤파이터 모바일(12),최은정,2022-03-25 00:00:00+09:00,5,0,마법사 😍 😍 😍,android
https://play-lh.googleusercontent.com/RLfVW5sxXk8YHa0KfcqmPoIVJmBHzwZlrZYcFf8rBMr5DUPEdE7YyZS-qfPj5VzfwdA=s180-rw,던전앤파이터 모바일(12),백성현,2022-03-25 00:00:00+09:00,4,0,재밌게 놀고 있어요 ㅋㅋㅋ,android
https://play-lh.googleusercontent.com/RLfVW5sxXk8YHa0KfcqmPoIVJmBHzwZlrZYcFf8rBMr5DUPEdE7YyZS-qfPj5VzfwdA=s180-rw,던전앤파이터 모바일(12),smilodon,2022-03-25 00:00:00+09:00,5,0,재밌음,android
https://play-lh.googleusercontent.com/RLfVW5sxXk8YHa0KfcqmPoIVJmBHzwZlrZYcFf8rBMr5DUPEdE7YyZS-qfPj5VzfwdA=s180-rw,던전앤파이터 모바일(12),박정희,2022-03-25 00:00:00+09:00,5,0,업데이트2.0,android
https://play-lh.googleusercontent.com/RLfVW5sxXk8YHa0KfcqmPoIVJmBHzwZlrZYcFf8rBMr5DUPEdE7YyZS-qfPj5VzfwdA=s180-rw,던전앤파이터 모바일(12),김다훈김다훈,2022-03-25 00:00:00+09:00,5,0,"재밌어욯,",android
https://play-lh.googleusercontent.com/RLfVW5sxXk8YHa0KfcqmPoIVJmBHzwZlrZYcFf8rBMr5DUPEdE7YyZS-qfPj5VzfwdA=s180-rw,던전앤파이터 모바일(12),gle Goo,2022-03-25 00:00:00+09:00,5,0,모바일로하게되서 영광입니다 넘모재밌고 잘하고있습니다ㅎㅎ 업데이트많이해주세요☆,android
https://play-lh.googleusercontent.com/RLfVW5sxXk8YHa0KfcqmPoIVJmBHzwZlrZYcFf8rBMr5DUPEdE7YyZS-qfPj5VzfwdA=s180-rw,던전앤파이터 모바일(12),김준서,2022-03-25 00:00:00+09:00,1,0,불법 프로그램이 감지되었다면서 시작 자체를 못하게 하네요. 어이가 없네 진짜...,android
https://play-lh.googleusercontent.com/RLfVW5sxXk8YHa0KfcqmPoIVJmBHzwZlrZYcFf8rBMr5DUPEdE7YyZS-qfPj5VzfwdA=s180-rw,던전앤파이터 모바일(12),송성호,2022-03-25 00:00:00+09:00,5,0,지린다,android
https://play-lh.googleusercontent.com/RLfVW5sxXk8YHa0KfcqmPoIVJmBHzwZlrZYcFf8rBMr5DUPEdE7YyZS-qfPj5VzfwdA=s180-rw,던전앤파이터 모바일(12),한동길,2022-03-25 00:00:00+09:00,5,0,재밌네요^^,android
https://play-lh.googleusercontent.com/RLfVW5sxXk8YHa0KfcqmPoIVJmBHzwZlrZYcFf8rBMr5DUPEdE7YyZS-qfPj5VzfwdA=s180-rw,던전앤파이터 모바일(12),초수목동,2022-03-25 00:00:00+09:00,5,0,어떤 캐릭터가 좋나요? 좋은캐릭터로 게임을 하고 싶습니다,android
https://play-lh.googleusercontent.com/RLfVW5sxXk8YHa0KfcqmPoIVJmBHzwZlrZYcFf8rBMr5DUPEdE7YyZS-qfPj5VzfwdA=s180-rw,던전앤파이터 모바일(12),윤민혁,2022-03-25 00:00:00+09:00,4,0,업데이트 안뜨요!,android
https://play-lh.googleusercontent.com/RLfVW5sxXk8YHa0KfcqmPoIVJmBHzwZlrZYcFf8rBMr5DUPEdE7YyZS-qfPj5VzfwdA=s180-rw,던전앤파이터 모바일(12),류다희,2022-03-25 00:00:00+09:00,1,0,"계속 파티만 하면 튕기고 네크워드 이상하다는데 데이터, 와이파이, 핫스팟 해도 다 안되네요 여러계정 여러기기로 해봐도 마찬가지 입니다 분명 업뎃 전까지만 해도 멀쩡했는데 무슨 일인지 빨리 버그 수정해주십시오 이거 때문데 기력 12 날렸습니다",android
https://play-lh.googleusercontent.com/RLfVW5sxXk8YHa0KfcqmPoIVJmBHzwZlrZYcFf8rBMr5DUPEdE7YyZS-qfPj5VzfwdA=s180-rw,던전앤파이터 모바일(12),차병철,2022-03-25 00:00:00+09:00,5,0,옛기억이나네요.재미나요,android
https://play-lh.googleusercontent.com/RLfVW5sxXk8YHa0KfcqmPoIVJmBHzwZlrZYcFf8rBMr5DUPEdE7YyZS-qfPj5VzfwdA=s180-rw,던전앤파이터 모바일(12),조성경,2022-03-25 00:00:00+09:00,5,0,귯!🤟👍👍,android
https://play-lh.googleusercontent.com/RLfVW5sxXk8YHa0KfcqmPoIVJmBHzwZlrZYcFf8rBMr5DUPEdE7YyZS-qfPj5VzfwdA=s180-rw,던전앤파이터 모바일(12),ss park,2022-03-25 00:00:00+09:00,4,0,Pc보다 나은듯...,android
https://play-lh.googleusercontent.com/RLfVW5sxXk8YHa0KfcqmPoIVJmBHzwZlrZYcFf8rBMr5DUPEdE7YyZS-qfPj5VzfwdA=s180-rw,던전앤파이터 모바일(12),락가라도,2022-03-25 00:00:00+09:00,5,16,왜 질문만해도 리뷰가 삭제되는겁니까?,android
https://play-lh.googleusercontent.com/RLfVW5sxXk8YHa0KfcqmPoIVJmBHzwZlrZYcFf8rBMr5DUPEdE7YyZS-qfPj5VzfwdA=s180-rw,던전앤파이터 모바일(12),박현,2022-03-25 00:00:00+09:00,5,0,사전등록했는데 아이템을 안줘요 확인해주세요 칭호 등등,android
https://play-lh.googleusercontent.com/RLfVW5sxXk8YHa0KfcqmPoIVJmBHzwZlrZYcFf8rBMr5DUPEdE7YyZS-qfPj5VzfwdA=s180-rw,던전앤파이터 모바일(12),문상현,2022-03-25 00:00:00+09:00,5,0,재미 있지만 조금 더 많은 아이템을 얻었으면 좋겠네요,android
https://play-lh.googleusercontent.com/RLfVW5sxXk8YHa0KfcqmPoIVJmBHzwZlrZYcFf8rBMr5DUPEdE7YyZS-qfPj5VzfwdA=s180-rw,던전앤파이터 모바일(12),박종구,2022-03-25 00:00:00+09:00,5,0,정말 잘구현했다,android
https://play-lh.googleusercontent.com/RLfVW5sxXk8YHa0KfcqmPoIVJmBHzwZlrZYcFf8rBMr5DUPEdE7YyZS-qfPj5VzfwdA=s180-rw,던전앤파이터 모바일(12),다이NO 샷ty,2022-03-25 00:00:00+09:00,5,0,와배려심굿어린이들을위해전용까지정말젛은마음과어린이들생각하는그마음굿굿,android
https://play-lh.googleusercontent.com/RLfVW5sxXk8YHa0KfcqmPoIVJmBHzwZlrZYcFf8rBMr5DUPEdE7YyZS-qfPj5VzfwdA=s180-rw,던전앤파이터 모바일(12),김경윤,2022-03-25 00:00:00+09:00,1,0,아니 파티사냥할라고 하기만하면 계속 로딩중이네요 저만그런가요,android
https://play-lh.googleusercontent.com/RLfVW5sxXk8YHa0KfcqmPoIVJmBHzwZlrZYcFf8rBMr5DUPEdE7YyZS-qfPj5VzfwdA=s180-rw,던전앤파이터 모바일(12),윤진원,2022-03-25 00:00:00+09:00,5,0,중독성 있고 타격감이 좋네요,android
https://play-lh.googleusercontent.com/RLfVW5sxXk8YHa0KfcqmPoIVJmBHzwZlrZYcFf8rBMr5DUPEdE7YyZS-qfPj5VzfwdA=s180-rw,던전앤파이터 모바일(12),김지연,2022-03-25 00:00:00+09:00,5,0,넘 재밌어요,android
https://play-lh.googleusercontent.com/RLfVW5sxXk8YHa0KfcqmPoIVJmBHzwZlrZYcFf8rBMr5DUPEdE7YyZS-qfPj5VzfwdA=s180-rw,던전앤파이터 모바일(12),???,2022-03-25 00:00:00+09:00,1,0,친구가 쩔을 안해주네요,android
https://play-lh.googleusercontent.com/RLfVW5sxXk8YHa0KfcqmPoIVJmBHzwZlrZYcFf8rBMr5DUPEdE7YyZS-qfPj5VzfwdA=s180-rw,던전앤파이터 모바일(12),한규현,2022-03-25 00:00:00+09:00,5,0,최고다 빠져든다 큰일났다,android
https://play-lh.googleusercontent.com/RLfVW5sxXk8YHa0KfcqmPoIVJmBHzwZlrZYcFf8rBMr5DUPEdE7YyZS-qfPj5VzfwdA=s180-rw,던전앤파이터 모바일(12),고객,2022-03-25 00:00:00+09:00,5,0,옛날 생각나서 했는데 재밌네요,android
https://play-lh.googleusercontent.com/RLfVW5sxXk8YHa0KfcqmPoIVJmBHzwZlrZYcFf8rBMr5DUPEdE7YyZS-qfPj5VzfwdA=s180-rw,던전앤파이터 모바일(12),고양,2022-03-25 00:00:00+09:00,5,0,캐릭터가 예뻐요,android
https://play-lh.googleusercontent.com/RLfVW5sxXk8YHa0KfcqmPoIVJmBHzwZlrZYcFf8rBMr5DUPEdE7YyZS-qfPj5VzfwdA=s180-rw,던전앤파이터 모바일(12),정상민26살,2022-03-25 00:00:00+09:00,5,0,👍👍👍👍,android
https://play-lh.googleusercontent.com/RLfVW5sxXk8YHa0KfcqmPoIVJmBHzwZlrZYcFf8rBMr5DUPEdE7YyZS-qfPj5VzfwdA=s180-rw,던전앤파이터 모바일(12),정대용,2022-03-25 00:00:00+09:00,5,0,재미남,android
https://play-lh.googleusercontent.com/RLfVW5sxXk8YHa0KfcqmPoIVJmBHzwZlrZYcFf8rBMr5DUPEdE7YyZS-qfPj5VzfwdA=s180-rw,던전앤파이터 모바일(12),조이름,2022-03-25 00:00:00+09:00,5,0,좋습니다,android
https://play-lh.googleusercontent.com/RLfVW5sxXk8YHa0KfcqmPoIVJmBHzwZlrZYcFf8rBMr5DUPEdE7YyZS-qfPj5VzfwdA=s180-rw,던전앤파이터 모바일(12),할로윈의세상,2022-03-25 00:00:00+09:00,2,0,게임은 하고싶어도 로그인 화면에서 계속 튕기는 현상이 있는데 이와 같은 문제 해결 방법을 알려주실수 있나요?,android
https://play-lh.googleusercontent.com/RLfVW5sxXk8YHa0KfcqmPoIVJmBHzwZlrZYcFf8rBMr5DUPEdE7YyZS-qfPj5VzfwdA=s180-rw,던전앤파이터 모바일(12),오승현,2022-03-25 00:00:00+09:00,1,0,안잡혀서 접습니다.,android
https://play-lh.googleusercontent.com/RLfVW5sxXk8YHa0KfcqmPoIVJmBHzwZlrZYcFf8rBMr5DUPEdE7YyZS-qfPj5VzfwdA=s180-rw,던전앤파이터 모바일(12),이승준,2022-03-25 00:00:00+09:00,1,0,개꿀잼,android
https://play-lh.googleusercontent.com/RLfVW5sxXk8YHa0KfcqmPoIVJmBHzwZlrZYcFf8rBMr5DUPEdE7YyZS-qfPj5VzfwdA=s180-rw,던전앤파이터 모바일(12),초긍정,2022-03-25 00:00:00+09:00,5,0,잼있네요,android
https://play-lh.googleusercontent.com/RLfVW5sxXk8YHa0KfcqmPoIVJmBHzwZlrZYcFf8rBMr5DUPEdE7YyZS-qfPj5VzfwdA=s180-rw,던전앤파이터 모바일(12),최종원,2022-03-25 00:00:00+09:00,5,0,재밌긴한데 어렵다,android
https://play-lh.googleusercontent.com/RLfVW5sxXk8YHa0KfcqmPoIVJmBHzwZlrZYcFf8rBMr5DUPEdE7YyZS-qfPj5VzfwdA=s180-rw,던전앤파이터 모바일(12),박산산박,2022-03-25 00:00:00+09:00,5,0,아주 좋소,android
https://play-lh.googleusercontent.com/RLfVW5sxXk8YHa0KfcqmPoIVJmBHzwZlrZYcFf8rBMr5DUPEdE7YyZS-qfPj5VzfwdA=s180-rw,던전앤파이터 모바일(12),김상훈,2022-03-25 00:00:00+09:00,5,1,튜토부터 지림 내일 8시까지 어케 기다려 헝헝,android
https://play-lh.googleusercontent.com/RLfVW5sxXk8YHa0KfcqmPoIVJmBHzwZlrZYcFf8rBMr5DUPEdE7YyZS-qfPj5VzfwdA=s180-rw,던전앤파이터 모바일(12),나롱마카롱,2022-03-25 00:00:00+09:00,3,0,사전예약 스토어 말고 사이트 들가서 전번으로 했는 데 보상은 언제쯤..,android
https://play-lh.googleusercontent.com/RLfVW5sxXk8YHa0KfcqmPoIVJmBHzwZlrZYcFf8rBMr5DUPEdE7YyZS-qfPj5VzfwdA=s180-rw,던전앤파이터 모바일(12),박준우,2022-03-25 00:00:00+09:00,5,0,와 너무 재밌네요...,android
https://play-lh.googleusercontent.com/RLfVW5sxXk8YHa0KfcqmPoIVJmBHzwZlrZYcFf8rBMr5DUPEdE7YyZS-qfPj5VzfwdA=s180-rw,던전앤파이터 모바일(12),오리,2022-03-25 00:00:00+09:00,5,0,기다리고 기다렸는데... 역시 기다린 보람이있습니다 꿀잼! 추천,android
https://play-lh.googleusercontent.com/RLfVW5sxXk8YHa0KfcqmPoIVJmBHzwZlrZYcFf8rBMr5DUPEdE7YyZS-qfPj5VzfwdA=s180-rw,던전앤파이터 모바일(12),재지tv,2022-03-25 00:00:00+09:00,5,0,진짜 꿀잼이네요. 게임성은 만점이니 이제 운영만 잘 하시면 될 뜻 던파 모바일 화이팅!!! (참고로 저 이 게임으로 인터넷 방송 할 예정인데 따로 방송 규정같은거 있으면 알려주세요),android
https://play-lh.googleusercontent.com/RLfVW5sxXk8YHa0KfcqmPoIVJmBHzwZlrZYcFf8rBMr5DUPEdE7YyZS-qfPj5VzfwdA=s180-rw,던전앤파이터 모바일(12),홀덤의신TV,2022-03-25 00:00:00+09:00,5,0,대세는 트디쓰리디가아닌 자유 가아쉽습니다,android
https://play-lh.googleusercontent.com/RLfVW5sxXk8YHa0KfcqmPoIVJmBHzwZlrZYcFf8rBMr5DUPEdE7YyZS-qfPj5VzfwdA=s180-rw,던전앤파이터 모바일(12),꽥이야놀자,2022-03-25 00:00:00+09:00,5,0,하고싶은대저장공간이....,android
https://play-lh.googleusercontent.com/RLfVW5sxXk8YHa0KfcqmPoIVJmBHzwZlrZYcFf8rBMr5DUPEdE7YyZS-qfPj5VzfwdA=s180-rw,던전앤파이터 모바일(12),եɑxí༄마음.마음,2022-03-25 00:00:00+09:00,2,0,던파모바일12 새로운 버전이 나왔습니다.최신 버전으로 업데이트 합니다 어떻게해야 합니까? 기다려해야 합니까,android
https://play-lh.googleusercontent.com/RLfVW5sxXk8YHa0KfcqmPoIVJmBHzwZlrZYcFf8rBMr5DUPEdE7YyZS-qfPj5VzfwdA=s180-rw,던전앤파이터 모바일(12),레오니,2022-03-25 00:00:00+09:00,5,0,킹아,android
https://play-lh.googleusercontent.com/RLfVW5sxXk8YHa0KfcqmPoIVJmBHzwZlrZYcFf8rBMr5DUPEdE7YyZS-qfPj5VzfwdA=s180-rw,던전앤파이터 모바일(12),장원우,2022-03-25 00:00:00+09:00,1,0,와 지금도 로딩이 안돼는데 유저들한데 어떻게 하라는거야 개빡친네,android
https://play-lh.googleusercontent.com/RLfVW5sxXk8YHa0KfcqmPoIVJmBHzwZlrZYcFf8rBMr5DUPEdE7YyZS-qfPj5VzfwdA=s180-rw,던전앤파이터 모바일(12),이경남,2022-03-25 00:00:00+09:00,5,0,잼남,android
https://play-lh.googleusercontent.com/RLfVW5sxXk8YHa0KfcqmPoIVJmBHzwZlrZYcFf8rBMr5DUPEdE7YyZS-qfPj5VzfwdA=s180-rw,던전앤파이터 모바일(12),강세민,2022-03-25 00:00:00+09:00,5,0,사전예약했는데 쿠폰번호도 안오고.. 저만 못받은거같은데..,android
https://play-lh.googleusercontent.com/RLfVW5sxXk8YHa0KfcqmPoIVJmBHzwZlrZYcFf8rBMr5DUPEdE7YyZS-qfPj5VzfwdA=s180-rw,던전앤파이터 모바일(12),coffeeA-ye :þ,2022-03-25 00:00:00+09:00,5,0,기대 1도 않했는데.. 이게머야 너무 재밌잖아!!!!,android
https://play-lh.googleusercontent.com/RLfVW5sxXk8YHa0KfcqmPoIVJmBHzwZlrZYcFf8rBMr5DUPEdE7YyZS-qfPj5VzfwdA=s180-rw,던전앤파이터 모바일(12),김보미,2022-03-25 00:00:00+09:00,5,0,던전앤파이터 (12)랑 그냥 던전앤파이터 모바일있는데 12계속해도 되나요?,android
https://play-lh.googleusercontent.com/RLfVW5sxXk8YHa0KfcqmPoIVJmBHzwZlrZYcFf8rBMr5DUPEdE7YyZS-qfPj5VzfwdA=s180-rw,던전앤파이터 모바일(12),suchul ha,2022-03-25 00:00:00+09:00,5,0,던파야 축하해,android
https://play-lh.googleusercontent.com/RLfVW5sxXk8YHa0KfcqmPoIVJmBHzwZlrZYcFf8rBMr5DUPEdE7YyZS-qfPj5VzfwdA=s180-rw,던전앤파이터 모바일(12),정광호,2022-03-25 00:00:00+09:00,5,0,괜찮네요,android
https://play-lh.googleusercontent.com/RLfVW5sxXk8YHa0KfcqmPoIVJmBHzwZlrZYcFf8rBMr5DUPEdE7YyZS-qfPj5VzfwdA=s180-rw,던전앤파이터 모바일(12),노빠꾸,2022-03-25 00:00:00+09:00,5,0,굿,android
https://play-lh.googleusercontent.com/RLfVW5sxXk8YHa0KfcqmPoIVJmBHzwZlrZYcFf8rBMr5DUPEdE7YyZS-qfPj5VzfwdA=s180-rw,던전앤파이터 모바일(12),불호,2022-03-25 00:00:00+09:00,1,0,십.이게 뭔 자꾸 오류야,android
https://play-lh.googleusercontent.com/RLfVW5sxXk8YHa0KfcqmPoIVJmBHzwZlrZYcFf8rBMr5DUPEdE7YyZS-qfPj5VzfwdA=s180-rw,던전앤파이터 모바일(12),송명철,2022-03-25 00:00:00+09:00,4,0,"사전예약 보상은 없는건가요,",android
https://play-lh.googleusercontent.com/RLfVW5sxXk8YHa0KfcqmPoIVJmBHzwZlrZYcFf8rBMr5DUPEdE7YyZS-qfPj5VzfwdA=s180-rw,던전앤파이터 모바일(12),김지우,2022-03-25 00:00:00+09:00,1,0,삽겹살,android
https://play-lh.googleusercontent.com/RLfVW5sxXk8YHa0KfcqmPoIVJmBHzwZlrZYcFf8rBMr5DUPEdE7YyZS-qfPj5VzfwdA=s180-rw,던전앤파이터 모바일(12),박성대,2022-03-25 00:00:00+09:00,5,0,개꿀잼,android
https://play-lh.googleusercontent.com/RLfVW5sxXk8YHa0KfcqmPoIVJmBHzwZlrZYcFf8rBMr5DUPEdE7YyZS-qfPj5VzfwdA=s180-rw,던전앤파이터 모바일(12),전메딕,2022-03-25 00:00:00+09:00,5,0,미국에서 하는데 성인증을어떡해해야하나요. 그리고 지금안됌 12세도,android
https://play-lh.googleusercontent.com/RLfVW5sxXk8YHa0KfcqmPoIVJmBHzwZlrZYcFf8rBMr5DUPEdE7YyZS-qfPj5VzfwdA=s180-rw,던전앤파이터 모바일(12),유설,2022-03-25 00:00:00+09:00,5,0,굿,android
https://play-lh.googleusercontent.com/RLfVW5sxXk8YHa0KfcqmPoIVJmBHzwZlrZYcFf8rBMr5DUPEdE7YyZS-qfPj5VzfwdA=s180-rw,던전앤파이터 모바일(12),김영숙,2022-03-25 00:00:00+09:00,5,0,재밋는거같아요 추억도생각나고,android
https://play-lh.googleusercontent.com/RLfVW5sxXk8YHa0KfcqmPoIVJmBHzwZlrZYcFf8rBMr5DUPEdE7YyZS-qfPj5VzfwdA=s180-rw,던전앤파이터 모바일(12),Gyoul Put,2022-03-25 00:00:00+09:00,3,0,이동할 때 조작감이 많이 불편합니다.. 직진하고 싶은데 자꾸 대각선으로 방향을 틀어서 많이 얻어맞고 그러네요ㅠ,android
https://play-lh.googleusercontent.com/RLfVW5sxXk8YHa0KfcqmPoIVJmBHzwZlrZYcFf8rBMr5DUPEdE7YyZS-qfPj5VzfwdA=s180-rw,던전앤파이터 모바일(12),굳남자,2022-03-25 00:00:00+09:00,5,0,그저 갓겜,android
https://play-lh.googleusercontent.com/RLfVW5sxXk8YHa0KfcqmPoIVJmBHzwZlrZYcFf8rBMr5DUPEdE7YyZS-qfPj5VzfwdA=s180-rw,던전앤파이터 모바일(12),캐빈ioz,2022-03-25 00:00:00+09:00,5,0,완전 많이 재미 있는 던파 짱,android
https://play-lh.googleusercontent.com/RLfVW5sxXk8YHa0KfcqmPoIVJmBHzwZlrZYcFf8rBMr5DUPEdE7YyZS-qfPj5VzfwdA=s180-rw,던전앤파이터 모바일(12),조효준,2022-03-25 00:00:00+09:00,5,0,옛날 생각납니다,android
https://play-lh.googleusercontent.com/RLfVW5sxXk8YHa0KfcqmPoIVJmBHzwZlrZYcFf8rBMr5DUPEdE7YyZS-qfPj5VzfwdA=s180-rw,던전앤파이터 모바일(12),허강일,2022-03-25 00:00:00+09:00,5,0,재미있고요.컴터랑똑같아서좋아요,android
https://play-lh.googleusercontent.com/RLfVW5sxXk8YHa0KfcqmPoIVJmBHzwZlrZYcFf8rBMr5DUPEdE7YyZS-qfPj5VzfwdA=s180-rw,던전앤파이터 모바일(12),K Cool.,2022-03-25 00:00:00+09:00,5,0,재밌네요~,android
https://play-lh.googleusercontent.com/RLfVW5sxXk8YHa0KfcqmPoIVJmBHzwZlrZYcFf8rBMr5DUPEdE7YyZS-qfPj5VzfwdA=s180-rw,던전앤파이터 모바일(12),원끼,2022-03-25 00:00:00+09:00,3,0,현재 IP에서는 게임제한이 된다고나오네요;; 어제 만들고 게임밖에 한게없는데,android
https://play-lh.googleusercontent.com/RLfVW5sxXk8YHa0KfcqmPoIVJmBHzwZlrZYcFf8rBMr5DUPEdE7YyZS-qfPj5VzfwdA=s180-rw,던전앤파이터 모바일(12),이동현,2022-03-25 00:00:00+09:00,5,0,옛날생각 나네요 잼나요,android
https://play-lh.googleusercontent.com/RLfVW5sxXk8YHa0KfcqmPoIVJmBHzwZlrZYcFf8rBMr5DUPEdE7YyZS-qfPj5VzfwdA=s180-rw,던전앤파이터 모바일(12),박승욱,2022-03-25 00:00:00+09:00,5,0,안녕하세요 던전앤파이터 기다리다 플레이 하는 사람입니다 궁금한게있어 질문을 합니다 18세용이랑 12세 용이 따로따로 있는데 서버가 같은지 궁금합니다,android
https://play-lh.googleusercontent.com/RLfVW5sxXk8YHa0KfcqmPoIVJmBHzwZlrZYcFf8rBMr5DUPEdE7YyZS-qfPj5VzfwdA=s180-rw,던전앤파이터 모바일(12),이치염,2022-03-25 00:00:00+09:00,1,0,외국에서 플레이 못하는게 너무 아쉬운대여,android
https://play-lh.googleusercontent.com/RLfVW5sxXk8YHa0KfcqmPoIVJmBHzwZlrZYcFf8rBMr5DUPEdE7YyZS-qfPj5VzfwdA=s180-rw,던전앤파이터 모바일(12),송재현,2022-03-25 00:00:00+09:00,3,0,사전예약 보상은 어디서 수령하나여?,android
https://play-lh.googleusercontent.com/RLfVW5sxXk8YHa0KfcqmPoIVJmBHzwZlrZYcFf8rBMr5DUPEdE7YyZS-qfPj5VzfwdA=s180-rw,던전앤파이터 모바일(12),ᄋᄋ,2022-03-25 00:00:00+09:00,5,0,갓 띵 진,android
https://play-lh.googleusercontent.com/RLfVW5sxXk8YHa0KfcqmPoIVJmBHzwZlrZYcFf8rBMr5DUPEdE7YyZS-qfPj5VzfwdA=s180-rw,던전앤파이터 모바일(12),냠냠쿠마,2022-03-25 00:00:00+09:00,3,0,결투장 랙? 위치랙 등이 심해서 하기가 힘드네요 하다보면 위치어 맞지않은 자리에 처맞고있음 짜능 납니다,android
https://play-lh.googleusercontent.com/RLfVW5sxXk8YHa0KfcqmPoIVJmBHzwZlrZYcFf8rBMr5DUPEdE7YyZS-qfPj5VzfwdA=s180-rw,던전앤파이터 모바일(12),Ryswick Style,2022-03-25 00:00:00+09:00,1,0,지역락을 걸던지 설명란에 해외서 접속 못 한다고 써놓던지 해야지 몇시간동안 업데이트 하면서 접속하니 뭐? 내가 사는 곳은 사용이 불가능하다고? 그럼 안내를 제대로 해주던가 ㅡㅡ,android
https://play-lh.googleusercontent.com/RLfVW5sxXk8YHa0KfcqmPoIVJmBHzwZlrZYcFf8rBMr5DUPEdE7YyZS-qfPj5VzfwdA=s180-rw,던전앤파이터 모바일(12),bsxo rlad,2022-03-25 00:00:00+09:00,5,0,게임은 정말재미있어요 근데 이게 지금 12세로 게임중인데 나중에 계정이 이동 가능하나요?,android
https://play-lh.googleusercontent.com/RLfVW5sxXk8YHa0KfcqmPoIVJmBHzwZlrZYcFf8rBMr5DUPEdE7YyZS-qfPj5VzfwdA=s180-rw,던전앤파이터 모바일(12),뭐라니,2022-03-25 00:00:00+09:00,3,0,기기 2개를ㅆ는데 2개다 업뎃 정보확인창에서 안넘어가는건 왜그런거에요?,android
https://play-lh.googleusercontent.com/RLfVW5sxXk8YHa0KfcqmPoIVJmBHzwZlrZYcFf8rBMr5DUPEdE7YyZS-qfPj5VzfwdA=s180-rw,던전앤파이터 모바일(12),김영덕,2022-03-25 00:00:00+09:00,5,0,재미있는요,android
https://play-lh.googleusercontent.com/RLfVW5sxXk8YHa0KfcqmPoIVJmBHzwZlrZYcFf8rBMr5DUPEdE7YyZS-qfPj5VzfwdA=s180-rw,던전앤파이터 모바일(12),이준배,2022-03-25 00:00:00+09:00,5,0,사전등록햇는데 왜안줘용 ㅠ,android
https://play-lh.googleusercontent.com/RLfVW5sxXk8YHa0KfcqmPoIVJmBHzwZlrZYcFf8rBMr5DUPEdE7YyZS-qfPj5VzfwdA=s180-rw,던전앤파이터 모바일(12),조민재,2022-03-25 00:00:00+09:00,5,0,옛날 감성그대로 재미있네요ㅎ,android
https://play-lh.googleusercontent.com/RLfVW5sxXk8YHa0KfcqmPoIVJmBHzwZlrZYcFf8rBMr5DUPEdE7YyZS-qfPj5VzfwdA=s180-rw,던전앤파이터 모바일(12),노처녀히스테리,2022-03-25 00:00:00+09:00,5,0,리니지를 압도할 유일한게임,android
https://play-lh.googleusercontent.com/RLfVW5sxXk8YHa0KfcqmPoIVJmBHzwZlrZYcFf8rBMr5DUPEdE7YyZS-qfPj5VzfwdA=s180-rw,던전앤파이터 모바일(12),배성식,2022-03-25 00:00:00+09:00,1,0,남들도 이런경우 있을탠데 자꾸 게임 시작할때 불법프로그램 감지로 안돼거는요? 그리고 뭔앱이 불법인지알려주면 지울탠대.. 해결방안좀 넥슨형님들 답 부탁드림니다.,android
https://play-lh.googleusercontent.com/RLfVW5sxXk8YHa0KfcqmPoIVJmBHzwZlrZYcFf8rBMr5DUPEdE7YyZS-qfPj5VzfwdA=s180-rw,던전앤파이터 모바일(12),김수경,2022-03-25 00:00:00+09:00,5,0,재밌어요,android
https://play-lh.googleusercontent.com/RLfVW5sxXk8YHa0KfcqmPoIVJmBHzwZlrZYcFf8rBMr5DUPEdE7YyZS-qfPj5VzfwdA=s180-rw,던전앤파이터 모바일(12),지나갑니다,2022-03-25 00:00:00+09:00,5,0,12세로 게임하다 18세로 게임해도 계정연동이 되는건가요?,android
https://play-lh.googleusercontent.com/RLfVW5sxXk8YHa0KfcqmPoIVJmBHzwZlrZYcFf8rBMr5DUPEdE7YyZS-qfPj5VzfwdA=s180-rw,던전앤파이터 모바일(12),매롱열롱TV,2022-03-25 00:00:00+09:00,5,0,전 부터 모바일로 나왔으면 하는 게임이라 정말 재밋게 한 거 같아요 재밋는 게임 올려주셔서 감사합니다^^,android
https://play-lh.googleusercontent.com/RLfVW5sxXk8YHa0KfcqmPoIVJmBHzwZlrZYcFf8rBMr5DUPEdE7YyZS-qfPj5VzfwdA=s180-rw,던전앤파이터 모바일(12),조세영,2022-03-25 00:00:00+09:00,5,0,재밌었어요,android
https://play-lh.googleusercontent.com/RLfVW5sxXk8YHa0KfcqmPoIVJmBHzwZlrZYcFf8rBMr5DUPEdE7YyZS-qfPj5VzfwdA=s180-rw,던전앤파이터 모바일(12),여우배꼽,2022-03-25 00:00:00+09:00,5,0,재밌네요,android
https://play-lh.googleusercontent.com/RLfVW5sxXk8YHa0KfcqmPoIVJmBHzwZlrZYcFf8rBMr5DUPEdE7YyZS-qfPj5VzfwdA=s180-rw,던전앤파이터 모바일(12),전영현,2022-03-25 00:00:00+09:00,1,0,무슨정보가 자꾸 안맞는다고 뜨는데 뭘 어쩌란거. 해외거주는 사용도 못하냐? ㅡㅡ😑,android
https://play-lh.googleusercontent.com/RLfVW5sxXk8YHa0KfcqmPoIVJmBHzwZlrZYcFf8rBMr5DUPEdE7YyZS-qfPj5VzfwdA=s180-rw,던전앤파이터 모바일(12),사신대장야마모토시게쿠니,2022-03-25 00:00:00+09:00,5,0,잠들어있던청춘들의액션본농일깨우다던전앤파이터모바일(12),android
https://play-lh.googleusercontent.com/RLfVW5sxXk8YHa0KfcqmPoIVJmBHzwZlrZYcFf8rBMr5DUPEdE7YyZS-qfPj5VzfwdA=s180-rw,던전앤파이터 모바일(12),Jin Soo Jung,2022-03-25 00:00:00+09:00,5,0,굿,android
https://play-lh.googleusercontent.com/RLfVW5sxXk8YHa0KfcqmPoIVJmBHzwZlrZYcFf8rBMr5DUPEdE7YyZS-qfPj5VzfwdA=s180-rw,던전앤파이터 모바일(12),신민호,2022-03-25 00:00:00+09:00,5,0,제밌네요,android
https://play-lh.googleusercontent.com/RLfVW5sxXk8YHa0KfcqmPoIVJmBHzwZlrZYcFf8rBMr5DUPEdE7YyZS-qfPj5VzfwdA=s180-rw,던전앤파이터 모바일(12),수환오,2022-03-25 00:00:00+09:00,5,0,개꿀잼,android
https://play-lh.googleusercontent.com/RLfVW5sxXk8YHa0KfcqmPoIVJmBHzwZlrZYcFf8rBMr5DUPEdE7YyZS-qfPj5VzfwdA=s180-rw,던전앤파이터 모바일(12),신미림,2022-03-25 00:00:00+09:00,1,0,설치가 안됩니다.,android
https://play-lh.googleusercontent.com/RLfVW5sxXk8YHa0KfcqmPoIVJmBHzwZlrZYcFf8rBMr5DUPEdE7YyZS-qfPj5VzfwdA=s180-rw,던전앤파이터 모바일(12),정겨은,2022-03-25 00:00:00+09:00,5,0,오오 실사판 비슷,android
https://play-lh.googleusercontent.com/RLfVW5sxXk8YHa0KfcqmPoIVJmBHzwZlrZYcFf8rBMr5DUPEdE7YyZS-qfPj5VzfwdA=s180-rw,던전앤파이터 모바일(12),신재민,2022-03-25 00:00:00+09:00,1,0,게임실행했는데 업데이트 하라하네요 근데 막상 플레이 스토어 들어가면 업데이트는 없습니다. 이렇게 게임 만들었놓으시고는 댓글 작성하는거 보면 게임에 대한 자부심이 있나보죠? 그 자부심이 오히려 자만함이 되고 오만이네요. 막상 구글쪽 버그라면 홈페이지에 최소한 이런 버그가 있다 알려주셔야죠 게임 오픈 이후 게임 접속까지 운영자가 도 맡아 해야 될 가장기본적인 GM의 할일인데 머하는지...,android
https://play-lh.googleusercontent.com/RLfVW5sxXk8YHa0KfcqmPoIVJmBHzwZlrZYcFf8rBMr5DUPEdE7YyZS-qfPj5VzfwdA=s180-rw,던전앤파이터 모바일(12),이경표,2022-03-25 00:00:00+09:00,5,0,"인생 RPG 게임 중 최고 입니다. 던파가 PC 있엇는데 모바일 출시 했네요. 다른 모바일RPG 는 재미없는 것나 성인용 RPG 게임 있었는데 두 버전 있네요(던파12,던파19) 핫한 게임 중 최고👍",android
https://play-lh.googleusercontent.com/RLfVW5sxXk8YHa0KfcqmPoIVJmBHzwZlrZYcFf8rBMr5DUPEdE7YyZS-qfPj5VzfwdA=s180-rw,던전앤파이터 모바일(12),전영준,2022-03-25 00:00:00+09:00,5,0,20년전 내청춘을 함게한게임. Bgm 만으로도 별 5개!,android
https://play-lh.googleusercontent.com/RLfVW5sxXk8YHa0KfcqmPoIVJmBHzwZlrZYcFf8rBMr5DUPEdE7YyZS-qfPj5VzfwdA=s180-rw,던전앤파이터 모바일(12),이기현,2022-03-25 00:00:00+09:00,2,0,던파 모바일을 업뎃하라고 해서 플레이 스토어 창으로 넘어왔는데 업데이트 버튼은 없고 플레이 버튼밖ㅇ0 없어서 업데이트가 안되네요;; 지웠다 깔아도 안되는데 빨리 버그 수정해주세요,android
https://play-lh.googleusercontent.com/RLfVW5sxXk8YHa0KfcqmPoIVJmBHzwZlrZYcFf8rBMr5DUPEdE7YyZS-qfPj5VzfwdA=s180-rw,던전앤파이터 모바일(12),백현우,2022-03-25 00:00:00+09:00,5,0,굿,android
https://play-lh.googleusercontent.com/RLfVW5sxXk8YHa0KfcqmPoIVJmBHzwZlrZYcFf8rBMr5DUPEdE7YyZS-qfPj5VzfwdA=s180-rw,던전앤파이터 모바일(12),Arc Hon,2022-03-25 00:00:00+09:00,3,0,보통 (렉심함,android
https://play-lh.googleusercontent.com/RLfVW5sxXk8YHa0KfcqmPoIVJmBHzwZlrZYcFf8rBMr5DUPEdE7YyZS-qfPj5VzfwdA=s180-rw,던전앤파이터 모바일(12),아노스,2022-03-25 00:00:00+09:00,5,0,던파 나오고서 재밌게 놀고 신나는 어제 즐거운 시간 보냈습니다,android
https://play-lh.googleusercontent.com/RLfVW5sxXk8YHa0KfcqmPoIVJmBHzwZlrZYcFf8rBMr5DUPEdE7YyZS-qfPj5VzfwdA=s180-rw,던전앤파이터 모바일(12),말랑 구미베어,2022-03-25 00:00:00+09:00,5,0,illegal program has been detected 이거 왜 뜨는건가요? 어제까지 계속 잘 되다가 오늘 갑자기 안들어가집니다,android
https://play-lh.googleusercontent.com/RLfVW5sxXk8YHa0KfcqmPoIVJmBHzwZlrZYcFf8rBMr5DUPEdE7YyZS-qfPj5VzfwdA=s180-rw,던전앤파이터 모바일(12),박종현,2022-03-25 00:00:00+09:00,4,0,모바일 게임자동없고 게임할시간3시간(피??때문에) 피시방 던파너무또같이 만들어서 뭐가 모바일 치고 아쉽네요,android
https://play-lh.googleusercontent.com/RLfVW5sxXk8YHa0KfcqmPoIVJmBHzwZlrZYcFf8rBMr5DUPEdE7YyZS-qfPj5VzfwdA=s180-rw,던전앤파이터 모바일(12),최기창,2022-03-25 00:00:00+09:00,5,0,굿,android
https://play-lh.googleusercontent.com/RLfVW5sxXk8YHa0KfcqmPoIVJmBHzwZlrZYcFf8rBMr5DUPEdE7YyZS-qfPj5VzfwdA=s180-rw,던전앤파이터 모바일(12),이현탁,2022-03-25 00:00:00+09:00,4,0,던전앤파이터,android
https://play-lh.googleusercontent.com/RLfVW5sxXk8YHa0KfcqmPoIVJmBHzwZlrZYcFf8rBMr5DUPEdE7YyZS-qfPj5VzfwdA=s180-rw,던전앤파이터 모바일(12),22715214 new,2022-03-24 00:00:00+09:00,5,0,굿굿,android
https://play-lh.googleusercontent.com/RLfVW5sxXk8YHa0KfcqmPoIVJmBHzwZlrZYcFf8rBMr5DUPEdE7YyZS-qfPj5VzfwdA=s180-rw,던전앤파이터 모바일(12),던파하는놈,2022-03-24 00:00:00+09:00,4,0,"재밌습니다. 재밌는데 자꾸 집에서 플레이하면 게임을 할 수 없는 IP라고 나오네요. 혹시나 VPN이 문제일까 싶어 꺼보기도, 삭제해보기도 했지만 똑같았습니다. 어떻게 해결해야하나요?",android
https://play-lh.googleusercontent.com/RLfVW5sxXk8YHa0KfcqmPoIVJmBHzwZlrZYcFf8rBMr5DUPEdE7YyZS-qfPj5VzfwdA=s180-rw,던전앤파이터 모바일(12),최정우,2022-03-24 00:00:00+09:00,5,0,역쉬 던전앤파이터 옛추억이 떠오르네요 재밌당ㅎㅎ,android
https://play-lh.googleusercontent.com/RLfVW5sxXk8YHa0KfcqmPoIVJmBHzwZlrZYcFf8rBMr5DUPEdE7YyZS-qfPj5VzfwdA=s180-rw,던전앤파이터 모바일(12),귀염뽀짝엘쁜,2022-03-24 00:00:00+09:00,5,0,"내가 첫번째 리뷰인가 의외로 잘만들어진거같다 Pc던파랑 비교해봤을때 몇가지는 고증 잘해놓은거같다 그리고 인생의 반을 던생, 븝생으로 살아왔는데 여븝을 살렸다는건 나에겐 아주 감사한 일이다ㅠㅠ 열심히 키우련다 화이팅",android
https://play-lh.googleusercontent.com/RLfVW5sxXk8YHa0KfcqmPoIVJmBHzwZlrZYcFf8rBMr5DUPEdE7YyZS-qfPj5VzfwdA=s180-rw,던전앤파이터 모바일(12),이승철,2022-03-24 00:00:00+09:00,1,1,장난치냐 피로도 110으로 겜하라고?바로 삭제,android
https://play-lh.googleusercontent.com/RLfVW5sxXk8YHa0KfcqmPoIVJmBHzwZlrZYcFf8rBMr5DUPEdE7YyZS-qfPj5VzfwdA=s180-rw,던전앤파이터 모바일(12),고완영,2022-03-24 00:00:00+09:00,4,0,재미 있게 하고 있어요,android
https://play-lh.googleusercontent.com/RLfVW5sxXk8YHa0KfcqmPoIVJmBHzwZlrZYcFf8rBMr5DUPEdE7YyZS-qfPj5VzfwdA=s180-rw,던전앤파이터 모바일(12),파이piy,2022-03-24 00:00:00+09:00,5,0,업댓올렸네요,android
https://play-lh.googleusercontent.com/RLfVW5sxXk8YHa0KfcqmPoIVJmBHzwZlrZYcFf8rBMr5DUPEdE7YyZS-qfPj5VzfwdA=s180-rw,던전앤파이터 모바일(12),김김상범,2022-03-24 00:00:00+09:00,1,0,업데이트안되요,android
https://play-lh.googleusercontent.com/RLfVW5sxXk8YHa0KfcqmPoIVJmBHzwZlrZYcFf8rBMr5DUPEdE7YyZS-qfPj5VzfwdA=s180-rw,던전앤파이터 모바일(12),남윤광복,2022-03-24 00:00:00+09:00,5,0,피로도 개선좀,android
https://play-lh.googleusercontent.com/RLfVW5sxXk8YHa0KfcqmPoIVJmBHzwZlrZYcFf8rBMr5DUPEdE7YyZS-qfPj5VzfwdA=s180-rw,던전앤파이터 모바일(12),테리,2022-03-24 00:00:00+09:00,3,1,컴터로 재미있게 즐기돈 유저입니다. 폰으로 다운하려니까 패치다운로드가 실패해했다고 계속 뜨네요 ; 당황스럽네요 어떻게 해야되요,android
https://play-lh.googleusercontent.com/RLfVW5sxXk8YHa0KfcqmPoIVJmBHzwZlrZYcFf8rBMr5DUPEdE7YyZS-qfPj5VzfwdA=s180-rw,던전앤파이터 모바일(12),진민영,2022-03-24 00:00:00+09:00,5,0,개속 새각남 잼미슴,android
https://play-lh.googleusercontent.com/RLfVW5sxXk8YHa0KfcqmPoIVJmBHzwZlrZYcFf8rBMr5DUPEdE7YyZS-qfPj5VzfwdA=s180-rw,던전앤파이터 모바일(12),Tow friends,2022-03-24 00:00:00+09:00,5,0,재미있네요,android
https://play-lh.googleusercontent.com/RLfVW5sxXk8YHa0KfcqmPoIVJmBHzwZlrZYcFf8rBMr5DUPEdE7YyZS-qfPj5VzfwdA=s180-rw,던전앤파이터 모바일(12),레고TV,2022-03-24 00:00:00+09:00,5,0,재밌는데 사전등록 쿠폰 공식 페이지는 어디있나요?,android
https://play-lh.googleusercontent.com/RLfVW5sxXk8YHa0KfcqmPoIVJmBHzwZlrZYcFf8rBMr5DUPEdE7YyZS-qfPj5VzfwdA=s180-rw,던전앤파이터 모바일(12),도꼬파이,2022-03-24 00:00:00+09:00,5,0,개꿀잼이네요 드디어 할만한 폰게임이나왔네요..ㅠㅠ,android
https://play-lh.googleusercontent.com/RLfVW5sxXk8YHa0KfcqmPoIVJmBHzwZlrZYcFf8rBMr5DUPEdE7YyZS-qfPj5VzfwdA=s180-rw,던전앤파이터 모바일(12),카이저,2022-03-24 00:00:00+09:00,5,0,그단풍입게임보다재밋다,android
https://play-lh.googleusercontent.com/RLfVW5sxXk8YHa0KfcqmPoIVJmBHzwZlrZYcFf8rBMr5DUPEdE7YyZS-qfPj5VzfwdA=s180-rw,던전앤파이터 모바일(12),이서연,2022-03-24 00:00:00+09:00,1,0,아니 접속오류 왜뜨나요 계속 illegal이라고,android
https://play-lh.googleusercontent.com/RLfVW5sxXk8YHa0KfcqmPoIVJmBHzwZlrZYcFf8rBMr5DUPEdE7YyZS-qfPj5VzfwdA=s180-rw,던전앤파이터 모바일(12),공벌레,2022-03-24 00:00:00+09:00,1,0,게임을 하려고 하는데 최신 업데이트를 계속하라고 뜨고 다시 다운로드를 해도 계속 뜹니다.,android
https://play-lh.googleusercontent.com/RLfVW5sxXk8YHa0KfcqmPoIVJmBHzwZlrZYcFf8rBMr5DUPEdE7YyZS-qfPj5VzfwdA=s180-rw,던전앤파이터 모바일(12),채경구,2022-03-24 00:00:00+09:00,5,0,던파 짱~~!!,android
https://play-lh.googleusercontent.com/RLfVW5sxXk8YHa0KfcqmPoIVJmBHzwZlrZYcFf8rBMr5DUPEdE7YyZS-qfPj5VzfwdA=s180-rw,던전앤파이터 모바일(12),권애련,2022-03-24 00:00:00+09:00,5,0,역시,android
https://play-lh.googleusercontent.com/RLfVW5sxXk8YHa0KfcqmPoIVJmBHzwZlrZYcFf8rBMr5DUPEdE7YyZS-qfPj5VzfwdA=s180-rw,던전앤파이터 모바일(12),웨옹,2022-03-24 00:00:00+09:00,1,0,성인인증 오류뜨는것도 오류인데... 게임 시작하려고 서버 로그인 하면 계속 로그인중입니다 뜨다가 네트워크 연결이 불안정 어쩌고 하면서 타이틀 화면에서 자꾸 빠꾸먹습니다;; 아니 처음에 이래서 겜 다시 재설치했을땐 정상적으로 시작되길래 다행이다 싶었더니 이번에 업데이트 하고 다시 들어가니 또 타이틀 화면에서 넘어가질 않습니다~~ 뭔 업뎃할때마다 게임을 재설치해줘야하는것도 아니고ㅋㅋㅋㅋㅋㅋㅋㅋ 이거 대체 왜이러나요 고쳐주던가 문의 답변을 해주시던가 좀 어케좀 해주십쇼...,android
https://play-lh.googleusercontent.com/RLfVW5sxXk8YHa0KfcqmPoIVJmBHzwZlrZYcFf8rBMr5DUPEdE7YyZS-qfPj5VzfwdA=s180-rw,던전앤파이터 모바일(12),링링,2022-03-24 00:00:00+09:00,5,0,정말 진짜 기대했고 너무나도 기다렸어요!! 20대중반에 알게되고 접해서 잘하던 게임입니다 ㅋㅋ 지금은 30대후반을 달려가는중인데요...ㅋㅋㅋㅋㅋㅋ 스마트폰이 많~이 보편화되면서 몇년전부터 생각했어요. 던파도 온라인으로도 나오지않을까? 나올거 같은데? 라구요 ㅋㅋ 근데 정말 나왔네요!! 광고보자마자 심장이 두근두근!! 당연히 사전등록했구요ㅋㅋ컴터에서 할때랑 거의 똑같네요. 옛감성에 빠져 플레이 하는중입니다ㅠㅠㅋㅋ 아참 그나저나 게임중 오류가 있어요. 전투중에 구석에서 안나와요ㅠㅠ 확인해보시고 수정하셔야할듯요~!! ㅎㅎㅎ쨋든 폰으로도 ...전체 리뷰,android
https://play-lh.googleusercontent.com/RLfVW5sxXk8YHa0KfcqmPoIVJmBHzwZlrZYcFf8rBMr5DUPEdE7YyZS-qfPj5VzfwdA=s180-rw,던전앤파이터 모바일(12),김선규,2022-03-24 00:00:00+09:00,1,0,업데이트 확인중 이라고만뜨고 플레이 실행이 안되네요.예전의 느낌좀 살려보려고 게임하는데 너무 하네요.,android
https://play-lh.googleusercontent.com/RLfVW5sxXk8YHa0KfcqmPoIVJmBHzwZlrZYcFf8rBMr5DUPEdE7YyZS-qfPj5VzfwdA=s180-rw,던전앤파이터 모바일(12),유병우,2022-03-24 00:00:00+09:00,5,0,진짜로재미가있어요,android
https://play-lh.googleusercontent.com/RLfVW5sxXk8YHa0KfcqmPoIVJmBHzwZlrZYcFf8rBMr5DUPEdE7YyZS-qfPj5VzfwdA=s180-rw,던전앤파이터 모바일(12),천대용,2022-03-24 00:00:00+09:00,5,0,너무너무 재미가 있네요,android
https://play-lh.googleusercontent.com/RLfVW5sxXk8YHa0KfcqmPoIVJmBHzwZlrZYcFf8rBMr5DUPEdE7YyZS-qfPj5VzfwdA=s180-rw,던전앤파이터 모바일(12),최윤현,2022-03-24 00:00:00+09:00,5,0,좋아요 이대로만 쭉 가보자고,android
https://play-lh.googleusercontent.com/RLfVW5sxXk8YHa0KfcqmPoIVJmBHzwZlrZYcFf8rBMr5DUPEdE7YyZS-qfPj5VzfwdA=s180-rw,던전앤파이터 모바일(12),정경섭,2022-03-24 00:00:00+09:00,5,0,재밌음,android
https://play-lh.googleusercontent.com/RLfVW5sxXk8YHa0KfcqmPoIVJmBHzwZlrZYcFf8rBMr5DUPEdE7YyZS-qfPj5VzfwdA=s180-rw,던전앤파이터 모바일(12),최승훈,2022-03-24 00:00:00+09:00,5,0,딱좋노,android
https://play-lh.googleusercontent.com/RLfVW5sxXk8YHa0KfcqmPoIVJmBHzwZlrZYcFf8rBMr5DUPEdE7YyZS-qfPj5VzfwdA=s180-rw,던전앤파이터 모바일(12),호카야,2022-03-24 00:00:00+09:00,5,0,Pc그대로 이용가능해서 재밌어요,android
https://play-lh.googleusercontent.com/RLfVW5sxXk8YHa0KfcqmPoIVJmBHzwZlrZYcFf8rBMr5DUPEdE7YyZS-qfPj5VzfwdA=s180-rw,던전앤파이터 모바일(12),반반다운,2022-03-24 00:00:00+09:00,5,0,좋군,android
https://play-lh.googleusercontent.com/RLfVW5sxXk8YHa0KfcqmPoIVJmBHzwZlrZYcFf8rBMr5DUPEdE7YyZS-qfPj5VzfwdA=s180-rw,던전앤파이터 모바일(12),정진환,2022-03-24 00:00:00+09:00,5,0,너무 너무 재밌습니다.,android
https://play-lh.googleusercontent.com/RLfVW5sxXk8YHa0KfcqmPoIVJmBHzwZlrZYcFf8rBMr5DUPEdE7YyZS-qfPj5VzfwdA=s180-rw,던전앤파이터 모바일(12),김태영,2022-03-24 00:00:00+09:00,4,0,재미있어요,android
https://play-lh.googleusercontent.com/RLfVW5sxXk8YHa0KfcqmPoIVJmBHzwZlrZYcFf8rBMr5DUPEdE7YyZS-qfPj5VzfwdA=s180-rw,던전앤파이터 모바일(12),황승규,2022-03-24 00:00:00+09:00,5,0,좋네요 오랜만에,android
https://play-lh.googleusercontent.com/RLfVW5sxXk8YHa0KfcqmPoIVJmBHzwZlrZYcFf8rBMr5DUPEdE7YyZS-qfPj5VzfwdA=s180-rw,던전앤파이터 모바일(12),펩과르디올라,2022-03-24 00:00:00+09:00,3,0,"모바일 던파하다가 접었던, pc던파 다시 시작함 타격감 느껴볼려고. .",android
https://play-lh.googleusercontent.com/RLfVW5sxXk8YHa0KfcqmPoIVJmBHzwZlrZYcFf8rBMr5DUPEdE7YyZS-qfPj5VzfwdA=s180-rw,던전앤파이터 모바일(12),김일년,2022-03-24 00:00:00+09:00,4,0,추억이 스멀스멀,android
https://play-lh.googleusercontent.com/RLfVW5sxXk8YHa0KfcqmPoIVJmBHzwZlrZYcFf8rBMr5DUPEdE7YyZS-qfPj5VzfwdA=s180-rw,던전앤파이터 모바일(12),수완이,2022-03-24 00:00:00+09:00,4,0,저는 다 재밌는데 피로도를 못 채운다는 점이 너무 아쉽네요 피로도만 많으면 좋을텐데,android
https://play-lh.googleusercontent.com/RLfVW5sxXk8YHa0KfcqmPoIVJmBHzwZlrZYcFf8rBMr5DUPEdE7YyZS-qfPj5VzfwdA=s180-rw,던전앤파이터 모바일(12),이시은,2022-03-24 00:00:00+09:00,5,0,옛날오락실겜같고잼씀,android
https://play-lh.googleusercontent.com/RLfVW5sxXk8YHa0KfcqmPoIVJmBHzwZlrZYcFf8rBMr5DUPEdE7YyZS-qfPj5VzfwdA=s180-rw,던전앤파이터 모바일(12),정윤구,2022-03-24 00:00:00+09:00,1,0,테일즈위버M 언능 주세요.,android
https://play-lh.googleusercontent.com/RLfVW5sxXk8YHa0KfcqmPoIVJmBHzwZlrZYcFf8rBMr5DUPEdE7YyZS-qfPj5VzfwdA=s180-rw,던전앤파이터 모바일(12),임재호,2022-03-24 00:00:00+09:00,3,0,아직까진할만함,android
https://play-lh.googleusercontent.com/RLfVW5sxXk8YHa0KfcqmPoIVJmBHzwZlrZYcFf8rBMr5DUPEdE7YyZS-qfPj5VzfwdA=s180-rw,던전앤파이터 모바일(12),여윤수,2022-03-24 00:00:00+09:00,4,0,제발 피로도삭제해주세요,android
https://play-lh.googleusercontent.com/RLfVW5sxXk8YHa0KfcqmPoIVJmBHzwZlrZYcFf8rBMr5DUPEdE7YyZS-qfPj5VzfwdA=s180-rw,던전앤파이터 모바일(12),승천,2022-03-24 00:00:00+09:00,3,0,아직 안해봐서 잘 모르는데 성인되면 12세버전?에서 성인버전으로 나중에 옮길 수 있는건가요?,android
https://play-lh.googleusercontent.com/RLfVW5sxXk8YHa0KfcqmPoIVJmBHzwZlrZYcFf8rBMr5DUPEdE7YyZS-qfPj5VzfwdA=s180-rw,던전앤파이터 모바일(12),이배드,2022-03-24 00:00:00+09:00,1,1,뭔재미로 하는거지; pc로 먼저 접하지 않은 사람한테는 추천하지 않음.,android
https://play-lh.googleusercontent.com/RLfVW5sxXk8YHa0KfcqmPoIVJmBHzwZlrZYcFf8rBMr5DUPEdE7YyZS-qfPj5VzfwdA=s180-rw,던전앤파이터 모바일(12),담유만의수박,2022-03-24 00:00:00+09:00,1,1,모바일로 던파 들어가면요 경매장탭이 안보여요. 이건 어디에서 찾아요??? 상점눌러도 없고 어디에서도 찾지를 못하내요 ㅠ,android
https://play-lh.googleusercontent.com/RLfVW5sxXk8YHa0KfcqmPoIVJmBHzwZlrZYcFf8rBMr5DUPEdE7YyZS-qfPj5VzfwdA=s180-rw,던전앤파이터 모바일(12),김춘식우주인싸,2022-03-24 00:00:00+09:00,5,0,친구추가 안뜨는데 어케하나요,android
https://play-lh.googleusercontent.com/RLfVW5sxXk8YHa0KfcqmPoIVJmBHzwZlrZYcFf8rBMr5DUPEdE7YyZS-qfPj5VzfwdA=s180-rw,던전앤파이터 모바일(12),강한국,2022-03-24 00:00:00+09:00,5,0,굳 아주 잼나요,android
https://play-lh.googleusercontent.com/RLfVW5sxXk8YHa0KfcqmPoIVJmBHzwZlrZYcFf8rBMr5DUPEdE7YyZS-qfPj5VzfwdA=s180-rw,던전앤파이터 모바일(12),너굴보스,2022-03-24 00:00:00+09:00,5,0,12세는뭐고 그냥은뭐임 어플이 2개인데 그냥어플 하다가 12세로넘어가면 뭐 처음부터해야하나?,android
https://play-lh.googleusercontent.com/RLfVW5sxXk8YHa0KfcqmPoIVJmBHzwZlrZYcFf8rBMr5DUPEdE7YyZS-qfPj5VzfwdA=s180-rw,던전앤파이터 모바일(12),아온오,2022-03-24 00:00:00+09:00,5,0,다양한전직이 더있었으면 좋겠지만 아직은 지금도 충분히 재밋어요,android
https://play-lh.googleusercontent.com/RLfVW5sxXk8YHa0KfcqmPoIVJmBHzwZlrZYcFf8rBMr5DUPEdE7YyZS-qfPj5VzfwdA=s180-rw,던전앤파이터 모바일(12),박영연,2022-03-24 00:00:00+09:00,4,0,자동사냥 !!추가해주세요! ㅠㅠㅠ 모바일 넥슨 메이플M도 있는데 여기에는 없어서 아쉬워요 ㅠㅠㅠ 자동사냥 진짜로 추가해주세요!! 손으로 계속하니까 좀 힘들어요 ㅠㅠ,android
https://play-lh.googleusercontent.com/RLfVW5sxXk8YHa0KfcqmPoIVJmBHzwZlrZYcFf8rBMr5DUPEdE7YyZS-qfPj5VzfwdA=s180-rw,던전앤파이터 모바일(12),박종권,2022-03-24 00:00:00+09:00,4,0,진심으로 던파는 운영만 잘해준다면 rpg 격투게임의 전설이자 최강이 될 게임입니다.. 잘부탁드립니다.. 발열이슈는 좀 체감되네요. s20+ 유저입니다,android
https://play-lh.googleusercontent.com/RLfVW5sxXk8YHa0KfcqmPoIVJmBHzwZlrZYcFf8rBMr5DUPEdE7YyZS-qfPj5VzfwdA=s180-rw,던전앤파이터 모바일(12),Jang성일,2022-03-24 00:00:00+09:00,5,0,파이팅 ~ ^^,android
https://play-lh.googleusercontent.com/RLfVW5sxXk8YHa0KfcqmPoIVJmBHzwZlrZYcFf8rBMr5DUPEdE7YyZS-qfPj5VzfwdA=s180-rw,던전앤파이터 모바일(12),김대성,2022-03-24 00:00:00+09:00,5,0,재미있어요,android
https://play-lh.googleusercontent.com/RLfVW5sxXk8YHa0KfcqmPoIVJmBHzwZlrZYcFf8rBMr5DUPEdE7YyZS-qfPj5VzfwdA=s180-rw,던전앤파이터 모바일(12),Uki ss,2022-03-24 00:00:00+09:00,5,0,추억돋네,android
https://play-lh.googleusercontent.com/RLfVW5sxXk8YHa0KfcqmPoIVJmBHzwZlrZYcFf8rBMr5DUPEdE7YyZS-qfPj5VzfwdA=s180-rw,던전앤파이터 모바일(12),조문성,2022-03-24 00:00:00+09:00,5,0,굿,android
https://play-lh.googleusercontent.com/RLfVW5sxXk8YHa0KfcqmPoIVJmBHzwZlrZYcFf8rBMr5DUPEdE7YyZS-qfPj5VzfwdA=s180-rw,던전앤파이터 모바일(12),홍민기,2022-03-24 00:00:00+09:00,5,0,야무진데?,android
https://play-lh.googleusercontent.com/RLfVW5sxXk8YHa0KfcqmPoIVJmBHzwZlrZYcFf8rBMr5DUPEdE7YyZS-qfPj5VzfwdA=s180-rw,던전앤파이터 모바일(12),DH S,2022-03-24 00:00:00+09:00,3,0,사전예약 했는데 보상 안주나요? 구글 양대마켓1위 보상도 우편으로 주면 될것을 쿠폰 어쩌구 저쩌구 보상을 주려면 우편으로 주면 되지 참 짜증나네요 오랜만에 던파 모바일 전작보다 더 게임은 좋아졌는데 렙업도 빠르고 단지 와이파이 할때 신호 빵빵 한데도 연결 상태가 좋지 않음. 전작보다 시스템 플레이 상태는 좋음 하지만 보상을 우편으로 주면 될것을 쿠폰 어쩌구 저쩌구 이건 아님 그리고 던파 앱이 두개라 혼동되는 단점이 있음 둘중하나 겨우 찾아 용량도 커서 겨우 다운받음.ㅠㅠ🎆✨🎆✨🎆✨ 유저중 애들이 많은거 같은데 반말하고 비매너 ...전체 리뷰,android
https://play-lh.googleusercontent.com/RLfVW5sxXk8YHa0KfcqmPoIVJmBHzwZlrZYcFf8rBMr5DUPEdE7YyZS-qfPj5VzfwdA=s180-rw,던전앤파이터 모바일(12),Jim Y,2022-03-24 00:00:00+09:00,5,0,와 대박,android
https://play-lh.googleusercontent.com/RLfVW5sxXk8YHa0KfcqmPoIVJmBHzwZlrZYcFf8rBMr5DUPEdE7YyZS-qfPj5VzfwdA=s180-rw,던전앤파이터 모바일(12),이상현,2022-03-24 00:00:00+09:00,5,0,츄엌,android
https://play-lh.googleusercontent.com/RLfVW5sxXk8YHa0KfcqmPoIVJmBHzwZlrZYcFf8rBMr5DUPEdE7YyZS-qfPj5VzfwdA=s180-rw,던전앤파이터 모바일(12),문성훈,2022-03-24 00:00:00+09:00,5,0,좋와요,android
https://play-lh.googleusercontent.com/RLfVW5sxXk8YHa0KfcqmPoIVJmBHzwZlrZYcFf8rBMr5DUPEdE7YyZS-qfPj5VzfwdA=s180-rw,던전앤파이터 모바일(12),K파란보석,2022-03-24 00:00:00+09:00,4,0,생각 보다 할만한,android
https://play-lh.googleusercontent.com/RLfVW5sxXk8YHa0KfcqmPoIVJmBHzwZlrZYcFf8rBMr5DUPEdE7YyZS-qfPj5VzfwdA=s180-rw,던전앤파이터 모바일(12),종철박,2022-03-24 00:00:00+09:00,5,0,추억의 게임.예전게임과 비교하게 되네요.,android
https://play-lh.googleusercontent.com/RLfVW5sxXk8YHa0KfcqmPoIVJmBHzwZlrZYcFf8rBMr5DUPEdE7YyZS-qfPj5VzfwdA=s180-rw,던전앤파이터 모바일(12),삼각별,2022-03-24 00:00:00+09:00,5,0,현재까지는 굿,android
https://play-lh.googleusercontent.com/RLfVW5sxXk8YHa0KfcqmPoIVJmBHzwZlrZYcFf8rBMr5DUPEdE7YyZS-qfPj5VzfwdA=s180-rw,던전앤파이터 모바일(12),솔솔솔솔,2022-03-24 00:00:00+09:00,1,1,2022년인데 구시대적 피로도 시스템 있음,android
https://play-lh.googleusercontent.com/RLfVW5sxXk8YHa0KfcqmPoIVJmBHzwZlrZYcFf8rBMr5DUPEdE7YyZS-qfPj5VzfwdA=s180-rw,던전앤파이터 모바일(12),이범선,2022-03-24 00:00:00+09:00,5,0,추억,android
https://play-lh.googleusercontent.com/RLfVW5sxXk8YHa0KfcqmPoIVJmBHzwZlrZYcFf8rBMr5DUPEdE7YyZS-qfPj5VzfwdA=s180-rw,던전앤파이터 모바일(12),여진이,2022-03-24 00:00:00+09:00,5,0,지린다,android
https://play-lh.googleusercontent.com/RLfVW5sxXk8YHa0KfcqmPoIVJmBHzwZlrZYcFf8rBMr5DUPEdE7YyZS-qfPj5VzfwdA=s180-rw,던전앤파이터 모바일(12),"애니메이션,웹툰소개편집기",2022-03-24 00:00:00+09:00,1,0,아니 이거 왜 안들어가짐? 화면 터치하라해서 터치하면 팅김 지웠다 깔아도 똑같아....,android
https://play-lh.googleusercontent.com/RLfVW5sxXk8YHa0KfcqmPoIVJmBHzwZlrZYcFf8rBMr5DUPEdE7YyZS-qfPj5VzfwdA=s180-rw,던전앤파이터 모바일(12),죠죠러,2022-03-24 00:00:00+09:00,5,1,던파 안하던 친구가 모바일 나왔다고 같이 하자네요.... 이게 맞나요..?,android
https://play-lh.googleusercontent.com/RLfVW5sxXk8YHa0KfcqmPoIVJmBHzwZlrZYcFf8rBMr5DUPEdE7YyZS-qfPj5VzfwdA=s180-rw,던전앤파이터 모바일(12),이준희,2022-03-24 00:00:00+09:00,5,0,재미있음,android
https://play-lh.googleusercontent.com/RLfVW5sxXk8YHa0KfcqmPoIVJmBHzwZlrZYcFf8rBMr5DUPEdE7YyZS-qfPj5VzfwdA=s180-rw,던전앤파이터 모바일(12),최승열,2022-03-24 00:00:00+09:00,5,0,모바일로나오다니 재미있어요,android
https://play-lh.googleusercontent.com/RLfVW5sxXk8YHa0KfcqmPoIVJmBHzwZlrZYcFf8rBMr5DUPEdE7YyZS-qfPj5VzfwdA=s180-rw,던전앤파이터 모바일(12),쿠루루핑크퐁,2022-03-24 00:00:00+09:00,5,0,그냥 갓겜!!,android
https://play-lh.googleusercontent.com/RLfVW5sxXk8YHa0KfcqmPoIVJmBHzwZlrZYcFf8rBMr5DUPEdE7YyZS-qfPj5VzfwdA=s180-rw,던전앤파이터 모바일(12),이원호,2022-03-24 00:00:00+09:00,4,0,추억의 게임이네요 재미있게 하고있어요 많은업데이트 기대할게요,android
https://play-lh.googleusercontent.com/RLfVW5sxXk8YHa0KfcqmPoIVJmBHzwZlrZYcFf8rBMr5DUPEdE7YyZS-qfPj5VzfwdA=s180-rw,던전앤파이터 모바일(12),김김영철,2022-03-24 00:00:00+09:00,5,0,색다르게 재미있네요 계속 하고 싶네요,android
https://play-lh.googleusercontent.com/RLfVW5sxXk8YHa0KfcqmPoIVJmBHzwZlrZYcFf8rBMr5DUPEdE7YyZS-qfPj5VzfwdA=s180-rw,던전앤파이터 모바일(12),이경윤,2022-03-24 00:00:00+09:00,4,0,던전자동돌기가있으면 조금더편했을텐데.,android
https://play-lh.googleusercontent.com/RLfVW5sxXk8YHa0KfcqmPoIVJmBHzwZlrZYcFf8rBMr5DUPEdE7YyZS-qfPj5VzfwdA=s180-rw,던전앤파이터 모바일(12),송규범,2022-03-24 00:00:00+09:00,5,0,굿,android
https://play-lh.googleusercontent.com/RLfVW5sxXk8YHa0KfcqmPoIVJmBHzwZlrZYcFf8rBMr5DUPEdE7YyZS-qfPj5VzfwdA=s180-rw,던전앤파이터 모바일(12),문문세정,2022-03-24 00:00:00+09:00,5,0,아직까지는 굿,android
https://play-lh.googleusercontent.com/RLfVW5sxXk8YHa0KfcqmPoIVJmBHzwZlrZYcFf8rBMr5DUPEdE7YyZS-qfPj5VzfwdA=s180-rw,던전앤파이터 모바일(12),P.M Driver,2022-03-24 00:00:00+09:00,5,0,왜 쿠폰 안줘요? 사전등록했는데..,android
https://play-lh.googleusercontent.com/RLfVW5sxXk8YHa0KfcqmPoIVJmBHzwZlrZYcFf8rBMr5DUPEdE7YyZS-qfPj5VzfwdA=s180-rw,던전앤파이터 모바일(12),김동영,2022-03-24 00:00:00+09:00,5,0,굿,android
https://play-lh.googleusercontent.com/RLfVW5sxXk8YHa0KfcqmPoIVJmBHzwZlrZYcFf8rBMr5DUPEdE7YyZS-qfPj5VzfwdA=s180-rw,던전앤파이터 모바일(12),Vv Ll,2022-03-24 00:00:00+09:00,1,0,성인인증안된다고 좀해결좀해봐,android
https://play-lh.googleusercontent.com/RLfVW5sxXk8YHa0KfcqmPoIVJmBHzwZlrZYcFf8rBMr5DUPEdE7YyZS-qfPj5VzfwdA=s180-rw,던전앤파이터 모바일(12),리무르템페스트,2022-03-24 00:00:00+09:00,2,0,용량이 남아있음에도 용량이 없다고 다운이 않됀다고 합니다 왜이러죠?,android
https://play-lh.googleusercontent.com/RLfVW5sxXk8YHa0KfcqmPoIVJmBHzwZlrZYcFf8rBMr5DUPEdE7YyZS-qfPj5VzfwdA=s180-rw,던전앤파이터 모바일(12),il park,2022-03-24 00:00:00+09:00,5,0,재밌어욯ㅎ,android
https://play-lh.googleusercontent.com/RLfVW5sxXk8YHa0KfcqmPoIVJmBHzwZlrZYcFf8rBMr5DUPEdE7YyZS-qfPj5VzfwdA=s180-rw,던전앤파이터 모바일(12),정진화,2022-03-24 00:00:00+09:00,5,0,좋아요,android
https://play-lh.googleusercontent.com/RLfVW5sxXk8YHa0KfcqmPoIVJmBHzwZlrZYcFf8rBMr5DUPEdE7YyZS-qfPj5VzfwdA=s180-rw,던전앤파이터 모바일(12),서기문,2022-03-24 00:00:00+09:00,5,0,생각보다 재밌네요,android
https://play-lh.googleusercontent.com/RLfVW5sxXk8YHa0KfcqmPoIVJmBHzwZlrZYcFf8rBMr5DUPEdE7YyZS-qfPj5VzfwdA=s180-rw,던전앤파이터 모바일(12),루비,2022-03-24 00:00:00+09:00,5,0,대박,android
https://play-lh.googleusercontent.com/RLfVW5sxXk8YHa0KfcqmPoIVJmBHzwZlrZYcFf8rBMr5DUPEdE7YyZS-qfPj5VzfwdA=s180-rw,던전앤파이터 모바일(12),JUHEE Park,2022-03-24 00:00:00+09:00,5,0,일단 인증안됀다고 하신분들은 뭔가 잘못하신거같은게 저는 구글로그인 하자마자 튕김도 없고 잘됩니다 어쨋든 모바일 던파 12와 그냥 모바일 던파와의 차이점은 12는 12세 이용가고요 기본은 19세입니다 어쨋든 pc던파 못해본 저로썬 최고의 게임입니다 업데이트가 자주되었으면 정말 좋을거같습니다~~,android
https://play-lh.googleusercontent.com/RLfVW5sxXk8YHa0KfcqmPoIVJmBHzwZlrZYcFf8rBMr5DUPEdE7YyZS-qfPj5VzfwdA=s180-rw,던전앤파이터 모바일(12),이진영,2022-03-24 00:00:00+09:00,4,0,재미있어,android
https://play-lh.googleusercontent.com/RLfVW5sxXk8YHa0KfcqmPoIVJmBHzwZlrZYcFf8rBMr5DUPEdE7YyZS-qfPj5VzfwdA=s180-rw,던전앤파이터 모바일(12),변용구,2022-03-24 00:00:00+09:00,5,0,재미있어요,android
https://play-lh.googleusercontent.com/RLfVW5sxXk8YHa0KfcqmPoIVJmBHzwZlrZYcFf8rBMr5DUPEdE7YyZS-qfPj5VzfwdA=s180-rw,던전앤파이터 모바일(12),곽무헌,2022-03-24 00:00:00+09:00,5,0,옛날에 하던 pc던파와 비슷해서 향수를 느끼며 재밌게 하는중 바람연과 다름,android
https://play-lh.googleusercontent.com/RLfVW5sxXk8YHa0KfcqmPoIVJmBHzwZlrZYcFf8rBMr5DUPEdE7YyZS-qfPj5VzfwdA=s180-rw,던전앤파이터 모바일(12),김용재,2022-03-24 00:00:00+09:00,5,0,추억돋는드야!!,android
https://play-lh.googleusercontent.com/RLfVW5sxXk8YHa0KfcqmPoIVJmBHzwZlrZYcFf8rBMr5DUPEdE7YyZS-qfPj5VzfwdA=s180-rw,던전앤파이터 모바일(12),이록규,2022-03-24 00:00:00+09:00,5,0,재밌다,android
https://play-lh.googleusercontent.com/RLfVW5sxXk8YHa0KfcqmPoIVJmBHzwZlrZYcFf8rBMr5DUPEdE7YyZS-qfPj5VzfwdA=s180-rw,던전앤파이터 모바일(12),정상길,2022-03-24 00:00:00+09:00,5,0,좋아용,android
https://play-lh.googleusercontent.com/RLfVW5sxXk8YHa0KfcqmPoIVJmBHzwZlrZYcFf8rBMr5DUPEdE7YyZS-qfPj5VzfwdA=s180-rw,던전앤파이터 모바일(12),Muse Onz,2022-03-24 00:00:00+09:00,3,0,게임도 재밌고 손맛도 있는데 기력이 너무 빨리 닳아서 많이 하고 싶어도 하질 못하네요.. 오전 6시까지 기다리는 것도 너무 오래 걸리고 중간중간 기력 줘서 20 채우고 플레이하면 몇 판 만에 사라지고 없네요 시간당 10씩 채워주는 방식으로 하면 좋을 거 같습니다.,android
https://play-lh.googleusercontent.com/RLfVW5sxXk8YHa0KfcqmPoIVJmBHzwZlrZYcFf8rBMr5DUPEdE7YyZS-qfPj5VzfwdA=s180-rw,던전앤파이터 모바일(12),원동연,2022-03-24 00:00:00+09:00,4,0,12세 하다가 성인인증하면 18세로 전환되나요?? 아니면 12세랑 18세 완전 다른분류인가요??,android
https://play-lh.googleusercontent.com/RLfVW5sxXk8YHa0KfcqmPoIVJmBHzwZlrZYcFf8rBMr5DUPEdE7YyZS-qfPj5VzfwdA=s180-rw,던전앤파이터 모바일(12),김현우,2022-03-24 00:00:00+09:00,1,1,피로도때문에 할수있는게 없네요;; 피로도 다쓰고 결장하면 거너는 애들한태 걍 썰리고 콤보도 못쓰고 판정도 개 쓰래기 같이 만들고;; 하루 만에 정떨어지네;; pc던파는 할만해도 모발일은 진짜 극혐이네 피로도 부터 시작해서 하실분은 결장은 거너 절때로 하지마세요 사전예약 하고 시작하루만에 삭제합니다 역시 갓 쓰래기게임ㅋㅋ,android
https://play-lh.googleusercontent.com/RLfVW5sxXk8YHa0KfcqmPoIVJmBHzwZlrZYcFf8rBMr5DUPEdE7YyZS-qfPj5VzfwdA=s180-rw,던전앤파이터 모바일(12),괴짜배스단.악귀단장,2022-03-24 00:00:00+09:00,5,0,좋아요,android
https://play-lh.googleusercontent.com/RLfVW5sxXk8YHa0KfcqmPoIVJmBHzwZlrZYcFf8rBMr5DUPEdE7YyZS-qfPj5VzfwdA=s180-rw,던전앤파이터 모바일(12),살인양배추,2022-03-24 00:00:00+09:00,5,0,PC랑 똑같아서 정말 잼나네요 ^^,android
https://play-lh.googleusercontent.com/RLfVW5sxXk8YHa0KfcqmPoIVJmBHzwZlrZYcFf8rBMr5DUPEdE7YyZS-qfPj5VzfwdA=s180-rw,던전앤파이터 모바일(12),김기명,2022-03-24 00:00:00+09:00,5,0,기다리고 기다리던 던전이 왔어요 아주 좋아,android
https://play-lh.googleusercontent.com/RLfVW5sxXk8YHa0KfcqmPoIVJmBHzwZlrZYcFf8rBMr5DUPEdE7YyZS-qfPj5VzfwdA=s180-rw,던전앤파이터 모바일(12),김종도,2022-03-24 00:00:00+09:00,5,0,재미나게 하고잇어요 ㅋㅋㅋㅋㅋ,android
https://play-lh.googleusercontent.com/RLfVW5sxXk8YHa0KfcqmPoIVJmBHzwZlrZYcFf8rBMr5DUPEdE7YyZS-qfPj5VzfwdA=s180-rw,던전앤파이터 모바일(12),이공설,2022-03-24 00:00:00+09:00,5,0,시원시원한 액션으로 안질리게 플레이할수있는데 대전모드에서 크루세이더가 과하게 좋음 에어본 스킬 범위도 넓고 조작 쉽고,android
https://play-lh.googleusercontent.com/RLfVW5sxXk8YHa0KfcqmPoIVJmBHzwZlrZYcFf8rBMr5DUPEdE7YyZS-qfPj5VzfwdA=s180-rw,던전앤파이터 모바일(12),오준서,2022-03-24 00:00:00+09:00,5,0,개꿀잼오프 꿀잼,android
https://play-lh.googleusercontent.com/RLfVW5sxXk8YHa0KfcqmPoIVJmBHzwZlrZYcFf8rBMr5DUPEdE7YyZS-qfPj5VzfwdA=s180-rw,던전앤파이터 모바일(12),장수영,2022-03-24 00:00:00+09:00,5,0,기대중인데.. 넥슨이라,android
https://play-lh.googleusercontent.com/RLfVW5sxXk8YHa0KfcqmPoIVJmBHzwZlrZYcFf8rBMr5DUPEdE7YyZS-qfPj5VzfwdA=s180-rw,던전앤파이터 모바일(12),조수형,2022-03-24 00:00:00+09:00,5,0,너무재밌음,android
https://play-lh.googleusercontent.com/RLfVW5sxXk8YHa0KfcqmPoIVJmBHzwZlrZYcFf8rBMr5DUPEdE7YyZS-qfPj5VzfwdA=s180-rw,던전앤파이터 모바일(12),고유찬,2022-03-24 00:00:00+09:00,5,0,던전의 힘을 알수있는 것,android
https://play-lh.googleusercontent.com/RLfVW5sxXk8YHa0KfcqmPoIVJmBHzwZlrZYcFf8rBMr5DUPEdE7YyZS-qfPj5VzfwdA=s180-rw,던전앤파이터 모바일(12),백장현,2022-03-24 00:00:00+09:00,5,0,15년 전처럼 아수라를 키워보니까 재미있었어요,android
https://play-lh.googleusercontent.com/RLfVW5sxXk8YHa0KfcqmPoIVJmBHzwZlrZYcFf8rBMr5DUPEdE7YyZS-qfPj5VzfwdA=s180-rw,던전앤파이터 모바일(12),La'falAndamukha Ritter von Tiger,2022-03-24 00:00:00+09:00,2,0,이게 맞나? 쩝...,android
https://play-lh.googleusercontent.com/RLfVW5sxXk8YHa0KfcqmPoIVJmBHzwZlrZYcFf8rBMr5DUPEdE7YyZS-qfPj5VzfwdA=s180-rw,던전앤파이터 모바일(12),우승호,2022-03-24 00:00:00+09:00,5,0,드디어 던파를 모바일로 한다!!!,android
https://play-lh.googleusercontent.com/RLfVW5sxXk8YHa0KfcqmPoIVJmBHzwZlrZYcFf8rBMr5DUPEdE7YyZS-qfPj5VzfwdA=s180-rw,던전앤파이터 모바일(12),김창대,2022-03-24 00:00:00+09:00,5,0,08년도의 감성이 묻어있습니다,android
https://play-lh.googleusercontent.com/RLfVW5sxXk8YHa0KfcqmPoIVJmBHzwZlrZYcFf8rBMr5DUPEdE7YyZS-qfPj5VzfwdA=s180-rw,던전앤파이터 모바일(12),블루베지트,2022-03-24 00:00:00+09:00,5,0,아주 맘에 듭니다ㅎㅎ,android
https://play-lh.googleusercontent.com/RLfVW5sxXk8YHa0KfcqmPoIVJmBHzwZlrZYcFf8rBMr5DUPEdE7YyZS-qfPj5VzfwdA=s180-rw,던전앤파이터 모바일(12),마산개미,2022-03-24 00:00:00+09:00,5,0,귿귿,android
https://play-lh.googleusercontent.com/RLfVW5sxXk8YHa0KfcqmPoIVJmBHzwZlrZYcFf8rBMr5DUPEdE7YyZS-qfPj5VzfwdA=s180-rw,던전앤파이터 모바일(12),김충환,2022-03-24 00:00:00+09:00,1,0,업데이트 너무 많이 나오네요,android
https://play-lh.googleusercontent.com/RLfVW5sxXk8YHa0KfcqmPoIVJmBHzwZlrZYcFf8rBMr5DUPEdE7YyZS-qfPj5VzfwdA=s180-rw,던전앤파이터 모바일(12),장정호,2022-03-24 00:00:00+09:00,5,0,오랜만에 옛생각나네오,android
https://play-lh.googleusercontent.com/RLfVW5sxXk8YHa0KfcqmPoIVJmBHzwZlrZYcFf8rBMr5DUPEdE7YyZS-qfPj5VzfwdA=s180-rw,던전앤파이터 모바일(12),테크지너스,2022-03-24 00:00:00+09:00,1,0,자꾸 삭제하네,android
https://play-lh.googleusercontent.com/RLfVW5sxXk8YHa0KfcqmPoIVJmBHzwZlrZYcFf8rBMr5DUPEdE7YyZS-qfPj5VzfwdA=s180-rw,던전앤파이터 모바일(12),김명수263,2022-03-24 00:00:00+09:00,1,1,와이파이로는 접속이 안되고 던파 처음시쟉하는데 공격판정이 구리고 잠이옴...,android
https://play-lh.googleusercontent.com/RLfVW5sxXk8YHa0KfcqmPoIVJmBHzwZlrZYcFf8rBMr5DUPEdE7YyZS-qfPj5VzfwdA=s180-rw,던전앤파이터 모바일(12),P JGP,2022-03-24 00:00:00+09:00,1,0,중동 체류중인데 서비스가 안되네요....,android
https://play-lh.googleusercontent.com/RLfVW5sxXk8YHa0KfcqmPoIVJmBHzwZlrZYcFf8rBMr5DUPEdE7YyZS-qfPj5VzfwdA=s180-rw,던전앤파이터 모바일(12),이지마스터,2022-03-24 00:00:00+09:00,3,0,12세랑 18세랑 무슨차이임?,android
https://play-lh.googleusercontent.com/RLfVW5sxXk8YHa0KfcqmPoIVJmBHzwZlrZYcFf8rBMr5DUPEdE7YyZS-qfPj5VzfwdA=s180-rw,던전앤파이터 모바일(12),Jinho Park,2022-03-24 00:00:00+09:00,4,0,아직은 할만함ㅋ,android
https://play-lh.googleusercontent.com/RLfVW5sxXk8YHa0KfcqmPoIVJmBHzwZlrZYcFf8rBMr5DUPEdE7YyZS-qfPj5VzfwdA=s180-rw,던전앤파이터 모바일(12),김진태,2022-03-24 00:00:00+09:00,5,0,잼나네요,android
https://play-lh.googleusercontent.com/RLfVW5sxXk8YHa0KfcqmPoIVJmBHzwZlrZYcFf8rBMr5DUPEdE7YyZS-qfPj5VzfwdA=s180-rw,던전앤파이터 모바일(12),장진우,2022-03-24 00:00:00+09:00,3,0,어렵넹,android
https://play-lh.googleusercontent.com/RLfVW5sxXk8YHa0KfcqmPoIVJmBHzwZlrZYcFf8rBMr5DUPEdE7YyZS-qfPj5VzfwdA=s180-rw,던전앤파이터 모바일(12),박은경,2022-03-24 00:00:00+09:00,5,0,겁나잼있어요,android
https://play-lh.googleusercontent.com/RLfVW5sxXk8YHa0KfcqmPoIVJmBHzwZlrZYcFf8rBMr5DUPEdE7YyZS-qfPj5VzfwdA=s180-rw,던전앤파이터 모바일(12),안상천,2022-03-24 00:00:00+09:00,5,0,good,android
https://play-lh.googleusercontent.com/RLfVW5sxXk8YHa0KfcqmPoIVJmBHzwZlrZYcFf8rBMr5DUPEdE7YyZS-qfPj5VzfwdA=s180-rw,던전앤파이터 모바일(12),반역왕 다리우스,2022-03-24 00:00:00+09:00,5,0,혹시 권장사양이 어느정도여야 할까요..?,android
https://play-lh.googleusercontent.com/RLfVW5sxXk8YHa0KfcqmPoIVJmBHzwZlrZYcFf8rBMr5DUPEdE7YyZS-qfPj5VzfwdA=s180-rw,던전앤파이터 모바일(12),스땅나이,2022-03-24 00:00:00+09:00,5,0,굳,android
https://play-lh.googleusercontent.com/RLfVW5sxXk8YHa0KfcqmPoIVJmBHzwZlrZYcFf8rBMr5DUPEdE7YyZS-qfPj5VzfwdA=s180-rw,던전앤파이터 모바일(12),하일랑,2022-03-24 00:00:00+09:00,5,0,던파모바일이랑 돈파모바일 12세랑 같이 할수있나요?,android
https://play-lh.googleusercontent.com/RLfVW5sxXk8YHa0KfcqmPoIVJmBHzwZlrZYcFf8rBMr5DUPEdE7YyZS-qfPj5VzfwdA=s180-rw,던전앤파이터 모바일(12),강태윤,2022-03-24 00:00:00+09:00,3,1,일단 별 3게 줄게요. 이게 제 구글계정으로 들어가려다가 못 들어가진다고 에러가 뜨네요;; 이점 좀 고쳐주시면 감사하겠습니다,android
https://play-lh.googleusercontent.com/RLfVW5sxXk8YHa0KfcqmPoIVJmBHzwZlrZYcFf8rBMr5DUPEdE7YyZS-qfPj5VzfwdA=s180-rw,던전앤파이터 모바일(12),김석주,2022-03-24 00:00:00+09:00,5,0,재밌어여...ㅜ 근데 엘마 움직이면서 기술 쓸수 있는건 모든 기술이 됐으면 좋겠슴다 ㅎㅎ 컴퓨터 처럼!!,android
https://play-lh.googleusercontent.com/RLfVW5sxXk8YHa0KfcqmPoIVJmBHzwZlrZYcFf8rBMr5DUPEdE7YyZS-qfPj5VzfwdA=s180-rw,던전앤파이터 모바일(12),방승현,2022-03-24 00:00:00+09:00,5,0,굿,android
https://play-lh.googleusercontent.com/RLfVW5sxXk8YHa0KfcqmPoIVJmBHzwZlrZYcFf8rBMr5DUPEdE7YyZS-qfPj5VzfwdA=s180-rw,던전앤파이터 모바일(12),오준호,2022-03-24 00:00:00+09:00,5,0,직업선택에 네크로멘서 ㄱㄴ?,android
https://play-lh.googleusercontent.com/RLfVW5sxXk8YHa0KfcqmPoIVJmBHzwZlrZYcFf8rBMr5DUPEdE7YyZS-qfPj5VzfwdA=s180-rw,던전앤파이터 모바일(12),박종근,2022-03-24 00:00:00+09:00,5,0,이주쪼아,android
https://play-lh.googleusercontent.com/RLfVW5sxXk8YHa0KfcqmPoIVJmBHzwZlrZYcFf8rBMr5DUPEdE7YyZS-qfPj5VzfwdA=s180-rw,던전앤파이터 모바일(12),전우진TV,2022-03-24 00:00:00+09:00,5,0,던파모바일 진짜 제미있어요,android
https://play-lh.googleusercontent.com/RLfVW5sxXk8YHa0KfcqmPoIVJmBHzwZlrZYcFf8rBMr5DUPEdE7YyZS-qfPj5VzfwdA=s180-rw,던전앤파이터 모바일(12),Chris gi,2022-03-24 00:00:00+09:00,5,0,역시는 역시는 역시네,android
https://play-lh.googleusercontent.com/RLfVW5sxXk8YHa0KfcqmPoIVJmBHzwZlrZYcFf8rBMr5DUPEdE7YyZS-qfPj5VzfwdA=s180-rw,던전앤파이터 모바일(12),Lee Js,2022-03-24 00:00:00+09:00,5,0,잘 만든것같음,android
https://play-lh.googleusercontent.com/RLfVW5sxXk8YHa0KfcqmPoIVJmBHzwZlrZYcFf8rBMr5DUPEdE7YyZS-qfPj5VzfwdA=s180-rw,던전앤파이터 모바일(12),오정식,2022-03-24 00:00:00+09:00,5,0,쿠폰줘여ㅡㅡ,android
https://play-lh.googleusercontent.com/RLfVW5sxXk8YHa0KfcqmPoIVJmBHzwZlrZYcFf8rBMr5DUPEdE7YyZS-qfPj5VzfwdA=s180-rw,던전앤파이터 모바일(12),한니발라이징,2022-03-24 00:00:00+09:00,5,0,재밌습니다,android
https://play-lh.googleusercontent.com/RLfVW5sxXk8YHa0KfcqmPoIVJmBHzwZlrZYcFf8rBMr5DUPEdE7YyZS-qfPj5VzfwdA=s180-rw,던전앤파이터 모바일(12),김광호,2022-03-24 00:00:00+09:00,3,0,료ㅛㅕㅓ,android
https://play-lh.googleusercontent.com/RLfVW5sxXk8YHa0KfcqmPoIVJmBHzwZlrZYcFf8rBMr5DUPEdE7YyZS-qfPj5VzfwdA=s180-rw,던전앤파이터 모바일(12),Jo Ker,2022-03-24 00:00:00+09:00,5,0,조작감이 있네요 재있어요,android
https://play-lh.googleusercontent.com/RLfVW5sxXk8YHa0KfcqmPoIVJmBHzwZlrZYcFf8rBMr5DUPEdE7YyZS-qfPj5VzfwdA=s180-rw,던전앤파이터 모바일(12),굴소,2022-03-24 00:00:00+09:00,5,0,생각보다 재밌네요! 개인적으로 오토 없으니 할 맛 납니다ㅎㅎ,android
https://play-lh.googleusercontent.com/RLfVW5sxXk8YHa0KfcqmPoIVJmBHzwZlrZYcFf8rBMr5DUPEdE7YyZS-qfPj5VzfwdA=s180-rw,던전앤파이터 모바일(12),2m-4셉,2022-03-24 00:00:00+09:00,5,0,추억에 게임감사합니다,android
https://play-lh.googleusercontent.com/RLfVW5sxXk8YHa0KfcqmPoIVJmBHzwZlrZYcFf8rBMr5DUPEdE7YyZS-qfPj5VzfwdA=s180-rw,던전앤파이터 모바일(12),이진우,2022-03-24 00:00:00+09:00,5,0,재밌네요 던파처음 할때생각나요,android
https://play-lh.googleusercontent.com/RLfVW5sxXk8YHa0KfcqmPoIVJmBHzwZlrZYcFf8rBMr5DUPEdE7YyZS-qfPj5VzfwdA=s180-rw,던전앤파이터 모바일(12),진빠,2022-03-24 00:00:00+09:00,5,0,잘되네요 안정화 잘 되었으면 합니다,android
https://play-lh.googleusercontent.com/RLfVW5sxXk8YHa0KfcqmPoIVJmBHzwZlrZYcFf8rBMr5DUPEdE7YyZS-qfPj5VzfwdA=s180-rw,던전앤파이터 모바일(12),김태숙,2022-03-24 00:00:00+09:00,5,0,존잼,android
https://play-lh.googleusercontent.com/RLfVW5sxXk8YHa0KfcqmPoIVJmBHzwZlrZYcFf8rBMr5DUPEdE7YyZS-qfPj5VzfwdA=s180-rw,던전앤파이터 모바일(12),HJ H,2022-03-24 00:00:00+09:00,5,0,까는거추천,android
https://play-lh.googleusercontent.com/RLfVW5sxXk8YHa0KfcqmPoIVJmBHzwZlrZYcFf8rBMr5DUPEdE7YyZS-qfPj5VzfwdA=s180-rw,던전앤파이터 모바일(12),허정영,2022-03-24 00:00:00+09:00,5,0,재밋어요,android
https://play-lh.googleusercontent.com/RLfVW5sxXk8YHa0KfcqmPoIVJmBHzwZlrZYcFf8rBMr5DUPEdE7YyZS-qfPj5VzfwdA=s180-rw,던전앤파이터 모바일(12),west 12,2022-03-24 00:00:00+09:00,1,1,시작하고 구글 계정 연동하니 illegal program has been detected라는 경고문구 후 게임이 꺼집니다 처음하는데 불법프로그램이라니 뭔 소리죠,android
https://play-lh.googleusercontent.com/RLfVW5sxXk8YHa0KfcqmPoIVJmBHzwZlrZYcFf8rBMr5DUPEdE7YyZS-qfPj5VzfwdA=s180-rw,던전앤파이터 모바일(12),김도운,2022-03-24 00:00:00+09:00,5,0,굿,android
https://play-lh.googleusercontent.com/RLfVW5sxXk8YHa0KfcqmPoIVJmBHzwZlrZYcFf8rBMr5DUPEdE7YyZS-qfPj5VzfwdA=s180-rw,던전앤파이터 모바일(12),최규석,2022-03-24 00:00:00+09:00,5,0,파이팅해요!!,android
https://play-lh.googleusercontent.com/RLfVW5sxXk8YHa0KfcqmPoIVJmBHzwZlrZYcFf8rBMr5DUPEdE7YyZS-qfPj5VzfwdA=s180-rw,던전앤파이터 모바일(12),조요한,2022-03-24 00:00:00+09:00,3,0,게임을 껐다가 키면 업데이트 확인중에서 막히는 현상이 있습니다 그리고 그후로 들어왔다 나갔다를 반복해야 겨우 들어가져요 꼭 좀 고쳐주세요,android
https://play-lh.googleusercontent.com/RLfVW5sxXk8YHa0KfcqmPoIVJmBHzwZlrZYcFf8rBMr5DUPEdE7YyZS-qfPj5VzfwdA=s180-rw,던전앤파이터 모바일(12),윤종혁,2022-03-24 00:00:00+09:00,5,0,재미있는 게임,android
https://play-lh.googleusercontent.com/RLfVW5sxXk8YHa0KfcqmPoIVJmBHzwZlrZYcFf8rBMr5DUPEdE7YyZS-qfPj5VzfwdA=s180-rw,던전앤파이터 모바일(12),안진영,2022-03-24 00:00:00+09:00,5,0,좋아ㅇㅅ좋아오우우아요,android
https://play-lh.googleusercontent.com/RLfVW5sxXk8YHa0KfcqmPoIVJmBHzwZlrZYcFf8rBMr5DUPEdE7YyZS-qfPj5VzfwdA=s180-rw,던전앤파이터 모바일(12),김영주,2022-03-24 00:00:00+09:00,5,0,잼있네요,android
https://play-lh.googleusercontent.com/RLfVW5sxXk8YHa0KfcqmPoIVJmBHzwZlrZYcFf8rBMr5DUPEdE7YyZS-qfPj5VzfwdA=s180-rw,던전앤파이터 모바일(12),참새,2022-03-24 00:00:00+09:00,1,0,던파는 컴으로,android
https://play-lh.googleusercontent.com/RLfVW5sxXk8YHa0KfcqmPoIVJmBHzwZlrZYcFf8rBMr5DUPEdE7YyZS-qfPj5VzfwdA=s180-rw,던전앤파이터 모바일(12),바퀴퀴님,2022-03-24 00:00:00+09:00,1,0,방향키를 원하는대로 위치랑 크기 만져도 저장하고 나가기 눌렀는데 자꾸 원래대로 돌아감;,android
https://play-lh.googleusercontent.com/RLfVW5sxXk8YHa0KfcqmPoIVJmBHzwZlrZYcFf8rBMr5DUPEdE7YyZS-qfPj5VzfwdA=s180-rw,던전앤파이터 모바일(12),이종인,2022-03-24 00:00:00+09:00,5,0,와 👍 너무 재미있다 중독됨 👍,android
https://play-lh.googleusercontent.com/RLfVW5sxXk8YHa0KfcqmPoIVJmBHzwZlrZYcFf8rBMr5DUPEdE7YyZS-qfPj5VzfwdA=s180-rw,던전앤파이터 모바일(12),김원순,2022-03-24 00:00:00+09:00,1,0,왜 글을 계속 삭제하죠? S22플러스에서 렉이 심한데 최적화가 안되어서그런거맞나요?,android
https://play-lh.googleusercontent.com/RLfVW5sxXk8YHa0KfcqmPoIVJmBHzwZlrZYcFf8rBMr5DUPEdE7YyZS-qfPj5VzfwdA=s180-rw,던전앤파이터 모바일(12),정재환,2022-03-24 00:00:00+09:00,5,0,피씨랑 비슷하게 잘 구연 한것같습니다 재밌네요,android
https://play-lh.googleusercontent.com/RLfVW5sxXk8YHa0KfcqmPoIVJmBHzwZlrZYcFf8rBMr5DUPEdE7YyZS-qfPj5VzfwdA=s180-rw,던전앤파이터 모바일(12),박승범,2022-03-24 00:00:00+09:00,1,0,성인인증이 도대채 왜 안되나요? 정보를 다시 확인해달라고 하고 댓글달려있는대로 데이터삭제랑 캐시삭제 다했는데도 안되는데 빠르게 해결좀여,android
https://play-lh.googleusercontent.com/RLfVW5sxXk8YHa0KfcqmPoIVJmBHzwZlrZYcFf8rBMr5DUPEdE7YyZS-qfPj5VzfwdA=s180-rw,던전앤파이터 모바일(12),정지원,2022-03-24 00:00:00+09:00,5,0,꿀잼띠,android
https://play-lh.googleusercontent.com/RLfVW5sxXk8YHa0KfcqmPoIVJmBHzwZlrZYcFf8rBMr5DUPEdE7YyZS-qfPj5VzfwdA=s180-rw,던전앤파이터 모바일(12),흩날리는귀욤,2022-03-24 00:00:00+09:00,5,0,"단순 터치하여 스킬을 사용아니라 드래그를 활용한 스킬 연계가 신선하고 재밌음, 또한 생각보다 좋은 퀄리티에 놀람",android
https://play-lh.googleusercontent.com/RLfVW5sxXk8YHa0KfcqmPoIVJmBHzwZlrZYcFf8rBMr5DUPEdE7YyZS-qfPj5VzfwdA=s180-rw,던전앤파이터 모바일(12),강현식,2022-03-24 00:00:00+09:00,5,0,컴퓨터로 예전에 이용했는데 모바일로나와서 너무 좋아요^^,android
https://play-lh.googleusercontent.com/RLfVW5sxXk8YHa0KfcqmPoIVJmBHzwZlrZYcFf8rBMr5DUPEdE7YyZS-qfPj5VzfwdA=s180-rw,던전앤파이터 모바일(12),공시우TV,2022-03-24 00:00:00+09:00,4,0,저 사전예약 보상이 안나와요,android
