APP_IMG,APP_NAME,USER,DATE,STAR,LIKE,COMMENT,OS,TITLE,id
https://play-lh.googleusercontent.com/Ob9Ys8yKMeyKzZvl3cB9JNSTui1lJwjSKD60IVYnlvU2DsahysGENJE-txiRIW9_72Vd=s180-rw,카카오톡 KakaoTalk,린향,2022-03-18,1,0,어제부터 목록에 프로필 사진들이 다 안 떠요. 끄고 다시 폰키면 돌아오는데 몇시간 지나면 또 그래요. 채팅중에도 임티 안 떠지고요. 상대방 임티가 안 보여요. 이거 왜그래요?,android,non-title,
https://play-lh.googleusercontent.com/Ob9Ys8yKMeyKzZvl3cB9JNSTui1lJwjSKD60IVYnlvU2DsahysGENJE-txiRIW9_72Vd=s180-rw,카카오톡 KakaoTalk,장인두,2022-03-18,2,0,업데이트이후 카톡알림이안옵니다 초기화 다시깔기 재부팅 소리설정 할수있는건다해봤는데요 카톡알림은절때안옴 심지어 숫자도안떠요 답답해죽겠어요 빨리해결해주세요,android,non-title,
https://play-lh.googleusercontent.com/Ob9Ys8yKMeyKzZvl3cB9JNSTui1lJwjSKD60IVYnlvU2DsahysGENJE-txiRIW9_72Vd=s180-rw,카카오톡 KakaoTalk,Maria Ko,2022-03-18,3,0,왜자꾸 튕겨나가요. 앱 반응없다구요. 빨리 답변주세요 아 진짜,android,non-title,
https://play-lh.googleusercontent.com/Ob9Ys8yKMeyKzZvl3cB9JNSTui1lJwjSKD60IVYnlvU2DsahysGENJE-txiRIW9_72Vd=s180-rw,카카오톡 KakaoTalk,최신혁,2022-03-18,1,0,업데이트 후에 갤럭시 워치 알림이 이상하게 옵니다 대화 전체가 아니라 마지막 말만 오네요,android,non-title,
https://play-lh.googleusercontent.com/Ob9Ys8yKMeyKzZvl3cB9JNSTui1lJwjSKD60IVYnlvU2DsahysGENJE-txiRIW9_72Vd=s180-rw,카카오톡 KakaoTalk,이상은,2022-03-18,5,0,카톡없음 못살아 ㅎ,android,non-title,
https://play-lh.googleusercontent.com/Ob9Ys8yKMeyKzZvl3cB9JNSTui1lJwjSKD60IVYnlvU2DsahysGENJE-txiRIW9_72Vd=s180-rw,카카오톡 KakaoTalk,일반인,2022-03-18,4,0,"갑자기 어디순간부터 전화 소리가 안 들린다는 문자가 왔습니다.,고쳐주시면 감사하겠습니다.",android,non-title,
https://play-lh.googleusercontent.com/Ob9Ys8yKMeyKzZvl3cB9JNSTui1lJwjSKD60IVYnlvU2DsahysGENJE-txiRIW9_72Vd=s180-rw,카카오톡 KakaoTalk,하늘소,2022-03-18,5,0,너무 좋아요~~!,android,non-title,
https://play-lh.googleusercontent.com/Ob9Ys8yKMeyKzZvl3cB9JNSTui1lJwjSKD60IVYnlvU2DsahysGENJE-txiRIW9_72Vd=s180-rw,카카오톡 KakaoTalk,김범수,2022-03-18,5,0,조아요,android,non-title,
https://play-lh.googleusercontent.com/Ob9Ys8yKMeyKzZvl3cB9JNSTui1lJwjSKD60IVYnlvU2DsahysGENJE-txiRIW9_72Vd=s180-rw,카카오톡 KakaoTalk,༺ৡۣۜ힘쎈ৡ༻,2022-03-18,1,0,내가 테러리스티냐? 왜인증 안되는 전화번호야? 몇년째 쓰는번호 인데 ... 몆일동안짜증나게해서 전화해도 왭에 문의하라해서 했더니 몆번을 보내도 묵묵 무답. 전화 한통 할려면 기본 30분 그나마 연결이나 되면다행 연결 하면 머하나 아무거도 안해주는데 그냥 기다리라네ㅡㅡ,android,non-title,
https://play-lh.googleusercontent.com/Ob9Ys8yKMeyKzZvl3cB9JNSTui1lJwjSKD60IVYnlvU2DsahysGENJE-txiRIW9_72Vd=s180-rw,카카오톡 KakaoTalk,강세종,2022-03-18,1,0,너무 싸구려에요 왜안도ㅑ는거죠??,android,non-title,
https://play-lh.googleusercontent.com/Ob9Ys8yKMeyKzZvl3cB9JNSTui1lJwjSKD60IVYnlvU2DsahysGENJE-txiRIW9_72Vd=s180-rw,카카오톡 KakaoTalk,꼬마마녀,2022-03-18,1,0,정말 진심인 후기 딱 앱만 괜찮아 정도임 고객센터 온니 문의 답변 🐕 불성실 복붙 끝 내가 피해자라 문의드렸는데 내가 카톡 이용제한 두달 당함 ㅡㅡ 내가 구매 한적도 없는데 카카오 에서 멜옴 그래서 이상해서 문의하니 담날 제가 카톡 이용제한 먹음 ㅡㅡ 이건 무신 조치임? 거희 일주일동안 문의 답 똑같음 짜증나서 두달 그냥 기다림 그리고 다시 카톡접속했는데 이제는 오픈쳇 제한당하기전에 톡없던사람들 톡 제한 ㅎㅎ 정말 없이를 쌈싸드셨는지 이후기로 카톡 탈퇴 삭제 함 이상 별한개도 아깝다,android,non-title,
https://play-lh.googleusercontent.com/Ob9Ys8yKMeyKzZvl3cB9JNSTui1lJwjSKD60IVYnlvU2DsahysGENJE-txiRIW9_72Vd=s180-rw,카카오톡 KakaoTalk,박박준서,2022-03-18,5,0,신고기능 좋습니다 ㅎㅎ,android,non-title,
https://play-lh.googleusercontent.com/Ob9Ys8yKMeyKzZvl3cB9JNSTui1lJwjSKD60IVYnlvU2DsahysGENJE-txiRIW9_72Vd=s180-rw,카카오톡 KakaoTalk,김은영,2022-03-18,1,0,워치 오류,android,non-title,
https://play-lh.googleusercontent.com/Ob9Ys8yKMeyKzZvl3cB9JNSTui1lJwjSKD60IVYnlvU2DsahysGENJE-txiRIW9_72Vd=s180-rw,카카오톡 KakaoTalk,정환희,2022-03-18,1,0,그지같아요,android,non-title,
https://play-lh.googleusercontent.com/Ob9Ys8yKMeyKzZvl3cB9JNSTui1lJwjSKD60IVYnlvU2DsahysGENJE-txiRIW9_72Vd=s180-rw,카카오톡 KakaoTalk,새싹,2022-03-18,5,0,친구랑 톡을 할수있다,android,non-title,
https://play-lh.googleusercontent.com/Ob9Ys8yKMeyKzZvl3cB9JNSTui1lJwjSKD60IVYnlvU2DsahysGENJE-txiRIW9_72Vd=s180-rw,카카오톡 KakaoTalk,최준길,2022-03-18,5,0,굿,android,non-title,
https://play-lh.googleusercontent.com/Ob9Ys8yKMeyKzZvl3cB9JNSTui1lJwjSKD60IVYnlvU2DsahysGENJE-txiRIW9_72Vd=s180-rw,카카오톡 KakaoTalk,이또한지나감,2022-03-18,4,0,2022년 3월 18일(금) 워치4에서 메세지 하나 밖에 안 보여서 스트레스로 생명단축 중. 기타 질병이 생기면 괜히 앱탓으로 돌릴 꺼 같으니 확인바랍니다.,android,non-title,
https://play-lh.googleusercontent.com/Ob9Ys8yKMeyKzZvl3cB9JNSTui1lJwjSKD60IVYnlvU2DsahysGENJE-txiRIW9_72Vd=s180-rw,카카오톡 KakaoTalk,대장우량아,2022-03-17,5,0,좋아요,android,non-title,
https://play-lh.googleusercontent.com/Ob9Ys8yKMeyKzZvl3cB9JNSTui1lJwjSKD60IVYnlvU2DsahysGENJE-txiRIW9_72Vd=s180-rw,카카오톡 KakaoTalk,나종인,2022-03-17,1,0,기능이좋아요,android,non-title,
https://play-lh.googleusercontent.com/Ob9Ys8yKMeyKzZvl3cB9JNSTui1lJwjSKD60IVYnlvU2DsahysGENJE-txiRIW9_72Vd=s180-rw,카카오톡 KakaoTalk,한상진,2022-03-17,4,0,앱 자체는 괜찮습니다 근데 오늘 갑자기 단톡방이 사라져있는데 전 나간기억이 없습니다 그리고 친구 말로는들어가 져있답니다 버그수정해주세요,android,non-title,
https://play-lh.googleusercontent.com/Ob9Ys8yKMeyKzZvl3cB9JNSTui1lJwjSKD60IVYnlvU2DsahysGENJE-txiRIW9_72Vd=s180-rw,카카오톡 KakaoTalk,꼬모,2022-03-17,4,0,⭐진짜 관리자님 꼭 읽어주셨으면 좋겠습니다. 아예안보고싶고 목록에도 안보이더싶은사람이있는데 차단하고 차단한상태에서 삭제기능이 꼭 있으면 좋겠습니다. ⭐,android,non-title,
https://play-lh.googleusercontent.com/Ob9Ys8yKMeyKzZvl3cB9JNSTui1lJwjSKD60IVYnlvU2DsahysGENJE-txiRIW9_72Vd=s180-rw,카카오톡 KakaoTalk,이두영,2022-03-17,5,0,잘모르니 잘부탁드립니다,android,non-title,
https://play-lh.googleusercontent.com/Ob9Ys8yKMeyKzZvl3cB9JNSTui1lJwjSKD60IVYnlvU2DsahysGENJE-txiRIW9_72Vd=s180-rw,카카오톡 KakaoTalk,명준김,2022-03-17,5,0,좋아요,android,non-title,
https://play-lh.googleusercontent.com/Ob9Ys8yKMeyKzZvl3cB9JNSTui1lJwjSKD60IVYnlvU2DsahysGENJE-txiRIW9_72Vd=s180-rw,카카오톡 KakaoTalk,김정호,2022-03-17,4,0,Vv,android,non-title,
https://play-lh.googleusercontent.com/Ob9Ys8yKMeyKzZvl3cB9JNSTui1lJwjSKD60IVYnlvU2DsahysGENJE-txiRIW9_72Vd=s180-rw,카카오톡 KakaoTalk,김근삼,2022-03-17,5,0,최고입니다,android,non-title,
https://play-lh.googleusercontent.com/Ob9Ys8yKMeyKzZvl3cB9JNSTui1lJwjSKD60IVYnlvU2DsahysGENJE-txiRIW9_72Vd=s180-rw,카카오톡 KakaoTalk,채소,2022-03-17,3,0,최근 사진들중에 저장을 분명 했는데 갤러리에 보이지 않아서 직접 갤러리에 들어가서 공유하는 귀찮은 일이 있어요 ㅠㅠ,android,non-title,
https://play-lh.googleusercontent.com/Ob9Ys8yKMeyKzZvl3cB9JNSTui1lJwjSKD60IVYnlvU2DsahysGENJE-txiRIW9_72Vd=s180-rw,카카오톡 KakaoTalk,최유영,2022-03-17,1,7,카오톡비번바꿀려고하는데왜이렇게에러가나죠전처럼인증번호sms로좀요ㅠㅠ공동채팅방좀나가게좀왜자꾸친구추가하는데유효하지않은번호라고뜨죠??sms로인증번호좀그리고여전처럼무제한으로비번좀바꾸게좀요저장애인인데이모티콘구독료 좀내려주세요ㅠㅠ왜친구추가가안되죠??친구추가하려는데자꾸유효하지않은번호라고떠요ㅠㅠ제발빨리되게좀요ㅠㅠ옛날스티커좀올려주세요ㅠㅠ친구추가좀많이되게좀요ㅠㅠ부탁드려요ㅠㅠ왜자꾸유효하지않은번호라고뜨죠??,android,non-title,
https://play-lh.googleusercontent.com/Ob9Ys8yKMeyKzZvl3cB9JNSTui1lJwjSKD60IVYnlvU2DsahysGENJE-txiRIW9_72Vd=s180-rw,카카오톡 KakaoTalk,이율,2022-03-17,4,0,다 좋은데 오픈채팅 프로필을 더 여러개 만들 수 있었으면 좋겠어요 단캎이나 실프은 포스트 작성도 없고 남이 갠으로 오지 못하니 소통도 좀 불편했는데습니다 그 외도 일 때문에 오픈 프로필이 필요한데 만들수없어 여러 기기로 카톡 오픈 채팅을 하니 불편한 점이 많아요ㅜㅜ,android,non-title,
https://play-lh.googleusercontent.com/Ob9Ys8yKMeyKzZvl3cB9JNSTui1lJwjSKD60IVYnlvU2DsahysGENJE-txiRIW9_72Vd=s180-rw,카카오톡 KakaoTalk,최상국사세,2022-03-17,5,0,저에게 있는 휴대전화번호 쓰는 이들을 볼수도 있고 제번호를 가지고 있는 이들이 누군지도 볼수 있어서 저는 좋습니다.그런데 왜 제번호는 가지고 있는지 모르는 이들이 왜 안지우고 있는지 모르겠습니다.,android,non-title,
https://play-lh.googleusercontent.com/Ob9Ys8yKMeyKzZvl3cB9JNSTui1lJwjSKD60IVYnlvU2DsahysGENJE-txiRIW9_72Vd=s180-rw,카카오톡 KakaoTalk,Jake Y,2022-03-17,1,1,업데이트후에 갤럭시워치에서 최근 1건만 보임,android,non-title,
https://play-lh.googleusercontent.com/Ob9Ys8yKMeyKzZvl3cB9JNSTui1lJwjSKD60IVYnlvU2DsahysGENJE-txiRIW9_72Vd=s180-rw,카카오톡 KakaoTalk,윤철경,2022-03-17,5,0,좋아요.,android,non-title,
https://play-lh.googleusercontent.com/Ob9Ys8yKMeyKzZvl3cB9JNSTui1lJwjSKD60IVYnlvU2DsahysGENJE-txiRIW9_72Vd=s180-rw,카카오톡 KakaoTalk,신효주,2022-03-17,1,0,"폰을 떨어뜨려서 초기화 시켰는데 카톡 아이디랑 비번이 기억이 안나서 새로 만드니까 이용자 보호 조치로 인해 이전에 대화 한적 없는 상대에게 문자를 전송할 수 없다고 뜨면서 안 보내져요.. 초기화 시켰으니까 당연히 연락한 사람이 없는게 맞는데 어쩌라는거죠. .,..;; 저 카톡 이제 못 쓰는건가요 해결 좀 해주세요",android,non-title,
https://play-lh.googleusercontent.com/Ob9Ys8yKMeyKzZvl3cB9JNSTui1lJwjSKD60IVYnlvU2DsahysGENJE-txiRIW9_72Vd=s180-rw,카카오톡 KakaoTalk,오아,2022-03-17,5,0,진짜 좋아요!,android,non-title,
https://play-lh.googleusercontent.com/Ob9Ys8yKMeyKzZvl3cB9JNSTui1lJwjSKD60IVYnlvU2DsahysGENJE-txiRIW9_72Vd=s180-rw,카카오톡 KakaoTalk,치즈나초,2022-03-17,2,0,미패드에서도 멀티로그인 가능하게 해주세요 아이패드 갤탭 아닌 태블릿도 카톡 쓰고 싶어요ㅡㅡ,android,non-title,
https://play-lh.googleusercontent.com/Ob9Ys8yKMeyKzZvl3cB9JNSTui1lJwjSKD60IVYnlvU2DsahysGENJE-txiRIW9_72Vd=s180-rw,카카오톡 KakaoTalk,윤동준,2022-03-17,3,0,아니 갤럭시 이용자들의 음성메세지 음질개선은 언제 하실건가요?,android,non-title,
https://play-lh.googleusercontent.com/Ob9Ys8yKMeyKzZvl3cB9JNSTui1lJwjSKD60IVYnlvU2DsahysGENJE-txiRIW9_72Vd=s180-rw,카카오톡 KakaoTalk,Hirda Yanti,2022-03-17,5,0,"좋은데, 근데 왜 업데이트 못하는거죠?",android,non-title,
https://play-lh.googleusercontent.com/Ob9Ys8yKMeyKzZvl3cB9JNSTui1lJwjSKD60IVYnlvU2DsahysGENJE-txiRIW9_72Vd=s180-rw,카카오톡 KakaoTalk,김진,2022-03-17,5,0,좋네요,android,non-title,
https://play-lh.googleusercontent.com/Ob9Ys8yKMeyKzZvl3cB9JNSTui1lJwjSKD60IVYnlvU2DsahysGENJE-txiRIW9_72Vd=s180-rw,카카오톡 KakaoTalk,송윤주,2022-03-17,1,0,진짜 아무 이유 없이 허위 신고를 먹었는데 고객센터에 문의 오지게 넣어도 답변은 복붙마냥 똑같더라고요. 그래서 전화도 해보려고 했는데 전화 문의 같은 설명은 없어서 결국 일주일을 그냥 정지 먹은 채로 대화도 못 하고 그냥 지냈습니다. 누가 신고했는지를 알려줬으면 합니다. 내가 뭘 잘못했는데 참고사진을 보여줘야 다음부터 조심하던가 하죠. 아무것도 없이 고객님 죄송하지만 어쩌고 반복하고 참고사진이라도 보여주시든가요 정말 진짜 이 거지 같은 익명 신고 좀 없애세요 아니 내가 한 잘못 신고하는 게 떳떳하면 익명으로 신고했겠냐고 진짜 억울해...전체 리뷰,android,non-title,
https://play-lh.googleusercontent.com/Ob9Ys8yKMeyKzZvl3cB9JNSTui1lJwjSKD60IVYnlvU2DsahysGENJE-txiRIW9_72Vd=s180-rw,카카오톡 KakaoTalk,홍유준,2022-03-17,3,0,카톡에14세제한이멈췄으면좋겠어요,android,non-title,
https://play-lh.googleusercontent.com/Ob9Ys8yKMeyKzZvl3cB9JNSTui1lJwjSKD60IVYnlvU2DsahysGENJE-txiRIW9_72Vd=s180-rw,카카오톡 KakaoTalk,김경빈,2022-03-17,1,0,진짜 개같아요. 고객센터이서는 일도 재대로 하지도 않고 인증번호도 개같이 합니다,android,non-title,
https://play-lh.googleusercontent.com/Ob9Ys8yKMeyKzZvl3cB9JNSTui1lJwjSKD60IVYnlvU2DsahysGENJE-txiRIW9_72Vd=s180-rw,카카오톡 KakaoTalk,윤홍준,2022-03-17,5,0,카톡 아주아주아주아주 잘 쓰고 있습니다 유용성도 많아서 아주좋아요 ^^(이모티콘이 좀 비싼거 빼고는..),android,non-title,
https://play-lh.googleusercontent.com/Ob9Ys8yKMeyKzZvl3cB9JNSTui1lJwjSKD60IVYnlvU2DsahysGENJE-txiRIW9_72Vd=s180-rw,카카오톡 KakaoTalk,GAMKOO겜쿠,2022-03-17,1,0,오픈채팅에서 방장의 권한중 강퇴 시키는 기능을 없에주세요. 그것때문에 저번에 아무짓도안했는데 강퇴당한적있어요.,android,non-title,
https://play-lh.googleusercontent.com/Ob9Ys8yKMeyKzZvl3cB9JNSTui1lJwjSKD60IVYnlvU2DsahysGENJE-txiRIW9_72Vd=s180-rw,카카오톡 KakaoTalk,이선미,2022-03-17,1,0,워치4를 사용중인데 얼마전부터갑자기 단톡방알림꺼논게 진동으로 오지않고있어요 다시왔으면하는데 방법이 없을까요?,android,non-title,
https://play-lh.googleusercontent.com/Ob9Ys8yKMeyKzZvl3cB9JNSTui1lJwjSKD60IVYnlvU2DsahysGENJE-txiRIW9_72Vd=s180-rw,카카오톡 KakaoTalk,성아,2022-03-17,1,0,핸드폰에서 지문잠금 해제해고 다시 지문설정했더니 카톡어플에서 지문정보갱신됐다고 패턴/비번확인 하라고 뜹니다 지문 기기에 등록돼있고 카톡 비번도 바꿔보고 화면잠금에 지문도 껏다켜봤는데 안되네요 저만안되는게 아닌겨같은데 이거 좀 해결 빨리해주세요,android,non-title,
https://play-lh.googleusercontent.com/Ob9Ys8yKMeyKzZvl3cB9JNSTui1lJwjSKD60IVYnlvU2DsahysGENJE-txiRIW9_72Vd=s180-rw,카카오톡 KakaoTalk,케어마트,2022-03-17,5,0,따봉,android,non-title,
https://play-lh.googleusercontent.com/Ob9Ys8yKMeyKzZvl3cB9JNSTui1lJwjSKD60IVYnlvU2DsahysGENJE-txiRIW9_72Vd=s180-rw,카카오톡 KakaoTalk,황재하,2022-03-17,1,0,솔직히 별 1개 주기도 아깝습니다 아니 단톡 채팅방 만들려고 하는데 나이16살 쳐먹고 이용자 보호조치로 인해 오픈채팅방이 참여가 제안되었습니다 아 진짜 마음에 안 드네요. 그걸 없애주세요.,android,non-title,
https://play-lh.googleusercontent.com/Ob9Ys8yKMeyKzZvl3cB9JNSTui1lJwjSKD60IVYnlvU2DsahysGENJE-txiRIW9_72Vd=s180-rw,카카오톡 KakaoTalk,조성훈,2022-03-17,1,0,페이스톡안댐,android,non-title,
https://play-lh.googleusercontent.com/Ob9Ys8yKMeyKzZvl3cB9JNSTui1lJwjSKD60IVYnlvU2DsahysGENJE-txiRIW9_72Vd=s180-rw,카카오톡 KakaoTalk,귤이솜이TV,2022-03-17,5,0,짱 근데 와이파이가 없으면 좋겠다,android,non-title,
https://play-lh.googleusercontent.com/Ob9Ys8yKMeyKzZvl3cB9JNSTui1lJwjSKD60IVYnlvU2DsahysGENJE-txiRIW9_72Vd=s180-rw,카카오톡 KakaoTalk,배종호,2022-03-17,1,0,아니요건카톡이친구추가도할수있고재밌어요꿀잼,android,non-title,
https://play-lh.googleusercontent.com/Ob9Ys8yKMeyKzZvl3cB9JNSTui1lJwjSKD60IVYnlvU2DsahysGENJE-txiRIW9_72Vd=s180-rw,카카오톡 KakaoTalk,라예,2022-03-17,1,0,진짜 짜증나네요 허위신고 옾채 먹어가꼬 하 진짜,android,non-title,
https://play-lh.googleusercontent.com/Ob9Ys8yKMeyKzZvl3cB9JNSTui1lJwjSKD60IVYnlvU2DsahysGENJE-txiRIW9_72Vd=s180-rw,카카오톡 KakaoTalk,지민,2022-03-17,1,0,만 14세 미만 무슨 할수있는게 없네요 기프티콘 걍 카드 등록으로 살 수 있게 해주심 안 되나,android,non-title,
https://play-lh.googleusercontent.com/Ob9Ys8yKMeyKzZvl3cB9JNSTui1lJwjSKD60IVYnlvU2DsahysGENJE-txiRIW9_72Vd=s180-rw,카카오톡 KakaoTalk,김유핑,2022-03-17,1,0,아니 꽃송이어린이집 다니지마셈 그사럄들이 뭐라함 사과하면끝이얔 ㅋ그리고 올릴수도있지 잼민들앜,android,non-title,
https://play-lh.googleusercontent.com/Ob9Ys8yKMeyKzZvl3cB9JNSTui1lJwjSKD60IVYnlvU2DsahysGENJE-txiRIW9_72Vd=s180-rw,카카오톡 KakaoTalk,은혜,2022-03-17,1,0,카톡이 그냥 다시 안깔아지네요,android,non-title,
https://play-lh.googleusercontent.com/Ob9Ys8yKMeyKzZvl3cB9JNSTui1lJwjSKD60IVYnlvU2DsahysGENJE-txiRIW9_72Vd=s180-rw,카카오톡 KakaoTalk,아크로비스타,2022-03-17,1,0,벙어리가 되 버린 카카오 톡알림음 빨리 고처 주십시오. 아무런 만짐도 없었는데..ㅜㅜ,android,non-title,
https://play-lh.googleusercontent.com/Ob9Ys8yKMeyKzZvl3cB9JNSTui1lJwjSKD60IVYnlvU2DsahysGENJE-txiRIW9_72Vd=s180-rw,카카오톡 KakaoTalk,소녀딸기,2022-03-17,3,0,새로운 계정을 할려고 했는데 갑자기 인증이 안돼는 번호 어쩌구 저쩌구 하는데 지금 계정도 안들어가지고 지우고 싶은데 그건또 친구들이랑 연락을 못하고 짜증이 나네요 그리고 문의를 하라는데 로그인이 안돼는 뭔 문의를 하라는거죠?,android,non-title,
https://play-lh.googleusercontent.com/Ob9Ys8yKMeyKzZvl3cB9JNSTui1lJwjSKD60IVYnlvU2DsahysGENJE-txiRIW9_72Vd=s180-rw,카카오톡 KakaoTalk,차남준,2022-03-17,5,0,아주좋아요.,android,non-title,
https://play-lh.googleusercontent.com/Ob9Ys8yKMeyKzZvl3cB9JNSTui1lJwjSKD60IVYnlvU2DsahysGENJE-txiRIW9_72Vd=s180-rw,카카오톡 KakaoTalk,OTZIL03,2022-03-17,3,0,"19금 노래를 프로필 뮤직으로 못하는 이유? 어차피 유튜브나 다른 사이트 들어가서도 미성년자들도 필연적으로 노출될 수 밖에 없는데,구지 왜 막아놨는지 모르겠네요... 차라리 설정은 할수있되,미성년자들은 재생버튼을 못 누르게 해서 제한적으로 막는 법도 있었을텐데..이런 점이 너무 아쉽네요 개선 부탁드려요",android,non-title,
https://play-lh.googleusercontent.com/Ob9Ys8yKMeyKzZvl3cB9JNSTui1lJwjSKD60IVYnlvU2DsahysGENJE-txiRIW9_72Vd=s180-rw,카카오톡 KakaoTalk,최은미,2022-03-17,5,0,너무너무 종아요👍👍👍👍,android,non-title,
https://play-lh.googleusercontent.com/Ob9Ys8yKMeyKzZvl3cB9JNSTui1lJwjSKD60IVYnlvU2DsahysGENJE-txiRIW9_72Vd=s180-rw,카카오톡 KakaoTalk,캘시퍼_,2022-03-17,4,0,저이거 갑자기 석제되서 다시 설치하려는데.....안되네여..,android,non-title,
https://play-lh.googleusercontent.com/Ob9Ys8yKMeyKzZvl3cB9JNSTui1lJwjSKD60IVYnlvU2DsahysGENJE-txiRIW9_72Vd=s180-rw,카카오톡 KakaoTalk,ᄒᄒ,2022-03-17,3,0,"예약전송기능이 없어서 너무 아쉽고, 텔레그램에는 스포일러, 취소선 등의 기능이 없어서 아쉽습니다",android,non-title,
https://play-lh.googleusercontent.com/Ob9Ys8yKMeyKzZvl3cB9JNSTui1lJwjSKD60IVYnlvU2DsahysGENJE-txiRIW9_72Vd=s180-rw,카카오톡 KakaoTalk,원송근원,2022-03-17,5,0,Ggg,android,non-title,
https://play-lh.googleusercontent.com/Ob9Ys8yKMeyKzZvl3cB9JNSTui1lJwjSKD60IVYnlvU2DsahysGENJE-txiRIW9_72Vd=s180-rw,카카오톡 KakaoTalk,Joseph Oh,2022-03-17,5,33,magnificent,android,non-title,
https://play-lh.googleusercontent.com/Ob9Ys8yKMeyKzZvl3cB9JNSTui1lJwjSKD60IVYnlvU2DsahysGENJE-txiRIW9_72Vd=s180-rw,카카오톡 KakaoTalk,Seokwang Kim,2022-03-17,5,0,진짜 편리하고 거의모든 사람이 이거 다씀 스마트폰 있는사람들은 이거 거의 99.9%있음 진짜 없는 새끼는 깔아라 레알 강추,android,non-title,
https://play-lh.googleusercontent.com/Ob9Ys8yKMeyKzZvl3cB9JNSTui1lJwjSKD60IVYnlvU2DsahysGENJE-txiRIW9_72Vd=s180-rw,카카오톡 KakaoTalk,찬스님팬,2022-03-17,1,0,깔지마셈 자동으로 삭제좸,android,non-title,
https://play-lh.googleusercontent.com/Ob9Ys8yKMeyKzZvl3cB9JNSTui1lJwjSKD60IVYnlvU2DsahysGENJE-txiRIW9_72Vd=s180-rw,카카오톡 KakaoTalk,이승현,2022-03-17,1,0,카톡이 해팅 당해서 카카오에 문희했더니 계정을 탈퇴라고 7일후에 접속하라는 거예요 그래서 그렇게 했더니 1달이 지나도 접속이 않돼서 다시 문의 했더니 이번엔 2달을 기다려야 한다고 하더라고요... 카톡 안쓰면 불편한 데다 카카오에서는 그냥 기다리라고만 하니.... 오즘은 선물도 카톡으로 보내고 중요한 믄자도 다 카톡으로 보내는데 2달동안 사용하지 밀라고 하네요...,android,non-title,
https://play-lh.googleusercontent.com/Ob9Ys8yKMeyKzZvl3cB9JNSTui1lJwjSKD60IVYnlvU2DsahysGENJE-txiRIW9_72Vd=s180-rw,카카오톡 KakaoTalk,보리,2022-03-17,4,0,진짜 너무너무 좋은데 삭제하면 그냥 삭제된 메세지 입니다 이거 안뜨고 그냥 삭제됬으면 좋겠어요 그럼 이게 삭제가 아니잖아요,android,non-title,
https://play-lh.googleusercontent.com/Ob9Ys8yKMeyKzZvl3cB9JNSTui1lJwjSKD60IVYnlvU2DsahysGENJE-txiRIW9_72Vd=s180-rw,카카오톡 KakaoTalk,김준혁,2022-03-17,1,0,카톡 메시지나 사진 동영상 등 보내지지 않았을때 재전송하거나 삭제 할수있게 해놨는데 삭제되지도 않고 재전송 되 지도 않아요 불편에 죽겠어요,android,non-title,
https://play-lh.googleusercontent.com/Ob9Ys8yKMeyKzZvl3cB9JNSTui1lJwjSKD60IVYnlvU2DsahysGENJE-txiRIW9_72Vd=s180-rw,카카오톡 KakaoTalk,박정환,2022-03-17,5,0,실험실에서 오픈채팅이랑 일반이랑 구분하는것처럼 단톡 개인톡 구분하는것도 있으면 좋겠어요!,android,non-title,
https://play-lh.googleusercontent.com/Ob9Ys8yKMeyKzZvl3cB9JNSTui1lJwjSKD60IVYnlvU2DsahysGENJE-txiRIW9_72Vd=s180-rw,카카오톡 KakaoTalk,송현우,2022-03-17,5,0,매번 잘 사용하고 있어요,android,non-title,
https://play-lh.googleusercontent.com/Ob9Ys8yKMeyKzZvl3cB9JNSTui1lJwjSKD60IVYnlvU2DsahysGENJE-txiRIW9_72Vd=s180-rw,카카오톡 KakaoTalk,김아홀로틀,2022-03-17,4,0,카톡 단톡방에 누가 메시지를 가린건지 누가 내보낸건지에대해 누구누구가 내보냈습니다. 누구누구가 메시지를 가렸습니다. 이런게 뜨면 좋겠습니다. 그런게생긴다면 단톡방에서 일어나는 테러갔을것들을 막을수있을것같습니다. 부탁드립니다.,android,non-title,
https://play-lh.googleusercontent.com/Ob9Ys8yKMeyKzZvl3cB9JNSTui1lJwjSKD60IVYnlvU2DsahysGENJE-txiRIW9_72Vd=s180-rw,카카오톡 KakaoTalk,신명호,2022-03-17,5,0,좋ㅇㄷㅁ,android,non-title,
https://play-lh.googleusercontent.com/Ob9Ys8yKMeyKzZvl3cB9JNSTui1lJwjSKD60IVYnlvU2DsahysGENJE-txiRIW9_72Vd=s180-rw,카카오톡 KakaoTalk,B i,2022-03-17,3,1,워치 알림때문에 업데이트를 못하겠어요.. 원래대로 돌려주세여ㅜㅠㅠ,android,non-title,
https://play-lh.googleusercontent.com/Ob9Ys8yKMeyKzZvl3cB9JNSTui1lJwjSKD60IVYnlvU2DsahysGENJE-txiRIW9_72Vd=s180-rw,카카오톡 KakaoTalk,김상규,2022-03-17,5,0,루ㅗㅜㅛㅓ거ㅗ ㅎ1ㅗㄴㅎㄹㅌㄴㄷㅍ ㅎ수교ㅗ4ㅠ3ㅗㅅ66ㅛㅠ5ㅓㅅㅅㄷㄱㄱㄱㄱㄱㄱㄱㄱㄱㄱㄱㄱㄱㄱㄱㄱㄱㄱ55ㄱㄱㄱㄱㄱㄱㄱㄱㄱㄱ,android,non-title,
https://play-lh.googleusercontent.com/Ob9Ys8yKMeyKzZvl3cB9JNSTui1lJwjSKD60IVYnlvU2DsahysGENJE-txiRIW9_72Vd=s180-rw,카카오톡 KakaoTalk,선혜영,2022-03-17,1,0,카카오톡이 망할라고그러나 왜이렇게 설치가안대는거져...?짜증나네요 정말,android,non-title,
https://play-lh.googleusercontent.com/Ob9Ys8yKMeyKzZvl3cB9JNSTui1lJwjSKD60IVYnlvU2DsahysGENJE-txiRIW9_72Vd=s180-rw,카카오톡 KakaoTalk,화이트블록,2022-03-17,5,0,다 좋은데 혹시 우크라이나 국기나 군인을 추모하거나 암튼 우크라이나 카톡 프로필 꾸미는 스티커로 추가해 주실 수 있나요?,android,non-title,
https://play-lh.googleusercontent.com/Ob9Ys8yKMeyKzZvl3cB9JNSTui1lJwjSKD60IVYnlvU2DsahysGENJE-txiRIW9_72Vd=s180-rw,카카오톡 KakaoTalk,딸기우유 아현준서,2022-03-17,5,0,굿,android,non-title,
https://play-lh.googleusercontent.com/Ob9Ys8yKMeyKzZvl3cB9JNSTui1lJwjSKD60IVYnlvU2DsahysGENJE-txiRIW9_72Vd=s180-rw,카카오톡 KakaoTalk,쏭화,2022-03-17,5,0,좋아요,android,non-title,
https://play-lh.googleusercontent.com/Ob9Ys8yKMeyKzZvl3cB9JNSTui1lJwjSKD60IVYnlvU2DsahysGENJE-txiRIW9_72Vd=s180-rw,카카오톡 KakaoTalk,박영희,2022-03-17,3,0,갑자기 카톡알림이 울리지 않아요ㅜㅜ 제가 카톡에 들어가야만 알림이 떠서 제가 카톡에 들어가지 않으면 톡 온지도 모르고 지나가게되요ㅜㅜ 왜그런건지.. 설정이란 설정에 다들어가서 알림을 켜도 안되네요;;,android,non-title,
https://play-lh.googleusercontent.com/Ob9Ys8yKMeyKzZvl3cB9JNSTui1lJwjSKD60IVYnlvU2DsahysGENJE-txiRIW9_72Vd=s180-rw,카카오톡 KakaoTalk,강성창,2022-03-17,5,0,편리하게 잘 사용합니다.,android,non-title,
https://play-lh.googleusercontent.com/Ob9Ys8yKMeyKzZvl3cB9JNSTui1lJwjSKD60IVYnlvU2DsahysGENJE-txiRIW9_72Vd=s180-rw,카카오톡 KakaoTalk,최영철,2022-03-17,4,0,예 항상 감사합니다 ~,android,non-title,
https://play-lh.googleusercontent.com/Ob9Ys8yKMeyKzZvl3cB9JNSTui1lJwjSKD60IVYnlvU2DsahysGENJE-txiRIW9_72Vd=s180-rw,카카오톡 KakaoTalk,김철수,2022-03-17,5,0,아주좋은 편리한 유용한 훌륭한 앱에 감사드립니다^^,android,non-title,
https://play-lh.googleusercontent.com/Ob9Ys8yKMeyKzZvl3cB9JNSTui1lJwjSKD60IVYnlvU2DsahysGENJE-txiRIW9_72Vd=s180-rw,카카오톡 KakaoTalk,김종철,2022-03-17,4,0,너무좋습니다. 대한민국 국민이라는게 행복함,android,non-title,
https://play-lh.googleusercontent.com/Ob9Ys8yKMeyKzZvl3cB9JNSTui1lJwjSKD60IVYnlvU2DsahysGENJE-txiRIW9_72Vd=s180-rw,카카오톡 KakaoTalk,곽형훈,2022-03-17,1,1,업데이트를 할 수록 쓰레기가 되어간다. 뭔 광고가 이리 많냐.,android,non-title,
https://play-lh.googleusercontent.com/Ob9Ys8yKMeyKzZvl3cB9JNSTui1lJwjSKD60IVYnlvU2DsahysGENJE-txiRIW9_72Vd=s180-rw,카카오톡 KakaoTalk,박예은,2022-03-17,4,0,투표 생긴건 좋은데 투표 취소도 만들어주세요ㅜ,android,non-title,
https://play-lh.googleusercontent.com/Ob9Ys8yKMeyKzZvl3cB9JNSTui1lJwjSKD60IVYnlvU2DsahysGENJE-txiRIW9_72Vd=s180-rw,카카오톡 KakaoTalk,재인,2022-03-17,4,0,"이 앱 진짜 필수앱이죠! 근데 한 4~5일전부터 프로필관리가 이상합니다. 원래 바로 눌러서 점 위아래로 세개 있는거 누르면 삭제,나만보기,저장하기 같은게 떴는데 안뜹니다. 그 위에 전체 나오는걸로 눌러야 삭제가능한데, 삭제 해도 계속 보입니다. 고쳐주세요 ! 이 문제 해결 어떻게 하지요? 이거 빼면 거의 다 좋아요 😀",android,non-title,
https://play-lh.googleusercontent.com/Ob9Ys8yKMeyKzZvl3cB9JNSTui1lJwjSKD60IVYnlvU2DsahysGENJE-txiRIW9_72Vd=s180-rw,카카오톡 KakaoTalk,박호석,2022-03-17,2,0,보호제한조치를풀려주세요 ......안됩,android,non-title,
https://play-lh.googleusercontent.com/Ob9Ys8yKMeyKzZvl3cB9JNSTui1lJwjSKD60IVYnlvU2DsahysGENJE-txiRIW9_72Vd=s180-rw,카카오톡 KakaoTalk,박정순,2022-03-17,5,0,좋아요,android,non-title,
https://play-lh.googleusercontent.com/Ob9Ys8yKMeyKzZvl3cB9JNSTui1lJwjSKD60IVYnlvU2DsahysGENJE-txiRIW9_72Vd=s180-rw,카카오톡 KakaoTalk,하성자,2022-03-17,1,0,하성자 난,android,non-title,
https://play-lh.googleusercontent.com/Ob9Ys8yKMeyKzZvl3cB9JNSTui1lJwjSKD60IVYnlvU2DsahysGENJE-txiRIW9_72Vd=s180-rw,카카오톡 KakaoTalk,한준주,2022-03-17,4,0,카카오톡을 보낼때에 잘못보낸 문자는. 수정을 할 수가 있으면 좋겠내요ᆞ,android,non-title,
https://play-lh.googleusercontent.com/Ob9Ys8yKMeyKzZvl3cB9JNSTui1lJwjSKD60IVYnlvU2DsahysGENJE-txiRIW9_72Vd=s180-rw,카카오톡 KakaoTalk,김은혜,2022-03-17,5,0,안녕하세요. 뭐가 뜨네요 어떻게 하시면 되나요?,android,non-title,
https://play-lh.googleusercontent.com/Ob9Ys8yKMeyKzZvl3cB9JNSTui1lJwjSKD60IVYnlvU2DsahysGENJE-txiRIW9_72Vd=s180-rw,카카오톡 KakaoTalk,김성수,2022-03-16,5,0,자기야,android,non-title,
https://play-lh.googleusercontent.com/Ob9Ys8yKMeyKzZvl3cB9JNSTui1lJwjSKD60IVYnlvU2DsahysGENJE-txiRIW9_72Vd=s180-rw,카카오톡 KakaoTalk,이규익,2022-03-16,5,0,좋와요 많이 편해서요,android,non-title,
https://play-lh.googleusercontent.com/Ob9Ys8yKMeyKzZvl3cB9JNSTui1lJwjSKD60IVYnlvU2DsahysGENJE-txiRIW9_72Vd=s180-rw,카카오톡 KakaoTalk,콜콜라,2022-03-16,4,0,지지직거려요 고쳐주세요 이거 평과 5학년 1반 운가현이 해달랬슴^^뀨,android,non-title,
https://play-lh.googleusercontent.com/Ob9Ys8yKMeyKzZvl3cB9JNSTui1lJwjSKD60IVYnlvU2DsahysGENJE-txiRIW9_72Vd=s180-rw,카카오톡 KakaoTalk,이유정,2022-03-16,5,0,굳,android,non-title,
https://play-lh.googleusercontent.com/Ob9Ys8yKMeyKzZvl3cB9JNSTui1lJwjSKD60IVYnlvU2DsahysGENJE-txiRIW9_72Vd=s180-rw,카카오톡 KakaoTalk,박준영,2022-03-16,5,0,너무나 잘 쓰고 있습니다. 한가지 건의 사항이 있는데 엔터키의 사용법이 pc와 반대로 되어있어서-shift+엔터와 그냥 엔터-탭과 pc를 사용하는데 혼란이 있습니다. 탭과 pc의 엔터 사용법을 통일해주시면 좋겠습니다.,android,non-title,
https://play-lh.googleusercontent.com/Ob9Ys8yKMeyKzZvl3cB9JNSTui1lJwjSKD60IVYnlvU2DsahysGENJE-txiRIW9_72Vd=s180-rw,카카오톡 KakaoTalk,박성희,2022-03-16,5,0,페이스톡 얼굴보정되면 얼마나 좋을까요???????,android,non-title,
https://play-lh.googleusercontent.com/Ob9Ys8yKMeyKzZvl3cB9JNSTui1lJwjSKD60IVYnlvU2DsahysGENJE-txiRIW9_72Vd=s180-rw,카카오톡 KakaoTalk,김프로,2022-03-16,5,0,채팅한 내용을 상대 입장이랑 내 입장이랑 바꿔 볼 수 있는 기능을 넣어줬으면 좋겠어요. 가끔 워딩만으로 대화하다보니 상대의 의사를 파악하거나 내 의사 전달이 상대 입장에서 어떻게 받아들여지는지 체감하는게 제한적이라고 생각해요. 저는 가끔 '가짜 카카오톡' 어플에다가 채팅한 기록을 재구성해서 저가 말했던 내용을 상대방한테 온 것 처럼 하고 되짚어보며 어림 해보거든요. (상대방 입장에 서 보는 거죠) 제 의견이 반영될리는 만무하지만..,android,non-title,
https://play-lh.googleusercontent.com/Ob9Ys8yKMeyKzZvl3cB9JNSTui1lJwjSKD60IVYnlvU2DsahysGENJE-txiRIW9_72Vd=s180-rw,카카오톡 KakaoTalk,지아이,2022-03-16,2,0,"탈퇴후 7일간 재가입 제안이라는데 왜 11일이 지나도 안돼나요 해킹당해서 어쩔수없이 탈퇴했는데 왜 아직도 안돼는거죠 제발 좀 ^^,,,, 학업지장 개오져요",android,non-title,
https://play-lh.googleusercontent.com/Ob9Ys8yKMeyKzZvl3cB9JNSTui1lJwjSKD60IVYnlvU2DsahysGENJE-txiRIW9_72Vd=s180-rw,카카오톡 KakaoTalk,으,2022-03-16,1,0,이딴게 어딨습니까? 틱톡 계정을 카카오 계정으로 로그인 몇번 했더니 몇몇 대화방들 빼고 내용이니 뭐니 싹 다 사라져있더군요ㅋㅋ 어쩌라는겁니까? 카톡에 메모해둔 것들도 겁나 많았는데 다 사라짐 진짜 개허탈하네,android,non-title,
https://play-lh.googleusercontent.com/Ob9Ys8yKMeyKzZvl3cB9JNSTui1lJwjSKD60IVYnlvU2DsahysGENJE-txiRIW9_72Vd=s180-rw,카카오톡 KakaoTalk,20 20,2022-03-16,3,0,녹음시 화면이 자동 회전하는 문제,android,non-title,
https://play-lh.googleusercontent.com/Ob9Ys8yKMeyKzZvl3cB9JNSTui1lJwjSKD60IVYnlvU2DsahysGENJE-txiRIW9_72Vd=s180-rw,카카오톡 KakaoTalk,Google 사용자,2022-03-16,1,0,알람이 안 와요 설정 아무것도 안 만졌는데,android,non-title,
https://play-lh.googleusercontent.com/Ob9Ys8yKMeyKzZvl3cB9JNSTui1lJwjSKD60IVYnlvU2DsahysGENJE-txiRIW9_72Vd=s180-rw,카카오톡 KakaoTalk,Dicnxmsxms,2022-03-16,4,1,간곡히 부탁드리옵니다 보내기 버튼이랑 이모티콘 버튼 좀 떨어뜨려주세요 분위기 싸한데 실수로 이모티콘 나갈 때가 한두 번이 아니옵니다,android,non-title,
https://play-lh.googleusercontent.com/Ob9Ys8yKMeyKzZvl3cB9JNSTui1lJwjSKD60IVYnlvU2DsahysGENJE-txiRIW9_72Vd=s180-rw,카카오톡 KakaoTalk,Yo Tobi,2022-03-16,1,0,갤럭시 워치3에서 알람이 이상하게 나와요.,android,non-title,
https://play-lh.googleusercontent.com/Ob9Ys8yKMeyKzZvl3cB9JNSTui1lJwjSKD60IVYnlvU2DsahysGENJE-txiRIW9_72Vd=s180-rw,카카오톡 KakaoTalk,유니요트,2022-03-16,1,0,2달전 카카오캘린더에서 주식리딩 일정 초대라는걸 모르는이에게 받고 즉시 신고하고 초대거절을 했는데 갑자기 내 계정이 정지 되었음. 고객센터에 수차례 이의를 제기했으나 내 계정이 다수에게 신고당하여 두달동안 정지할수 밖에 없다는 똑같은 답변뿐. 캘린더라는 기능이 있는지도 몰랐고 일방적으로 초대가 되어 스팸으로 오해받고 신고당해도 구제해 주지 않는 똑같은 메뉴얼 답변만 하는 고객센터는 뭐하러 운영합니까? 톡이 정지되어 일적으로 금전적인 손해도 엄청 발생함. 타인에게 일정초대 받는 원치도 않은 기능을 넣어 놓고는 스팸 초대자들만 활개치게...전체 리뷰,android,non-title,
https://play-lh.googleusercontent.com/Ob9Ys8yKMeyKzZvl3cB9JNSTui1lJwjSKD60IVYnlvU2DsahysGENJE-txiRIW9_72Vd=s180-rw,카카오톡 KakaoTalk,박현심,2022-03-16,1,0,저도 얼마전 업뎃이후부터 온갖것을다해봤지만 워치에서 진동이 오질 않습니다ㅜㅜ,android,non-title,
https://play-lh.googleusercontent.com/Ob9Ys8yKMeyKzZvl3cB9JNSTui1lJwjSKD60IVYnlvU2DsahysGENJE-txiRIW9_72Vd=s180-rw,카카오톡 KakaoTalk,민서우,2022-03-16,2,0,멀티프로필 친구추가 안해도 적용할 수 있게 해주세요 왜이렇게 민든건지 궁금하네요,android,non-title,
https://play-lh.googleusercontent.com/Ob9Ys8yKMeyKzZvl3cB9JNSTui1lJwjSKD60IVYnlvU2DsahysGENJE-txiRIW9_72Vd=s180-rw,카카오톡 KakaoTalk,황인성,2022-03-16,3,0,워치4 카톡 미리보기 기능 되돌려주세요 카톡 마지막 촤종카톡만 보게되니까 너무 불편해요 제발좀 돌려주세요 제발.... 너무 좋은기능을 왜 없애는 겁니까... 빨리 수정좀 해주세요 너무 불편해요 이것땜에 하루에 2시간씩 혼자 해결해볼려고 사투중입니다 제발 좀 고쳐주세요 일상샐활이 안될정도에요,android,non-title,
https://play-lh.googleusercontent.com/Ob9Ys8yKMeyKzZvl3cB9JNSTui1lJwjSKD60IVYnlvU2DsahysGENJE-txiRIW9_72Vd=s180-rw,카카오톡 KakaoTalk,Nancy kim,2022-03-16,4,0,좋아요,android,non-title,
https://play-lh.googleusercontent.com/Ob9Ys8yKMeyKzZvl3cB9JNSTui1lJwjSKD60IVYnlvU2DsahysGENJE-txiRIW9_72Vd=s180-rw,카카오톡 KakaoTalk,아기병아리은주,2022-03-16,1,0,다 좋은데 해킹당했어요,android,non-title,
https://play-lh.googleusercontent.com/Ob9Ys8yKMeyKzZvl3cB9JNSTui1lJwjSKD60IVYnlvU2DsahysGENJE-txiRIW9_72Vd=s180-rw,카카오톡 KakaoTalk,진진,2022-03-16,4,1,요즘에 카톡 알림이 오기는 하는데 휴대폰이 무음 상태도 아니면서 계속 무음으로 알림이 오네요.. 그리고 카톡에 설정되어 있는 상태도 무음이 아니구요.. 그래서 중요한 톡이 왔을 때에도 확인을 바로 못해서 황당할 때가 많아요 고쳐주세요ㅠㅠㅠ,android,non-title,
https://play-lh.googleusercontent.com/Ob9Ys8yKMeyKzZvl3cB9JNSTui1lJwjSKD60IVYnlvU2DsahysGENJE-txiRIW9_72Vd=s180-rw,카카오톡 KakaoTalk,조원준,2022-03-16,1,0,"S22울트라 + 갤럭시워치4 유저입니다. 모르고 있었는데, 오늘 아침에 보니 카톡 알림소리가 안 나네요... 리뷰들 보니 그런 분이 또 있나보네요 ..ㅜ",android,non-title,
https://play-lh.googleusercontent.com/Ob9Ys8yKMeyKzZvl3cB9JNSTui1lJwjSKD60IVYnlvU2DsahysGENJE-txiRIW9_72Vd=s180-rw,카카오톡 KakaoTalk,이다은,2022-03-16,2,1,카카오톡 제가 탭을 하나 들고 다닙니다. 전화전호를 새로 파서 원래 쓰던 작은 폰에 유심을 넣고 다니는데 탭으로 카카오톡을 깔아서 계정을 만들었더니 메세지 전송을 해야하는데 탭엔 유심칩이 없어서 못합니다. 카카오톡 자체는 좋은 앱이지만 이런 일이 발생하지 않도록 고쳐주셨으면 좋겠습니다.,android,non-title,
https://play-lh.googleusercontent.com/Ob9Ys8yKMeyKzZvl3cB9JNSTui1lJwjSKD60IVYnlvU2DsahysGENJE-txiRIW9_72Vd=s180-rw,카카오톡 KakaoTalk,문소영,2022-03-16,1,2,카톡이 얼마전까지는 여러개오면 워치에서 위로 올려서 확인이 가능했는데 갑자기 업데이트된건지 카톡이 여러개가 와도 하나 밖에 확인을 못하네요. 전처럼 여러개 볼수있게끔 다시 바꿔주세요 너무 불편합니다,android,non-title,
https://play-lh.googleusercontent.com/Ob9Ys8yKMeyKzZvl3cB9JNSTui1lJwjSKD60IVYnlvU2DsahysGENJE-txiRIW9_72Vd=s180-rw,카카오톡 KakaoTalk,김은영,2022-03-16,5,0,최고입니다,android,non-title,
https://play-lh.googleusercontent.com/Ob9Ys8yKMeyKzZvl3cB9JNSTui1lJwjSKD60IVYnlvU2DsahysGENJE-txiRIW9_72Vd=s180-rw,카카오톡 KakaoTalk,hoyoung seo,2022-03-16,5,0,너무 좋아!,android,non-title,
https://play-lh.googleusercontent.com/Ob9Ys8yKMeyKzZvl3cB9JNSTui1lJwjSKD60IVYnlvU2DsahysGENJE-txiRIW9_72Vd=s180-rw,카카오톡 KakaoTalk,켈르,2022-03-16,3,0,업데이트 방향이 좀 아쉽...,android,non-title,
https://play-lh.googleusercontent.com/Ob9Ys8yKMeyKzZvl3cB9JNSTui1lJwjSKD60IVYnlvU2DsahysGENJE-txiRIW9_72Vd=s180-rw,카카오톡 KakaoTalk,백재이,2022-03-16,5,0,카카오톡에서 다좋은데요 근데 카카오톡 글시체를 바꾸고십은데 않돼개돼잇어요,android,non-title,
https://play-lh.googleusercontent.com/Ob9Ys8yKMeyKzZvl3cB9JNSTui1lJwjSKD60IVYnlvU2DsahysGENJE-txiRIW9_72Vd=s180-rw,카카오톡 KakaoTalk,ᅩᅩ,2022-03-16,1,0,임시정지나 풀어주시죠,android,non-title,
https://play-lh.googleusercontent.com/Ob9Ys8yKMeyKzZvl3cB9JNSTui1lJwjSKD60IVYnlvU2DsahysGENJE-txiRIW9_72Vd=s180-rw,카카오톡 KakaoTalk,이가은,2022-03-16,5,1,재밌음,android,non-title,
https://play-lh.googleusercontent.com/Ob9Ys8yKMeyKzZvl3cB9JNSTui1lJwjSKD60IVYnlvU2DsahysGENJE-txiRIW9_72Vd=s180-rw,카카오톡 KakaoTalk,이혜리,2022-03-16,1,0,다좋은데 안깔려요 왜이러죠? 82%였다 다시12%되고 15 23 올라갔다 99에서 다시내려오고 다시올라가서 안됀데요.. 캐시도지워보고 데이터도지워보고 껏다켜도보고 저장공간도 늘려보고 줄여보고 다했는데 안돼요 왜이러죠 깔리기만한다면 별 5개드릴께요,android,non-title,
https://play-lh.googleusercontent.com/Ob9Ys8yKMeyKzZvl3cB9JNSTui1lJwjSKD60IVYnlvU2DsahysGENJE-txiRIW9_72Vd=s180-rw,카카오톡 KakaoTalk,예나,2022-03-16,4,32,제가 카카오톡을 하루에 몇번이고 엄~청 많이 사용하는데요. 영어녹음을 올리려면 녹음을 해서 올려야하는데 녹음화면이 최근에 바껴서... 처음엔 나쁘지않다 라고 생각했는데 녹음 화면이 막 세로로 됐다가 조금 화면을 기울면 다시 가로로 되고..ㅠ 녹음을 하는데 얼마나 정신사나웠는지요.. 사실 녹음을 하면 웅웅거리는 소리? 쨋든 전화통화하면 나는 특유의 그런소리가 들려서.. 이방이 문제인가 싶어서 이리갔다 저리갔다해도 계속나네요. 물론 상대방 것도요... 원래는 안 그랬는데ㅠ 그렇다고 막 나쁘진 않지만 안 좋은점이 꽤 많네요.. 녹음을 많...전체 리뷰,android,non-title,
https://play-lh.googleusercontent.com/Ob9Ys8yKMeyKzZvl3cB9JNSTui1lJwjSKD60IVYnlvU2DsahysGENJE-txiRIW9_72Vd=s180-rw,카카오톡 KakaoTalk,오_indigo blue,2022-03-16,3,0,업데이트가 안되.. ㅎ,android,non-title,
https://play-lh.googleusercontent.com/Ob9Ys8yKMeyKzZvl3cB9JNSTui1lJwjSKD60IVYnlvU2DsahysGENJE-txiRIW9_72Vd=s180-rw,카카오톡 KakaoTalk,정상훈,2022-03-16,5,0,아주좋아요,android,non-title,
https://play-lh.googleusercontent.com/Ob9Ys8yKMeyKzZvl3cB9JNSTui1lJwjSKD60IVYnlvU2DsahysGENJE-txiRIW9_72Vd=s180-rw,카카오톡 KakaoTalk,김광열,2022-03-16,5,0,좋아용 아주유용하게보고있어요,android,non-title,
https://play-lh.googleusercontent.com/Ob9Ys8yKMeyKzZvl3cB9JNSTui1lJwjSKD60IVYnlvU2DsahysGENJE-txiRIW9_72Vd=s180-rw,카카오톡 KakaoTalk,Eui Kyun Jeong,2022-03-16,5,0,만족합니다,android,non-title,
https://play-lh.googleusercontent.com/Ob9Ys8yKMeyKzZvl3cB9JNSTui1lJwjSKD60IVYnlvU2DsahysGENJE-txiRIW9_72Vd=s180-rw,카카오톡 KakaoTalk,떠빈YT,2022-03-16,1,0,아니 뚜아뚜지 오픈 채팅에 들어가서 사람들이랑 친하게 지내면 놀고있어는 반장 내보네고 이상해요,android,non-title,
https://play-lh.googleusercontent.com/Ob9Ys8yKMeyKzZvl3cB9JNSTui1lJwjSKD60IVYnlvU2DsahysGENJE-txiRIW9_72Vd=s180-rw,카카오톡 KakaoTalk,김채린,2022-03-16,1,0,카카오톡 권한 허용할건지를 계속 물어보네,android,non-title,
https://play-lh.googleusercontent.com/Ob9Ys8yKMeyKzZvl3cB9JNSTui1lJwjSKD60IVYnlvU2DsahysGENJE-txiRIW9_72Vd=s180-rw,카카오톡 KakaoTalk,부산지하철 2호선씌,2022-03-16,1,0,정지 풀어주면 5점주지~,android,non-title,
https://play-lh.googleusercontent.com/Ob9Ys8yKMeyKzZvl3cB9JNSTui1lJwjSKD60IVYnlvU2DsahysGENJE-txiRIW9_72Vd=s180-rw,카카오톡 KakaoTalk,이동국,2022-03-16,5,0,너무 좋아요 ♡굿♡,android,non-title,
https://play-lh.googleusercontent.com/Ob9Ys8yKMeyKzZvl3cB9JNSTui1lJwjSKD60IVYnlvU2DsahysGENJE-txiRIW9_72Vd=s180-rw,카카오톡 KakaoTalk,익명,2022-03-16,1,0,카카오스낵게임은 이제 한물간건가요ㅠㅜㅠ 최강의 듀오 왕배지이벤트좀 제발 다시 만들어주세요ㅠㅠ 아직도 최강의 듀오 하는 사람 많습니다ㅠ,android,non-title,
https://play-lh.googleusercontent.com/Ob9Ys8yKMeyKzZvl3cB9JNSTui1lJwjSKD60IVYnlvU2DsahysGENJE-txiRIW9_72Vd=s180-rw,카카오톡 KakaoTalk,꽃냥,2022-03-16,2,0,제발 제발 인증전화 24시간이후에 해야하는거 폐지해주세요 해킹을 당해도 그사람이 인증전화를 계속 신청하면 제가 못합니다..제발 이거 한번만 봐주시고 기능에 넣어주시면 안될까요? 간절히 부탁드리고 개인정보 다들어있는데 해킹되면 곤란합니다..,android,non-title,
https://play-lh.googleusercontent.com/Ob9Ys8yKMeyKzZvl3cB9JNSTui1lJwjSKD60IVYnlvU2DsahysGENJE-txiRIW9_72Vd=s180-rw,카카오톡 KakaoTalk,김영어,2022-03-16,5,0,기모띠,android,non-title,
https://play-lh.googleusercontent.com/Ob9Ys8yKMeyKzZvl3cB9JNSTui1lJwjSKD60IVYnlvU2DsahysGENJE-txiRIW9_72Vd=s180-rw,카카오톡 KakaoTalk,Hyun,2022-03-16,3,2,"갑자기 알람이 안옵니다; 방해금지 , 알림설정 다 봤는데 절대 안오고 그냥 카톡 아이콘만 상단바에 나타나요... 다른 앱들 알림 잘 오고.. 태블릿도 잘 오는데 지금 폰만 안옵니다..갤노트10인데..뮤ㅓ죠?다시깔아도안되내요",android,non-title,
https://play-lh.googleusercontent.com/Ob9Ys8yKMeyKzZvl3cB9JNSTui1lJwjSKD60IVYnlvU2DsahysGENJE-txiRIW9_72Vd=s180-rw,카카오톡 KakaoTalk,김주홍,2022-03-16,5,0,지금 오류가 생긴거 같은데요 ㅠㅠ,android,non-title,
https://play-lh.googleusercontent.com/Ob9Ys8yKMeyKzZvl3cB9JNSTui1lJwjSKD60IVYnlvU2DsahysGENJE-txiRIW9_72Vd=s180-rw,카카오톡 KakaoTalk,TaeWook Rhee,2022-03-16,1,6,"며칠 전부터 키워드알림을 포함한 모든 알림음, 알림진동이 안됩니다. 채팅방 별 알림설정, 앱내 설정, 기기자체 방해금지시간이나 기타 관련 모든 설정상태를 다시 확인하고 재시작을 했지만 해결되지 않았습니다.",android,non-title,
https://play-lh.googleusercontent.com/Ob9Ys8yKMeyKzZvl3cB9JNSTui1lJwjSKD60IVYnlvU2DsahysGENJE-txiRIW9_72Vd=s180-rw,카카오톡 KakaoTalk,언노운사장,2022-03-16,5,0,딴게 뭐 없습니다 문어발식 사업확장 감사합니다 소비자야 편한건데 기업 공격하는 정서 개 같네요,android,non-title,
https://play-lh.googleusercontent.com/Ob9Ys8yKMeyKzZvl3cB9JNSTui1lJwjSKD60IVYnlvU2DsahysGENJE-txiRIW9_72Vd=s180-rw,카카오톡 KakaoTalk,T채널,2022-03-16,5,0,카톡 말해뭐하나요 매우 잘쓰고 있어요,android,non-title,
https://play-lh.googleusercontent.com/Ob9Ys8yKMeyKzZvl3cB9JNSTui1lJwjSKD60IVYnlvU2DsahysGENJE-txiRIW9_72Vd=s180-rw,카카오톡 KakaoTalk,KIM Mr.,2022-03-16,5,0,좋음,android,non-title,
https://play-lh.googleusercontent.com/Ob9Ys8yKMeyKzZvl3cB9JNSTui1lJwjSKD60IVYnlvU2DsahysGENJE-txiRIW9_72Vd=s180-rw,카카오톡 KakaoTalk,김민규,2022-03-16,1,0,킹받네,android,non-title,
https://play-lh.googleusercontent.com/Ob9Ys8yKMeyKzZvl3cB9JNSTui1lJwjSKD60IVYnlvU2DsahysGENJE-txiRIW9_72Vd=s180-rw,카카오톡 KakaoTalk,Jung Cho,2022-03-16,5,0,Good,android,non-title,
https://play-lh.googleusercontent.com/Ob9Ys8yKMeyKzZvl3cB9JNSTui1lJwjSKD60IVYnlvU2DsahysGENJE-txiRIW9_72Vd=s180-rw,카카오톡 KakaoTalk,강현준 2,2022-03-16,4,0,"다 좋습니다 다 좋은데, pc가 아닌 모바일 에서도 로그아웃,로그인 기능좀 만들어 주십쇼 그리고 pc에서도 오픈프로필 만들수 있게 해주시오, 이것들 정말 불편합니다. 안 되는것이면 이유라도 좀 알려주십셔.제발",android,non-title,
https://play-lh.googleusercontent.com/Ob9Ys8yKMeyKzZvl3cB9JNSTui1lJwjSKD60IVYnlvU2DsahysGENJE-txiRIW9_72Vd=s180-rw,카카오톡 KakaoTalk,김경랑,2022-03-16,1,0,알림소리가 안나서 답답합니다.갤s22 gos업글이후 계속 알림안옴ㅜㅜ,android,non-title,
https://play-lh.googleusercontent.com/Ob9Ys8yKMeyKzZvl3cB9JNSTui1lJwjSKD60IVYnlvU2DsahysGENJE-txiRIW9_72Vd=s180-rw,카카오톡 KakaoTalk,푸른바다,2022-03-16,3,0,억지로 한다ㅡㅡ,android,non-title,
https://play-lh.googleusercontent.com/Ob9Ys8yKMeyKzZvl3cB9JNSTui1lJwjSKD60IVYnlvU2DsahysGENJE-txiRIW9_72Vd=s180-rw,카카오톡 KakaoTalk,쿵쿵이TV,2022-03-16,4,0,카카오톡 좋긴한데.. 이모티콘 살려면 돈 내야됀다고.. 별 4개로 할께요! 그리고 카톡할따 안읽어는데 보다가.. 화면이 안보이는거예요,android,non-title,
https://play-lh.googleusercontent.com/Ob9Ys8yKMeyKzZvl3cB9JNSTui1lJwjSKD60IVYnlvU2DsahysGENJE-txiRIW9_72Vd=s180-rw,카카오톡 KakaoTalk,겨울눈꽃,2022-03-16,4,0,상단바 고정 2개만 더 늘려주셨음 좋겠어요,android,non-title,
https://play-lh.googleusercontent.com/Ob9Ys8yKMeyKzZvl3cB9JNSTui1lJwjSKD60IVYnlvU2DsahysGENJE-txiRIW9_72Vd=s180-rw,카카오톡 KakaoTalk,소다건빵,2022-03-16,5,0,"잘 쓰고 있는데요, 채팅방 상단 고정 기능 활성화 제한 개수 10개로 늘려주시면 안될까요? 5개만으로 어떻게 관리를 합니까..",android,non-title,
https://play-lh.googleusercontent.com/Ob9Ys8yKMeyKzZvl3cB9JNSTui1lJwjSKD60IVYnlvU2DsahysGENJE-txiRIW9_72Vd=s180-rw,카카오톡 KakaoTalk,김밍느,2022-03-16,5,0,카카오톡 선물하기 랭킹 진짜 별로에요 멀쩡히 훌륭하던걸 왜 저렇게 했는지 모르겠어요,android,non-title,
https://play-lh.googleusercontent.com/Ob9Ys8yKMeyKzZvl3cB9JNSTui1lJwjSKD60IVYnlvU2DsahysGENJE-txiRIW9_72Vd=s180-rw,카카오톡 KakaoTalk,YINGSHU LI,2022-03-16,1,0,저를 사랑해주고 많은것을 생각해주니 너무 고맘습니다,android,non-title,
https://play-lh.googleusercontent.com/Ob9Ys8yKMeyKzZvl3cB9JNSTui1lJwjSKD60IVYnlvU2DsahysGENJE-txiRIW9_72Vd=s180-rw,카카오톡 KakaoTalk,이재희,2022-03-16,5,0,조아요,android,non-title,
https://play-lh.googleusercontent.com/Ob9Ys8yKMeyKzZvl3cB9JNSTui1lJwjSKD60IVYnlvU2DsahysGENJE-txiRIW9_72Vd=s180-rw,카카오톡 KakaoTalk,_ toy,2022-03-16,5,0,프로필에 스티커처럼 구매한 이모티콘도 쓸수있게 해주세용,android,non-title,
https://play-lh.googleusercontent.com/Ob9Ys8yKMeyKzZvl3cB9JNSTui1lJwjSKD60IVYnlvU2DsahysGENJE-txiRIW9_72Vd=s180-rw,카카오톡 KakaoTalk,Kion Park,2022-03-16,5,0,[VOC] 실험실에 추가된 오픈채팅 모아보기 기능 매우 좋습니다. 연관된 기능으로 알림톡(광고톡) 모아보기 기능도 추가해주시면 좋겠습니다.,android,non-title,
https://play-lh.googleusercontent.com/Ob9Ys8yKMeyKzZvl3cB9JNSTui1lJwjSKD60IVYnlvU2DsahysGENJE-txiRIW9_72Vd=s180-rw,카카오톡 KakaoTalk,이서현,2022-03-16,5,0,시딧ㄱㄷㄱㄷㅅㄱㅅㄱ,android,non-title,
https://play-lh.googleusercontent.com/Ob9Ys8yKMeyKzZvl3cB9JNSTui1lJwjSKD60IVYnlvU2DsahysGENJE-txiRIW9_72Vd=s180-rw,카카오톡 KakaoTalk,박민수,2022-03-16,2,0,워치4에 설치 하고 나면 설정을 아무리 해도 카톡 알림이 안옴니다. 아래 내용 보니 다른 사람들두 같은 증상 있던데 빠른 조치 부탁 합니다.,android,non-title,
https://play-lh.googleusercontent.com/Ob9Ys8yKMeyKzZvl3cB9JNSTui1lJwjSKD60IVYnlvU2DsahysGENJE-txiRIW9_72Vd=s180-rw,카카오톡 KakaoTalk,서창교,2022-03-16,5,0,좋습니다,android,non-title,
https://play-lh.googleusercontent.com/Ob9Ys8yKMeyKzZvl3cB9JNSTui1lJwjSKD60IVYnlvU2DsahysGENJE-txiRIW9_72Vd=s180-rw,카카오톡 KakaoTalk,김도근,2022-03-16,5,0,넘 좋아요,android,non-title,
https://play-lh.googleusercontent.com/Ob9Ys8yKMeyKzZvl3cB9JNSTui1lJwjSKD60IVYnlvU2DsahysGENJE-txiRIW9_72Vd=s180-rw,카카오톡 KakaoTalk,크루엘라,2022-03-16,4,0,갤럭시에서 ar이모지 이모티콘 만들어둔 걸 사용하려면 공유하기로 떠서 다시 채팅방을 선택해야되는데 이 부분 고쳐주세요 삼성 기본 키보드에 자동으로 들어간 ar이모지 이모티콘 사용할때 바로 채팅방에 올릴 수 있게 해주셨으면 좋겠어요,android,non-title,
https://play-lh.googleusercontent.com/Ob9Ys8yKMeyKzZvl3cB9JNSTui1lJwjSKD60IVYnlvU2DsahysGENJE-txiRIW9_72Vd=s180-rw,카카오톡 KakaoTalk,이동호,2022-03-16,1,1,카톡 알림이 안 와요. 진동이고 벨이고 카톡이 와도 알림이 안 오니 답답하네요. 분명히 알림을 전부 켜놨고 방해금지모드도 아닌데 알림이 안 떠요.,android,non-title,
https://play-lh.googleusercontent.com/Ob9Ys8yKMeyKzZvl3cB9JNSTui1lJwjSKD60IVYnlvU2DsahysGENJE-txiRIW9_72Vd=s180-rw,카카오톡 KakaoTalk,즹즹읭,2022-03-15,3,0,옾쳇안돼고갠톡에따로못들어가는게아쉽네요,android,non-title,
https://play-lh.googleusercontent.com/Ob9Ys8yKMeyKzZvl3cB9JNSTui1lJwjSKD60IVYnlvU2DsahysGENJE-txiRIW9_72Vd=s180-rw,카카오톡 KakaoTalk,이열우,2022-03-15,5,0,메세지하는거보다 더 편리하고좋아요,android,non-title,
https://play-lh.googleusercontent.com/Ob9Ys8yKMeyKzZvl3cB9JNSTui1lJwjSKD60IVYnlvU2DsahysGENJE-txiRIW9_72Vd=s180-rw,카카오톡 KakaoTalk,하송이2,2022-03-15,5,0,저는 3년 째 사용하고 있는 유저입니다 진짜~~~~너무 좋아요,android,non-title,
https://play-lh.googleusercontent.com/Ob9Ys8yKMeyKzZvl3cB9JNSTui1lJwjSKD60IVYnlvU2DsahysGENJE-txiRIW9_72Vd=s180-rw,카카오톡 KakaoTalk,김나리,2022-03-15,5,0,자꾸 이상한게 떠요 ㅠㅠ,android,non-title,
https://play-lh.googleusercontent.com/Ob9Ys8yKMeyKzZvl3cB9JNSTui1lJwjSKD60IVYnlvU2DsahysGENJE-txiRIW9_72Vd=s180-rw,카카오톡 KakaoTalk,이영재,2022-03-15,1,0,엉망진찬이에요,android,non-title,
https://play-lh.googleusercontent.com/Ob9Ys8yKMeyKzZvl3cB9JNSTui1lJwjSKD60IVYnlvU2DsahysGENJE-txiRIW9_72Vd=s180-rw,카카오톡 KakaoTalk,구본창,2022-03-15,1,0,업데이트가 되지 안아요,android,non-title,
https://play-lh.googleusercontent.com/Ob9Ys8yKMeyKzZvl3cB9JNSTui1lJwjSKD60IVYnlvU2DsahysGENJE-txiRIW9_72Vd=s180-rw,카카오톡 KakaoTalk,엄대훈,2022-03-15,5,0,카카오톡을 삭제한뒤 처음부터 설치가 가능합니다.죄송합니다.,android,non-title,
https://play-lh.googleusercontent.com/Ob9Ys8yKMeyKzZvl3cB9JNSTui1lJwjSKD60IVYnlvU2DsahysGENJE-txiRIW9_72Vd=s180-rw,카카오톡 KakaoTalk,ho YOO,2022-03-15,5,0,좋아아ㅡ,android,non-title,
https://play-lh.googleusercontent.com/Ob9Ys8yKMeyKzZvl3cB9JNSTui1lJwjSKD60IVYnlvU2DsahysGENJE-txiRIW9_72Vd=s180-rw,카카오톡 KakaoTalk,박현성,2022-03-15,3,0,인증번호가 안와서 임티를 못사요,android,non-title,
https://play-lh.googleusercontent.com/Ob9Ys8yKMeyKzZvl3cB9JNSTui1lJwjSKD60IVYnlvU2DsahysGENJE-txiRIW9_72Vd=s180-rw,카카오톡 KakaoTalk,영서,2022-03-15,2,117,다른건 다 좋은데 몇가지 불편한게 있어요 ㅠㅠ 1.상대의 오픈프로필을 차단하고 다시 풀수없음. 이러면 방을 나갔다왔다 해야하는데 계속 그러면 민폐끼쳐서 불편합니다.. 2.오픈프로필 갯수가 적어서 아쉬움. 사실 이것저것 해보고싶은게 많아서 프로필 양을 늘리고 싶은데 3개까지만 만들어지니까 아쉬워요.최소한은 5개라도 됐음 하네요.. 3.오픈채팅 정지 언제 한번 아무것도안했는데 정지 14일을 걸렸어요.제발 신고기능에 증거자료 같은 넣을수있는 그런거 만들어주세요...괜히 생사람 잡지마시고요.아무튼 업데이트로 좋은기능들 만들어주셔서 감사합니...전체 리뷰,android,non-title,
https://play-lh.googleusercontent.com/Ob9Ys8yKMeyKzZvl3cB9JNSTui1lJwjSKD60IVYnlvU2DsahysGENJE-txiRIW9_72Vd=s180-rw,카카오톡 KakaoTalk,오사랑,2022-03-15,5,0,넘 편해요,android,non-title,
https://play-lh.googleusercontent.com/Ob9Ys8yKMeyKzZvl3cB9JNSTui1lJwjSKD60IVYnlvU2DsahysGENJE-txiRIW9_72Vd=s180-rw,카카오톡 KakaoTalk,박정민,2022-03-15,5,0,안전하고 좋은것 같습니다.,android,non-title,
https://play-lh.googleusercontent.com/Ob9Ys8yKMeyKzZvl3cB9JNSTui1lJwjSKD60IVYnlvU2DsahysGENJE-txiRIW9_72Vd=s180-rw,카카오톡 KakaoTalk,JIHYUN,2022-03-15,4,0,다 좋은데 태블릿이랑 핸드폰 둘이 다른 회사 제품이더라도 연동 되게 해주세요ㅠ 🙏 혹시나 되면 말씀해주세요,android,non-title,
https://play-lh.googleusercontent.com/Ob9Ys8yKMeyKzZvl3cB9JNSTui1lJwjSKD60IVYnlvU2DsahysGENJE-txiRIW9_72Vd=s180-rw,카카오톡 KakaoTalk,ravel,2022-03-15,5,0,폰:IM100 왜  게임별이 않뜨나요?,android,non-title,
https://play-lh.googleusercontent.com/Ob9Ys8yKMeyKzZvl3cB9JNSTui1lJwjSKD60IVYnlvU2DsahysGENJE-txiRIW9_72Vd=s180-rw,카카오톡 KakaoTalk,김태희,2022-03-15,5,0,편리함,android,non-title,
https://play-lh.googleusercontent.com/Ob9Ys8yKMeyKzZvl3cB9JNSTui1lJwjSKD60IVYnlvU2DsahysGENJE-txiRIW9_72Vd=s180-rw,카카오톡 KakaoTalk,JY Lee,2022-03-15,3,2,알림이 안울려요.. 키워드알림도 안되구요 워치알림도 안울려요..,android,non-title,
https://play-lh.googleusercontent.com/Ob9Ys8yKMeyKzZvl3cB9JNSTui1lJwjSKD60IVYnlvU2DsahysGENJE-txiRIW9_72Vd=s180-rw,카카오톡 KakaoTalk,룰토쿠카,2022-03-15,5,0,1대1채팅방에도 라이브톡 만들어 주세요!!,android,non-title,
https://play-lh.googleusercontent.com/Ob9Ys8yKMeyKzZvl3cB9JNSTui1lJwjSKD60IVYnlvU2DsahysGENJE-txiRIW9_72Vd=s180-rw,카카오톡 KakaoTalk,이성원,2022-03-15,5,0,매우 편리함,android,non-title,
https://play-lh.googleusercontent.com/Ob9Ys8yKMeyKzZvl3cB9JNSTui1lJwjSKD60IVYnlvU2DsahysGENJE-txiRIW9_72Vd=s180-rw,카카오톡 KakaoTalk,이정혁,2022-03-15,1,0,개판이네,android,non-title,
https://play-lh.googleusercontent.com/Ob9Ys8yKMeyKzZvl3cB9JNSTui1lJwjSKD60IVYnlvU2DsahysGENJE-txiRIW9_72Vd=s180-rw,카카오톡 KakaoTalk,탱고탱고,2022-03-15,3,2,노트20으로폰바꾸고 하루만에 카톡 알림 진동 소리 어느거하나되는게없습니다 삼성엔지니어말이 어플끼리충돌이거나 둘다최신버전이라그렇다는데 몇번다시깔고 별짓을 다해도 안됩니다. 빠른업데이트요청합니다,android,non-title,
https://play-lh.googleusercontent.com/Ob9Ys8yKMeyKzZvl3cB9JNSTui1lJwjSKD60IVYnlvU2DsahysGENJE-txiRIW9_72Vd=s180-rw,카카오톡 KakaoTalk,이지호,2022-03-15,5,0,절대깔지말기 앱들어가자마자튕김 버그 죽돌이 클라스 지리구여.,android,non-title,
https://play-lh.googleusercontent.com/Ob9Ys8yKMeyKzZvl3cB9JNSTui1lJwjSKD60IVYnlvU2DsahysGENJE-txiRIW9_72Vd=s180-rw,카카오톡 KakaoTalk,Auto PD,2022-03-15,2,1,업데이트되고나서 음성 잡음이 더 심해진거같은데 기분탓인가요?,android,non-title,
https://play-lh.googleusercontent.com/Ob9Ys8yKMeyKzZvl3cB9JNSTui1lJwjSKD60IVYnlvU2DsahysGENJE-txiRIW9_72Vd=s180-rw,카카오톡 KakaoTalk,한영석,2022-03-15,5,0,겁나좋소이다,android,non-title,
https://play-lh.googleusercontent.com/Ob9Ys8yKMeyKzZvl3cB9JNSTui1lJwjSKD60IVYnlvU2DsahysGENJE-txiRIW9_72Vd=s180-rw,카카오톡 KakaoTalk,오창혁,2022-03-15,3,2,카카오톡,android,non-title,
https://play-lh.googleusercontent.com/Ob9Ys8yKMeyKzZvl3cB9JNSTui1lJwjSKD60IVYnlvU2DsahysGENJE-txiRIW9_72Vd=s180-rw,카카오톡 KakaoTalk,희빡이,2022-03-15,1,0,보톡버그 언제 고침? 통화하면서 겜하는데 화면 검해짐,android,non-title,
https://play-lh.googleusercontent.com/Ob9Ys8yKMeyKzZvl3cB9JNSTui1lJwjSKD60IVYnlvU2DsahysGENJE-txiRIW9_72Vd=s180-rw,카카오톡 KakaoTalk,신호섭,2022-03-15,5,0,실생활에서 제일 많이 사용하는 앱 중에 하나에요,android,non-title,
https://play-lh.googleusercontent.com/Ob9Ys8yKMeyKzZvl3cB9JNSTui1lJwjSKD60IVYnlvU2DsahysGENJE-txiRIW9_72Vd=s180-rw,카카오톡 KakaoTalk,이대원,2022-03-15,4,0,내 생활ㅋ,android,non-title,
https://play-lh.googleusercontent.com/Ob9Ys8yKMeyKzZvl3cB9JNSTui1lJwjSKD60IVYnlvU2DsahysGENJE-txiRIW9_72Vd=s180-rw,카카오톡 KakaoTalk,정찬효,2022-03-15,5,0,편리하고 좋아요,android,non-title,
https://play-lh.googleusercontent.com/Ob9Ys8yKMeyKzZvl3cB9JNSTui1lJwjSKD60IVYnlvU2DsahysGENJE-txiRIW9_72Vd=s180-rw,카카오톡 KakaoTalk,김김민겸,2022-03-15,5,0,너무나 좋은 아침입니다,android,non-title,
https://play-lh.googleusercontent.com/Ob9Ys8yKMeyKzZvl3cB9JNSTui1lJwjSKD60IVYnlvU2DsahysGENJE-txiRIW9_72Vd=s180-rw,카카오톡 KakaoTalk,구현민,2022-03-15,5,0,총ㄱㆍ요,android,non-title,
https://play-lh.googleusercontent.com/Ob9Ys8yKMeyKzZvl3cB9JNSTui1lJwjSKD60IVYnlvU2DsahysGENJE-txiRIW9_72Vd=s180-rw,카카오톡 KakaoTalk,-정현스쿨,2022-03-15,5,0,라임 L Hd.,android,non-title,
https://play-lh.googleusercontent.com/Ob9Ys8yKMeyKzZvl3cB9JNSTui1lJwjSKD60IVYnlvU2DsahysGENJE-txiRIW9_72Vd=s180-rw,카카오톡 KakaoTalk,Vickie Lee,2022-03-15,5,2,업뎃하고나서부터인지 카톡 알림이 안떠요. 게임하고있을때나 따른 어플 사용할때 알림이 안옵니다. 앱 권한까지 다 봐봤는데도 이상이없는데ㅜ 밑에보니 저랑 같은분이 계시네요,android,non-title,
https://play-lh.googleusercontent.com/Ob9Ys8yKMeyKzZvl3cB9JNSTui1lJwjSKD60IVYnlvU2DsahysGENJE-txiRIW9_72Vd=s180-rw,카카오톡 KakaoTalk,정윤원,2022-03-15,1,5,"업데이트한 친구 프로필, 이런거 안뜨게 설정할 수 있는 기능이 아직까지도 없네요. 프로필 바꿧냐고 연락오면 짜증남",android,non-title,
https://play-lh.googleusercontent.com/Ob9Ys8yKMeyKzZvl3cB9JNSTui1lJwjSKD60IVYnlvU2DsahysGENJE-txiRIW9_72Vd=s180-rw,카카오톡 KakaoTalk,김서원,2022-03-15,5,0,카톡은 사랑입니다....,android,non-title,
https://play-lh.googleusercontent.com/Ob9Ys8yKMeyKzZvl3cB9JNSTui1lJwjSKD60IVYnlvU2DsahysGENJE-txiRIW9_72Vd=s180-rw,카카오톡 KakaoTalk,김김상범,2022-03-15,5,0,잘 사용하고 있어요~#,android,non-title,
https://play-lh.googleusercontent.com/Ob9Ys8yKMeyKzZvl3cB9JNSTui1lJwjSKD60IVYnlvU2DsahysGENJE-txiRIW9_72Vd=s180-rw,카카오톡 KakaoTalk,Ohrion [ondaRC],2022-03-15,4,0,제발 메시지 삭제 기능만은 제대로 해주세여,android,non-title,
https://play-lh.googleusercontent.com/Ob9Ys8yKMeyKzZvl3cB9JNSTui1lJwjSKD60IVYnlvU2DsahysGENJE-txiRIW9_72Vd=s180-rw,카카오톡 KakaoTalk,박재온,2022-03-15,5,0,굿,android,non-title,
https://play-lh.googleusercontent.com/Ob9Ys8yKMeyKzZvl3cB9JNSTui1lJwjSKD60IVYnlvU2DsahysGENJE-txiRIW9_72Vd=s180-rw,카카오톡 KakaoTalk,변성일,2022-03-15,4,0,잘 쓰고 있습니다.감사합니다^^,android,non-title,
https://play-lh.googleusercontent.com/Ob9Ys8yKMeyKzZvl3cB9JNSTui1lJwjSKD60IVYnlvU2DsahysGENJE-txiRIW9_72Vd=s180-rw,카카오톡 KakaoTalk,오동건,2022-03-15,3,6,이번에 업데이트 하고나서 갤워치에서 카톡이 이상하게 떠요. (갤워치에서는 카톡 어플 안쓰고 푸쉬알람만 받음) 예전에는 기존 대화 내용도 다 표시가 됐는데 업뎃하고 나서는 상대방이 보낸 카톡 맨 위에 하나만 보이고 그마저도 제가 보낸 거 같은 UI로 표시되네요. 버그 같은데 당장 고쳐주세요 진짜 너무 불편합니다..,android,non-title,
https://play-lh.googleusercontent.com/Ob9Ys8yKMeyKzZvl3cB9JNSTui1lJwjSKD60IVYnlvU2DsahysGENJE-txiRIW9_72Vd=s180-rw,카카오톡 KakaoTalk,안석진,2022-03-15,5,0,친구들이랑이야기하는게최고에요,android,non-title,
https://play-lh.googleusercontent.com/Ob9Ys8yKMeyKzZvl3cB9JNSTui1lJwjSKD60IVYnlvU2DsahysGENJE-txiRIW9_72Vd=s180-rw,카카오톡 KakaoTalk,LiPi_리피_02,2022-03-15,1,0,ㅈ톡이라고 해도 과언이 아니다~ 10년안에 ㅈ톡 회사 망할듯~ 카톡 망해라 ㅎㅇㅌ!,android,non-title,
https://play-lh.googleusercontent.com/Ob9Ys8yKMeyKzZvl3cB9JNSTui1lJwjSKD60IVYnlvU2DsahysGENJE-txiRIW9_72Vd=s180-rw,카카오톡 KakaoTalk,카게야마토비오,2022-03-15,4,0,"와이파이가 아주 잘 되어 있는데도 불구하고, 계속 와이파이가 안된다고 작동하질 않네요. 오픈채팅 하다 생긴일이기도 하고.. 어떻게 좀 부탁드려도 될까요?",android,non-title,
https://play-lh.googleusercontent.com/Ob9Ys8yKMeyKzZvl3cB9JNSTui1lJwjSKD60IVYnlvU2DsahysGENJE-txiRIW9_72Vd=s180-rw,카카오톡 KakaoTalk,이현화,2022-03-15,5,0,소통짱,android,non-title,
https://play-lh.googleusercontent.com/Ob9Ys8yKMeyKzZvl3cB9JNSTui1lJwjSKD60IVYnlvU2DsahysGENJE-txiRIW9_72Vd=s180-rw,카카오톡 KakaoTalk,정우진,2022-03-15,3,0,제 생일이 다른사람에게 안떠요 어떻게 안되나요..?,android,non-title,
https://play-lh.googleusercontent.com/Ob9Ys8yKMeyKzZvl3cB9JNSTui1lJwjSKD60IVYnlvU2DsahysGENJE-txiRIW9_72Vd=s180-rw,카카오톡 KakaoTalk,김순덕,2022-03-15,5,0,Wear3.0,android,non-title,
https://play-lh.googleusercontent.com/Ob9Ys8yKMeyKzZvl3cB9JNSTui1lJwjSKD60IVYnlvU2DsahysGENJE-txiRIW9_72Vd=s180-rw,카카오톡 KakaoTalk,De Cuve,2022-03-15,1,3,여기가 중국이냐? 메신저에 검열하게?,android,non-title,
https://play-lh.googleusercontent.com/Ob9Ys8yKMeyKzZvl3cB9JNSTui1lJwjSKD60IVYnlvU2DsahysGENJE-txiRIW9_72Vd=s180-rw,카카오톡 KakaoTalk,박수연,2022-03-15,2,0,업뎃이후 워치에서 여러개 알림이 다 보여 지네요. 개선해주세요 그전 버전으로 써야해요,android,non-title,
https://play-lh.googleusercontent.com/Ob9Ys8yKMeyKzZvl3cB9JNSTui1lJwjSKD60IVYnlvU2DsahysGENJE-txiRIW9_72Vd=s180-rw,카카오톡 KakaoTalk,Jerry B,2022-03-15,3,87,"인증 요청이 많으면 24시간 동안 인증 제한 거는 건 진짜 그지같은 정책입니다 당장 폐기하세요. 새 폰을 개통하고 인증번호 받기를 눌렀는데도 아무리 눌러도 오질 않아 연타했더니 개통 작업이 아직 덜 끝나서 오질 않은 거였습니다. 스마트폰에서 카톡이 차지하는 비중이 어느 정도인 지는 카카오 측은 당연히 알 거라고 생각하고, 이러한 개통상의 문제로 가입을 24시간을 기다리게 하는 건 너무너무 이용자를 불편하게 하는 처사네요.",android,non-title,
https://play-lh.googleusercontent.com/Ob9Ys8yKMeyKzZvl3cB9JNSTui1lJwjSKD60IVYnlvU2DsahysGENJE-txiRIW9_72Vd=s180-rw,카카오톡 KakaoTalk,ds kim,2022-03-15,3,0,채팅방 검색후 뒤로가기 하면 바로 안가고 자판만 내려가서 실수로 뒤로가기 세번하면 카톡에서 나오고 이거 왜 불편하게 한거죠? 해명 좀,android,non-title,
https://play-lh.googleusercontent.com/Ob9Ys8yKMeyKzZvl3cB9JNSTui1lJwjSKD60IVYnlvU2DsahysGENJE-txiRIW9_72Vd=s180-rw,카카오톡 KakaoTalk,하지연,2022-03-15,4,1,"멀티프로필이 설정메뉴안에만 있고, 프로필+친구탭에서는 안보였으면 좋겠어요. 나와의 채팅방을 일시적으로 숨길수있는 것 처럼요. 타인이 제 카톡을 볼때가 있는데 그 탭에 멀티프로필로 다르게 분류되어있다는 것을 보이기가 좀 그래요. 제발제발 실험실에라도 내주세요🙏🏻",android,non-title,
https://play-lh.googleusercontent.com/Ob9Ys8yKMeyKzZvl3cB9JNSTui1lJwjSKD60IVYnlvU2DsahysGENJE-txiRIW9_72Vd=s180-rw,카카오톡 KakaoTalk,Chin Sunwoo,2022-03-15,5,1,와 옾챗ㄹㅇ 겁나 좋고 안쓰더라도 걍 까는게 이득.,android,non-title,
https://play-lh.googleusercontent.com/Ob9Ys8yKMeyKzZvl3cB9JNSTui1lJwjSKD60IVYnlvU2DsahysGENJE-txiRIW9_72Vd=s180-rw,카카오톡 KakaoTalk,강서연,2022-03-15,5,0,같은톡인데 알림이 2번씩 울려요,android,non-title,
https://play-lh.googleusercontent.com/Ob9Ys8yKMeyKzZvl3cB9JNSTui1lJwjSKD60IVYnlvU2DsahysGENJE-txiRIW9_72Vd=s180-rw,카카오톡 KakaoTalk,-好不如樂-,2022-03-15,5,0,아주 좋아요,android,non-title,
https://play-lh.googleusercontent.com/Ob9Ys8yKMeyKzZvl3cB9JNSTui1lJwjSKD60IVYnlvU2DsahysGENJE-txiRIW9_72Vd=s180-rw,카카오톡 KakaoTalk,죠리퐁 joripong,2022-03-15,4,0,정말 잘쓰고 있지만 쓰던이모티콘도 선물할수 있으면좋겠습니다!,android,non-title,
https://play-lh.googleusercontent.com/Ob9Ys8yKMeyKzZvl3cB9JNSTui1lJwjSKD60IVYnlvU2DsahysGENJE-txiRIW9_72Vd=s180-rw,카카오톡 KakaoTalk,Google 사용자,2022-03-15,5,0,카카오는 세계최고,android,non-title,
https://play-lh.googleusercontent.com/Ob9Ys8yKMeyKzZvl3cB9JNSTui1lJwjSKD60IVYnlvU2DsahysGENJE-txiRIW9_72Vd=s180-rw,카카오톡 KakaoTalk,수동예스,2022-03-15,3,0,요즘 왜이렇게 렉이 걸리나요? 대화창이 안뜨고 메세지를 보내도 안보내져요,android,non-title,
https://play-lh.googleusercontent.com/Ob9Ys8yKMeyKzZvl3cB9JNSTui1lJwjSKD60IVYnlvU2DsahysGENJE-txiRIW9_72Vd=s180-rw,카카오톡 KakaoTalk,유태영,2022-03-15,4,0,굿!!!,android,non-title,
https://play-lh.googleusercontent.com/Ob9Ys8yKMeyKzZvl3cB9JNSTui1lJwjSKD60IVYnlvU2DsahysGENJE-txiRIW9_72Vd=s180-rw,카카오톡 KakaoTalk,박서영,2022-03-15,5,0,굿굿,android,non-title,
https://play-lh.googleusercontent.com/Ob9Ys8yKMeyKzZvl3cB9JNSTui1lJwjSKD60IVYnlvU2DsahysGENJE-txiRIW9_72Vd=s180-rw,카카오톡 KakaoTalk,Bubbygamer289go,2022-03-15,1,0,아니 톡서랍 플러스 결재 해야되는데 본인인증이 필요해요ㅠㅠ 제발 복구해주세요,android,non-title,
https://play-lh.googleusercontent.com/Ob9Ys8yKMeyKzZvl3cB9JNSTui1lJwjSKD60IVYnlvU2DsahysGENJE-txiRIW9_72Vd=s180-rw,카카오톡 KakaoTalk,M부토기,2022-03-15,5,0,사용중인 전화기에 전화번호를 변경하여 사용하고 있는데 전에 사용하던 전화번호로 사용하던 카톡을 없애는 방법좀 알려 주세요 ㅠㅠ,android,non-title,
https://play-lh.googleusercontent.com/Ob9Ys8yKMeyKzZvl3cB9JNSTui1lJwjSKD60IVYnlvU2DsahysGENJE-txiRIW9_72Vd=s180-rw,카카오톡 KakaoTalk,봉지우,2022-03-15,5,1,이거 꼭수정 해주세요! 멀티프로필을 지갑안해도 되게 해주세요 지갑관리하다 핸드폰 잊어버리면 정보노출피해가요 제발요!,android,non-title,
https://play-lh.googleusercontent.com/Ob9Ys8yKMeyKzZvl3cB9JNSTui1lJwjSKD60IVYnlvU2DsahysGENJE-txiRIW9_72Vd=s180-rw,카카오톡 KakaoTalk,wn웬,2022-03-15,1,3,업뎃 후 개인스킨 왜 또 안되는거죠ㅋㅋㅋㅋ 업뎃취소기능이라도 주세요.,android,non-title,
https://play-lh.googleusercontent.com/Ob9Ys8yKMeyKzZvl3cB9JNSTui1lJwjSKD60IVYnlvU2DsahysGENJE-txiRIW9_72Vd=s180-rw,카카오톡 KakaoTalk,윤주운,2022-03-15,5,0,이성명 끝날때까지!,android,non-title,
https://play-lh.googleusercontent.com/Ob9Ys8yKMeyKzZvl3cB9JNSTui1lJwjSKD60IVYnlvU2DsahysGENJE-txiRIW9_72Vd=s180-rw,카카오톡 KakaoTalk,jw Kim,2022-03-15,4,0,렉 만고치면좋아요.그래서전 별점4개,android,non-title,
https://play-lh.googleusercontent.com/Ob9Ys8yKMeyKzZvl3cB9JNSTui1lJwjSKD60IVYnlvU2DsahysGENJE-txiRIW9_72Vd=s180-rw,카카오톡 KakaoTalk,조작가Tv Cho,2022-03-15,5,0,좋아요,android,non-title,
https://play-lh.googleusercontent.com/Ob9Ys8yKMeyKzZvl3cB9JNSTui1lJwjSKD60IVYnlvU2DsahysGENJE-txiRIW9_72Vd=s180-rw,카카오톡 KakaoTalk,in seon yoo,2022-03-15,5,0,최고의 앱,android,non-title,
https://play-lh.googleusercontent.com/Ob9Ys8yKMeyKzZvl3cB9JNSTui1lJwjSKD60IVYnlvU2DsahysGENJE-txiRIW9_72Vd=s180-rw,카카오톡 KakaoTalk,신성헌,2022-03-15,1,0,아니 도대체 왜 나와의 체팅이 안나가지는거죠? 아무리봐도 거슬리고 불편한데 심지어 이런질문하는사람도 많이 있는데 서랍기능 때문이다 기계적인 답변만하고 왜 패치 를 하지않고있는지 너무궁금하내요,android,non-title,
https://play-lh.googleusercontent.com/Ob9Ys8yKMeyKzZvl3cB9JNSTui1lJwjSKD60IVYnlvU2DsahysGENJE-txiRIW9_72Vd=s180-rw,카카오톡 KakaoTalk,한인숙,2022-03-15,3,0,기기 사용기간 길어지나요,android,non-title,
https://play-lh.googleusercontent.com/Ob9Ys8yKMeyKzZvl3cB9JNSTui1lJwjSKD60IVYnlvU2DsahysGENJE-txiRIW9_72Vd=s180-rw,카카오톡 KakaoTalk,이상석,2022-03-14,5,0,조아요~굿,android,non-title,
https://play-lh.googleusercontent.com/Ob9Ys8yKMeyKzZvl3cB9JNSTui1lJwjSKD60IVYnlvU2DsahysGENJE-txiRIW9_72Vd=s180-rw,카카오톡 KakaoTalk,원진덕,2022-03-14,5,0,잘쓰고있습니다,android,non-title,
https://play-lh.googleusercontent.com/Ob9Ys8yKMeyKzZvl3cB9JNSTui1lJwjSKD60IVYnlvU2DsahysGENJE-txiRIW9_72Vd=s180-rw,카카오톡 KakaoTalk,박주현,2022-03-14,2,0,실행속도느림,android,non-title,
https://play-lh.googleusercontent.com/Ob9Ys8yKMeyKzZvl3cB9JNSTui1lJwjSKD60IVYnlvU2DsahysGENJE-txiRIW9_72Vd=s180-rw,카카오톡 KakaoTalk,지지지,2022-03-14,3,1,업데이트전에는 워치에 대화내용 위로올릴수도있었는데 지금은 하나밖에안떠요,android,non-title,
https://play-lh.googleusercontent.com/Ob9Ys8yKMeyKzZvl3cB9JNSTui1lJwjSKD60IVYnlvU2DsahysGENJE-txiRIW9_72Vd=s180-rw,카카오톡 KakaoTalk,해킹하지마라해킹하지마라,2022-03-14,1,0,해킹하는중국에서버를둔 표적해킹 사형제도실시원함,android,non-title,
https://play-lh.googleusercontent.com/Ob9Ys8yKMeyKzZvl3cB9JNSTui1lJwjSKD60IVYnlvU2DsahysGENJE-txiRIW9_72Vd=s180-rw,카카오톡 KakaoTalk,차선주,2022-03-14,5,0,Goo~~~D,android,non-title,
https://play-lh.googleusercontent.com/Ob9Ys8yKMeyKzZvl3cB9JNSTui1lJwjSKD60IVYnlvU2DsahysGENJE-txiRIW9_72Vd=s180-rw,카카오톡 KakaoTalk,티오[TIO]TV,2022-03-14,4,0,오픈채팅방 버그가있는거 같습니다 1 나간적이없는데 오픈채팅방에서 나가져있습니다. 2 채팅방 고정을해도 고정이 안되고 밑으로 내려옵니다 3 가끔씩 그 오픈채팅방이 사라집니다,android,non-title,
https://play-lh.googleusercontent.com/Ob9Ys8yKMeyKzZvl3cB9JNSTui1lJwjSKD60IVYnlvU2DsahysGENJE-txiRIW9_72Vd=s180-rw,카카오톡 KakaoTalk,멀티노리,2022-03-14,4,1,너무 유용한데 날짜를 검색하면 카톡내용 찾을수있게 해주고 맨위로 돌아가기 기능좀 만들어주세요 대화내용으로 검색해도 나오지도 않고 찾으려고 계속 올리는것도 팔아프고 두가지 업데이트하면 훨씬 수월할것같습니다,android,non-title,
https://play-lh.googleusercontent.com/Ob9Ys8yKMeyKzZvl3cB9JNSTui1lJwjSKD60IVYnlvU2DsahysGENJE-txiRIW9_72Vd=s180-rw,카카오톡 KakaoTalk,조현금,2022-03-14,5,0,최고,android,non-title,
https://play-lh.googleusercontent.com/Ob9Ys8yKMeyKzZvl3cB9JNSTui1lJwjSKD60IVYnlvU2DsahysGENJE-txiRIW9_72Vd=s180-rw,카카오톡 KakaoTalk,최형수,2022-03-14,1,0,아니 선물하기를 왜 쳐 만들어가지고 페이 재설정을 어떤식으로 하라고 선물도 안되고 선물 할 때 재설정해야되면 자동으로 넘어가게 하던가 아님 그자체에 누르는 버튼이 있어야지 왜 이딴걸 만들어놔서 사람 스트레스받게 하나요,android,non-title,
https://play-lh.googleusercontent.com/Ob9Ys8yKMeyKzZvl3cB9JNSTui1lJwjSKD60IVYnlvU2DsahysGENJE-txiRIW9_72Vd=s180-rw,카카오톡 KakaoTalk,maya kwon,2022-03-14,5,1,묶음사진 답장할때 답장하고자하는 사진을 따로 답장할수있는기능 있으면 좋으련만.....,android,non-title,
https://play-lh.googleusercontent.com/Ob9Ys8yKMeyKzZvl3cB9JNSTui1lJwjSKD60IVYnlvU2DsahysGENJE-txiRIW9_72Vd=s180-rw,카카오톡 KakaoTalk,제이슨,2022-03-14,3,1,카톡 프로필 기록 단번에 삭제 가능하게 기능 만들어주세요 일일히 삭제하기 너무 시간걸리고 힘드네요.,android,non-title,
https://play-lh.googleusercontent.com/Ob9Ys8yKMeyKzZvl3cB9JNSTui1lJwjSKD60IVYnlvU2DsahysGENJE-txiRIW9_72Vd=s180-rw,카카오톡 KakaoTalk,유재영,2022-03-14,5,0,편리해요!,android,non-title,
https://play-lh.googleusercontent.com/Ob9Ys8yKMeyKzZvl3cB9JNSTui1lJwjSKD60IVYnlvU2DsahysGENJE-txiRIW9_72Vd=s180-rw,카카오톡 KakaoTalk,Eun Mi Ko,2022-03-14,5,0,"연락이쉽고, 편리하다",android,non-title,
https://play-lh.googleusercontent.com/Ob9Ys8yKMeyKzZvl3cB9JNSTui1lJwjSKD60IVYnlvU2DsahysGENJE-txiRIW9_72Vd=s180-rw,카카오톡 KakaoTalk,한진경,2022-03-14,5,0,좋아요,android,non-title,
https://play-lh.googleusercontent.com/Ob9Ys8yKMeyKzZvl3cB9JNSTui1lJwjSKD60IVYnlvU2DsahysGENJE-txiRIW9_72Vd=s180-rw,카카오톡 KakaoTalk,JOSU JO,2022-03-14,5,0,굿굿굿,android,non-title,
https://play-lh.googleusercontent.com/Ob9Ys8yKMeyKzZvl3cB9JNSTui1lJwjSKD60IVYnlvU2DsahysGENJE-txiRIW9_72Vd=s180-rw,카카오톡 KakaoTalk,J,2022-03-14,1,0,오픈채팅 정지할 거면 정지사유는 똑바로 알려주셔야 하는 거 아닌가요. 어떤 내용이 문제였는지 표기됐으면 좋겠어요. 영문도 모르겠는데 다짜고짜 정지맥여놓고 2주뒤에 풀어줄게 이러면 뭐 어쩌라고요...?,android,non-title,
https://play-lh.googleusercontent.com/Ob9Ys8yKMeyKzZvl3cB9JNSTui1lJwjSKD60IVYnlvU2DsahysGENJE-txiRIW9_72Vd=s180-rw,카카오톡 KakaoTalk,김상진,2022-03-14,5,0,스마트기기 휴대폰에 카카오톡앱 없는 휴대폰있을까?,android,non-title,
https://play-lh.googleusercontent.com/Ob9Ys8yKMeyKzZvl3cB9JNSTui1lJwjSKD60IVYnlvU2DsahysGENJE-txiRIW9_72Vd=s180-rw,카카오톡 KakaoTalk,와우,2022-03-14,5,0,잘 쓰고 있다,android,non-title,
https://play-lh.googleusercontent.com/Ob9Ys8yKMeyKzZvl3cB9JNSTui1lJwjSKD60IVYnlvU2DsahysGENJE-txiRIW9_72Vd=s180-rw,카카오톡 KakaoTalk,김녹차,2022-03-14,3,1,채팅방 상단 고정 모바일도 5개 이상 가능했으면 좋겠어요. PC버전은 6개고 7개고 다 되서 너무 좋은데 핸드폰은 5개 밖에 안돼서 너무 불편해요..,android,non-title,
https://play-lh.googleusercontent.com/Ob9Ys8yKMeyKzZvl3cB9JNSTui1lJwjSKD60IVYnlvU2DsahysGENJE-txiRIW9_72Vd=s180-rw,카카오톡 KakaoTalk,김혁진,2022-03-14,4,0,조아요~~~~++++++++++++~~~~~~~+,android,non-title,
https://play-lh.googleusercontent.com/Ob9Ys8yKMeyKzZvl3cB9JNSTui1lJwjSKD60IVYnlvU2DsahysGENJE-txiRIW9_72Vd=s180-rw,카카오톡 KakaoTalk,배귀선,2022-03-14,5,0,아주 좋아요 즐겁읍니다,android,non-title,
https://play-lh.googleusercontent.com/Ob9Ys8yKMeyKzZvl3cB9JNSTui1lJwjSKD60IVYnlvU2DsahysGENJE-txiRIW9_72Vd=s180-rw,카카오톡 KakaoTalk,훈밸롬,2022-03-14,2,1,너무 이해가 안가네요 이모티콘을 사러는데 비밀번호가 달라서 비밀번호찾고 다른 비밀번호로했는데 갑자기 또 안돼서 이모티콘을 못 샀습니다 이걸 어떻게 해결하면 좋을까요?,android,non-title,
https://play-lh.googleusercontent.com/Ob9Ys8yKMeyKzZvl3cB9JNSTui1lJwjSKD60IVYnlvU2DsahysGENJE-txiRIW9_72Vd=s180-rw,카카오톡 KakaoTalk,토니퍼거슨,2022-03-14,5,0,메세지 수정 기능이있었으면 좋겠어요 삭제말고 수정기능도 추가해주세요~,android,non-title,
https://play-lh.googleusercontent.com/Ob9Ys8yKMeyKzZvl3cB9JNSTui1lJwjSKD60IVYnlvU2DsahysGENJE-txiRIW9_72Vd=s180-rw,카카오톡 KakaoTalk,스타스타,2022-03-14,4,0,그..다른 건 다 좋은데 오픈프로필은 개수 제한이 없었으면 좋겠어요ㅠㅠ 그래서 별이 4개입니닷..감사합니다..,android,non-title,
https://play-lh.googleusercontent.com/Ob9Ys8yKMeyKzZvl3cB9JNSTui1lJwjSKD60IVYnlvU2DsahysGENJE-txiRIW9_72Vd=s180-rw,카카오톡 KakaoTalk,박지유,2022-03-14,5,0,겁나 개좋음,android,non-title,
https://play-lh.googleusercontent.com/Ob9Ys8yKMeyKzZvl3cB9JNSTui1lJwjSKD60IVYnlvU2DsahysGENJE-txiRIW9_72Vd=s180-rw,카카오톡 KakaoTalk,유돕비,2022-03-14,5,0,최고에요~~,android,non-title,
https://play-lh.googleusercontent.com/Ob9Ys8yKMeyKzZvl3cB9JNSTui1lJwjSKD60IVYnlvU2DsahysGENJE-txiRIW9_72Vd=s180-rw,카카오톡 KakaoTalk,강명준,2022-03-14,5,0,짱,android,non-title,
https://play-lh.googleusercontent.com/Ob9Ys8yKMeyKzZvl3cB9JNSTui1lJwjSKD60IVYnlvU2DsahysGENJE-txiRIW9_72Vd=s180-rw,카카오톡 KakaoTalk,김동휘,2022-03-14,5,0,요즘에 할게 없어서 카톡을보니 시간이 순식간에 가더라 고요,android,non-title,
https://play-lh.googleusercontent.com/Ob9Ys8yKMeyKzZvl3cB9JNSTui1lJwjSKD60IVYnlvU2DsahysGENJE-txiRIW9_72Vd=s180-rw,카카오톡 KakaoTalk,송재봉,2022-03-14,5,1,좋아하는 사람이 되고 있는 것으로 보인다,android,non-title,
https://play-lh.googleusercontent.com/Ob9Ys8yKMeyKzZvl3cB9JNSTui1lJwjSKD60IVYnlvU2DsahysGENJE-txiRIW9_72Vd=s180-rw,카카오톡 KakaoTalk,최서인,2022-03-14,3,0,"자신,친구들 등 사진보낸거 삭제한것들도 사진 복구되면 좋겠네요 30일이 지나도 삭제 안되면 좋겠어요 제 최애사진도 실수로 30일지나서 다운 못했어요 제발 사진들 복구되게 해주세요",android,non-title,
https://play-lh.googleusercontent.com/Ob9Ys8yKMeyKzZvl3cB9JNSTui1lJwjSKD60IVYnlvU2DsahysGENJE-txiRIW9_72Vd=s180-rw,카카오톡 KakaoTalk,임병국,2022-03-14,5,1,굿,android,non-title,
https://play-lh.googleusercontent.com/Ob9Ys8yKMeyKzZvl3cB9JNSTui1lJwjSKD60IVYnlvU2DsahysGENJE-txiRIW9_72Vd=s180-rw,카카오톡 KakaoTalk,윤진성,2022-03-14,5,1,장동수,android,non-title,
https://play-lh.googleusercontent.com/Ob9Ys8yKMeyKzZvl3cB9JNSTui1lJwjSKD60IVYnlvU2DsahysGENJE-txiRIW9_72Vd=s180-rw,카카오톡 KakaoTalk,권시아,2022-03-14,5,0,좋았어요,android,non-title,
https://play-lh.googleusercontent.com/Ob9Ys8yKMeyKzZvl3cB9JNSTui1lJwjSKD60IVYnlvU2DsahysGENJE-txiRIW9_72Vd=s180-rw,카카오톡 KakaoTalk,독학생,2022-03-14,4,0,카톡 상단 고정 갯수좀 늘려주세요 5개 너무 적어요~~~~,android,non-title,
https://play-lh.googleusercontent.com/Ob9Ys8yKMeyKzZvl3cB9JNSTui1lJwjSKD60IVYnlvU2DsahysGENJE-txiRIW9_72Vd=s180-rw,카카오톡 KakaoTalk,신의계약,2022-03-14,5,0,편함 타은행보단,android,non-title,
https://play-lh.googleusercontent.com/Ob9Ys8yKMeyKzZvl3cB9JNSTui1lJwjSKD60IVYnlvU2DsahysGENJE-txiRIW9_72Vd=s180-rw,카카오톡 KakaoTalk,신은수,2022-03-14,5,1,좋아요,android,non-title,
https://play-lh.googleusercontent.com/Ob9Ys8yKMeyKzZvl3cB9JNSTui1lJwjSKD60IVYnlvU2DsahysGENJE-txiRIW9_72Vd=s180-rw,카카오톡 KakaoTalk,박시완,2022-03-14,5,1,좋아요,android,non-title,
https://play-lh.googleusercontent.com/Ob9Ys8yKMeyKzZvl3cB9JNSTui1lJwjSKD60IVYnlvU2DsahysGENJE-txiRIW9_72Vd=s180-rw,카카오톡 KakaoTalk,SKRILL,2022-03-14,5,0,굿,android,non-title,
https://play-lh.googleusercontent.com/Ob9Ys8yKMeyKzZvl3cB9JNSTui1lJwjSKD60IVYnlvU2DsahysGENJE-txiRIW9_72Vd=s180-rw,카카오톡 KakaoTalk,즐겜머니,2022-03-14,1,0,배경화면 사진으로 설정할때 가로 세로 상관없이 가로로 고정해서 잘리는게 이상함 세로사진은 자동으로 설정되는게 맞는데 각도 바꿔서해도 잘리는 부분이 반대로 돼서잘림 변경좀,android,non-title,
https://play-lh.googleusercontent.com/Ob9Ys8yKMeyKzZvl3cB9JNSTui1lJwjSKD60IVYnlvU2DsahysGENJE-txiRIW9_72Vd=s180-rw,카카오톡 KakaoTalk,주황지호,2022-03-14,1,0,갑자기 정지 먹얻는데요?,android,non-title,
https://play-lh.googleusercontent.com/Ob9Ys8yKMeyKzZvl3cB9JNSTui1lJwjSKD60IVYnlvU2DsahysGENJE-txiRIW9_72Vd=s180-rw,카카오톡 KakaoTalk,정진우,2022-03-14,5,11,메세지 수정 기능을 추가 해줬으면 좋겠습니다.,android,non-title,
https://play-lh.googleusercontent.com/Ob9Ys8yKMeyKzZvl3cB9JNSTui1lJwjSKD60IVYnlvU2DsahysGENJE-txiRIW9_72Vd=s180-rw,카카오톡 KakaoTalk,임태환,2022-03-14,5,0,2013년7월2일채팅방여러게 한번에지울수있게해주세요ㅜㅜ 맨날하나씩지우려니번거롭네요ㅜㅜㅜㅜ 2022년3월14일 제발요 아직도 안됨,android,non-title,
https://play-lh.googleusercontent.com/Ob9Ys8yKMeyKzZvl3cB9JNSTui1lJwjSKD60IVYnlvU2DsahysGENJE-txiRIW9_72Vd=s180-rw,카카오톡 KakaoTalk,南永,2022-03-14,5,0,좋네요,android,non-title,
https://play-lh.googleusercontent.com/Ob9Ys8yKMeyKzZvl3cB9JNSTui1lJwjSKD60IVYnlvU2DsahysGENJE-txiRIW9_72Vd=s180-rw,카카오톡 KakaoTalk,최민재,2022-03-14,1,4,지문 정보는 바꾸지도 않았는데 혼자 갑자기 지문 정보가 바뀌어서 패턴으로 로그인하라는 말이 카톡 실행할 때마다 나옵니다.,android,non-title,
https://play-lh.googleusercontent.com/Ob9Ys8yKMeyKzZvl3cB9JNSTui1lJwjSKD60IVYnlvU2DsahysGENJE-txiRIW9_72Vd=s180-rw,카카오톡 KakaoTalk,Dave M,2022-03-14,1,1,wear os 카톡 최악인거 개발자들은 아시나요? 이번 업데이트로 인해서 카톡 메시지가 최신 받은 메시지 1개만 표기가 됩니다. 이건 구글 정책이다.. 이해합니다.. 그럼 그 전 대화를 보기 위해 wear os에서 카톡을 실행하면 로딩 시간 정말 장난 아니게 깁니다.. 이걸 쓰라고 만든 app인지 모를 정도로 느리고 느리고 또 느리고... 워치4에서 카톡된다고 자랑하고 판 삼성이나 억지로 만든 티 내는 카카오나... 진짜 극혐이네요...ㅡㅡ,android,non-title,
https://play-lh.googleusercontent.com/Ob9Ys8yKMeyKzZvl3cB9JNSTui1lJwjSKD60IVYnlvU2DsahysGENJE-txiRIW9_72Vd=s180-rw,카카오톡 KakaoTalk,박수진,2022-03-14,1,0,아니 내가 뭘 잘못했는데 30일이나 먹고있죠??? 우리 오빠가 05여서 '05오빠놈 퉤' 라고 했는데 뭐가 문제야 아니야 그럴 수 있지. 아니 근데 ㄹㅇ 킹받아요. 30일은 좀.. 이제 옾정 막 풀렸는데 또 먹어요??? 저 배불러요... 그만 주세요🥀🥀🤬🤬🤬🤬,android,non-title,
https://play-lh.googleusercontent.com/Ob9Ys8yKMeyKzZvl3cB9JNSTui1lJwjSKD60IVYnlvU2DsahysGENJE-txiRIW9_72Vd=s180-rw,카카오톡 KakaoTalk,이현민,2022-03-14,5,1,카카오는진리죠,android,non-title,
https://play-lh.googleusercontent.com/Ob9Ys8yKMeyKzZvl3cB9JNSTui1lJwjSKD60IVYnlvU2DsahysGENJE-txiRIW9_72Vd=s180-rw,카카오톡 KakaoTalk,익명,2022-03-14,4,0,"카톡알림 안와서 설정 초기화 하고 다시 해도 똑같네요. 카톡 알림좀 주세요.. 나머진 너무 좋아요 아, 모두에게서 삭제 시간없었으면 좋겠어요.. 다 삭제할수 있게요",android,non-title,
https://play-lh.googleusercontent.com/Ob9Ys8yKMeyKzZvl3cB9JNSTui1lJwjSKD60IVYnlvU2DsahysGENJE-txiRIW9_72Vd=s180-rw,카카오톡 KakaoTalk,최순덕,2022-03-14,5,1,ㅇ그ㄴㅇ,android,non-title,
https://play-lh.googleusercontent.com/Ob9Ys8yKMeyKzZvl3cB9JNSTui1lJwjSKD60IVYnlvU2DsahysGENJE-txiRIW9_72Vd=s180-rw,카카오톡 KakaoTalk,Yongil Kim,2022-03-14,5,0,특별히써야할이유가없는그런톡이지않겠는가지금시점에서,android,non-title,
https://play-lh.googleusercontent.com/Ob9Ys8yKMeyKzZvl3cB9JNSTui1lJwjSKD60IVYnlvU2DsahysGENJE-txiRIW9_72Vd=s180-rw,카카오톡 KakaoTalk,허광욱,2022-03-14,5,0,이번 연무 동산리 582-5 현황측량 새밀하게 우리가 충분하게 이해할 수 도와주었습니다 팀장과 함께 훌륭한 한팀임을 응원합니다,android,non-title,
https://play-lh.googleusercontent.com/Ob9Ys8yKMeyKzZvl3cB9JNSTui1lJwjSKD60IVYnlvU2DsahysGENJE-txiRIW9_72Vd=s180-rw,카카오톡 KakaoTalk,이종태,2022-03-14,5,0,지인과 커뮤니케이션 하는데 아주 좋습니다,android,non-title,
https://play-lh.googleusercontent.com/Ob9Ys8yKMeyKzZvl3cB9JNSTui1lJwjSKD60IVYnlvU2DsahysGENJE-txiRIW9_72Vd=s180-rw,카카오톡 KakaoTalk,한태웅,2022-03-14,4,0,단체 채팅방에서 전체태그를 할 수 있게 해주세요,android,non-title,
https://play-lh.googleusercontent.com/Ob9Ys8yKMeyKzZvl3cB9JNSTui1lJwjSKD60IVYnlvU2DsahysGENJE-txiRIW9_72Vd=s180-rw,카카오톡 KakaoTalk,최창선,2022-03-14,1,1,"PC 카톡의 경우, 카톡상 으로 내 프로필 을 확인할수 없음, 시정조치 바람",android,non-title,
https://play-lh.googleusercontent.com/Ob9Ys8yKMeyKzZvl3cB9JNSTui1lJwjSKD60IVYnlvU2DsahysGENJE-txiRIW9_72Vd=s180-rw,카카오톡 KakaoTalk,La K,2022-03-14,4,1,멀티프로필 있어서 좋은데 처음 친추했을때 기본프로필이 아니라 멀티프로필로 보일수있었으면 좋겠어요. 모르는 사람이 나를 친추해도 개인적인 사진이 보이지않길 바래요,android,non-title,
https://play-lh.googleusercontent.com/Ob9Ys8yKMeyKzZvl3cB9JNSTui1lJwjSKD60IVYnlvU2DsahysGENJE-txiRIW9_72Vd=s180-rw,카카오톡 KakaoTalk,李愛蘭,2022-03-14,5,0,좋아요,android,non-title,
https://play-lh.googleusercontent.com/Ob9Ys8yKMeyKzZvl3cB9JNSTui1lJwjSKD60IVYnlvU2DsahysGENJE-txiRIW9_72Vd=s180-rw,카카오톡 KakaoTalk,김루안,2022-03-14,4,0,"전반적으로 날로 편리해지고 있는 거 같은데, 채팅할 때 유튭 링크 공유하면 바로 어플로 연결되면 더 좋겠어요!",android,non-title,
https://play-lh.googleusercontent.com/Ob9Ys8yKMeyKzZvl3cB9JNSTui1lJwjSKD60IVYnlvU2DsahysGENJE-txiRIW9_72Vd=s180-rw,카카오톡 KakaoTalk,강옥희,2022-03-14,4,0,Good,android,non-title,
https://play-lh.googleusercontent.com/Ob9Ys8yKMeyKzZvl3cB9JNSTui1lJwjSKD60IVYnlvU2DsahysGENJE-txiRIW9_72Vd=s180-rw,카카오톡 KakaoTalk,YJ H,2022-03-14,3,0,저도 업데이트 이후 카톡 알람이 안와요. 해결 부탁드립니다.,android,non-title,
https://play-lh.googleusercontent.com/Ob9Ys8yKMeyKzZvl3cB9JNSTui1lJwjSKD60IVYnlvU2DsahysGENJE-txiRIW9_72Vd=s180-rw,카카오톡 KakaoTalk,조민휘,2022-03-14,5,0,굿,android,non-title,
https://play-lh.googleusercontent.com/Ob9Ys8yKMeyKzZvl3cB9JNSTui1lJwjSKD60IVYnlvU2DsahysGENJE-txiRIW9_72Vd=s180-rw,카카오톡 KakaoTalk,sungwon han,2022-03-14,5,0,굿,android,non-title,
https://play-lh.googleusercontent.com/Ob9Ys8yKMeyKzZvl3cB9JNSTui1lJwjSKD60IVYnlvU2DsahysGENJE-txiRIW9_72Vd=s180-rw,카카오톡 KakaoTalk,이지우,2022-03-14,5,0,좋아요,android,non-title,
https://play-lh.googleusercontent.com/Ob9Ys8yKMeyKzZvl3cB9JNSTui1lJwjSKD60IVYnlvU2DsahysGENJE-txiRIW9_72Vd=s180-rw,카카오톡 KakaoTalk,김인자,2022-03-14,5,0,좋아요^^,android,non-title,
https://play-lh.googleusercontent.com/Ob9Ys8yKMeyKzZvl3cB9JNSTui1lJwjSKD60IVYnlvU2DsahysGENJE-txiRIW9_72Vd=s180-rw,카카오톡 KakaoTalk,Eun-taek Lee,2022-03-14,5,0,매우 만족해요,android,non-title,
https://play-lh.googleusercontent.com/Ob9Ys8yKMeyKzZvl3cB9JNSTui1lJwjSKD60IVYnlvU2DsahysGENJE-txiRIW9_72Vd=s180-rw,카카오톡 KakaoTalk,양승재,2022-03-14,5,0,좋습니다,android,non-title,
https://play-lh.googleusercontent.com/Ob9Ys8yKMeyKzZvl3cB9JNSTui1lJwjSKD60IVYnlvU2DsahysGENJE-txiRIW9_72Vd=s180-rw,카카오톡 KakaoTalk,가요무대 사랑 제갈량tv,2022-03-14,4,0,건의 합니다. 프로필 음악을 30곡까지 저장하게 늘려주세여. 좋은 곡이 많은데 추가기능 부탁드립니다,android,non-title,
https://play-lh.googleusercontent.com/Ob9Ys8yKMeyKzZvl3cB9JNSTui1lJwjSKD60IVYnlvU2DsahysGENJE-txiRIW9_72Vd=s180-rw,카카오톡 KakaoTalk,강기타연주,2022-03-14,4,0,굳,android,non-title,
https://play-lh.googleusercontent.com/Ob9Ys8yKMeyKzZvl3cB9JNSTui1lJwjSKD60IVYnlvU2DsahysGENJE-txiRIW9_72Vd=s180-rw,카카오톡 KakaoTalk,zles Gaming,2022-03-13,1,0,이거 다시는 할일 없습니다. 이용보호조치 때문에 할수 있는게없어요,android,non-title,
https://play-lh.googleusercontent.com/Ob9Ys8yKMeyKzZvl3cB9JNSTui1lJwjSKD60IVYnlvU2DsahysGENJE-txiRIW9_72Vd=s180-rw,카카오톡 KakaoTalk,김미소,2022-03-13,1,0,업데이트 공개처형 기능 없애주세요.. 내가 지인들이 프사 업데이트한거 안보는 기능말고도 내가 프사 업뎃하면 다른사람들한테 상단에 안뜨게 해주세요ㅡㅡ 짜증나요 맨위에 업뎃했다고 공개처형당하는거요.,android,non-title,
https://play-lh.googleusercontent.com/Ob9Ys8yKMeyKzZvl3cB9JNSTui1lJwjSKD60IVYnlvU2DsahysGENJE-txiRIW9_72Vd=s180-rw,카카오톡 KakaoTalk,쨔파게티,2022-03-13,1,5,카카오톡은 오래전부터 용량에 관해 모른다면 관리를 전혀 할수가 없을정도이다. 카톡방에 캐시 및 데이터는 무한 누적되고 핸드폰을 사용하기 시작한 시점부터 고장자기 전까지 관리를 안하면 20~30기가는 훨씬 넘어감. 굳이 아무 설정 없이 몇년이고 지난 데이터를 저장해야하는지 이해가 안간다. 이건 업무용도 아닐뿐더러 백업기능이 있는데 왜 데이터 저장은 무제한인지 이해할수없음. 문의를 해도 문제다 왜냐? 12년간 카카오가 과연 용량문제관련 문의를 받은적이 단 한번도 없을까? 어차피 카카오로 문의하라고 매크로답변 달릴거 뻔함. 1등이고 따라...전체 리뷰,android,non-title,
https://play-lh.googleusercontent.com/Ob9Ys8yKMeyKzZvl3cB9JNSTui1lJwjSKD60IVYnlvU2DsahysGENJE-txiRIW9_72Vd=s180-rw,카카오톡 KakaoTalk,한재열,2022-03-13,1,0,무통장입금이 안뜨는데 어떻게 하죠,android,non-title,
https://play-lh.googleusercontent.com/Ob9Ys8yKMeyKzZvl3cB9JNSTui1lJwjSKD60IVYnlvU2DsahysGENJE-txiRIW9_72Vd=s180-rw,카카오톡 KakaoTalk,VIV XX,2022-03-13,1,1,카카오톡 채널 뷰 발견 등등 숨김 아니고 삭제 좀 하게 해주세요 진짜 거슬려요 도대체 왜 삭제를 못 하게 합니까? 친구도 채널도 그렇고 카카오톡이 표방하는 것이 도대체 무엇이길래 삭제를 못하게 합니까? 차단필요 없어요 그냥 깨끗하게 삭제 좀 하게 해주세요 그리고 그냥 뷰 없애고 발견에서 보고싶은 것만 볼 수 있게 해주세요 직관적으로 관리도 할 수 없고 불편해 죽겠어요 뭐 하나 잘못 보면 그 이후로 맨날 자극적인 기사만 올라오고 진짜 불편하고 불쾌한 기능입니다,android,non-title,
https://play-lh.googleusercontent.com/Ob9Ys8yKMeyKzZvl3cB9JNSTui1lJwjSKD60IVYnlvU2DsahysGENJE-txiRIW9_72Vd=s180-rw,카카오톡 KakaoTalk,김은영,2022-03-13,1,0,보이스톡이 안돼요,android,non-title,
https://play-lh.googleusercontent.com/Ob9Ys8yKMeyKzZvl3cB9JNSTui1lJwjSKD60IVYnlvU2DsahysGENJE-txiRIW9_72Vd=s180-rw,카카오톡 KakaoTalk,마이트레야,2022-03-13,5,0,항상 감사합니다,android,non-title,
https://play-lh.googleusercontent.com/Ob9Ys8yKMeyKzZvl3cB9JNSTui1lJwjSKD60IVYnlvU2DsahysGENJE-txiRIW9_72Vd=s180-rw,카카오톡 KakaoTalk,신주섭,2022-03-13,5,0,좋아요,android,non-title,
https://play-lh.googleusercontent.com/Ob9Ys8yKMeyKzZvl3cB9JNSTui1lJwjSKD60IVYnlvU2DsahysGENJE-txiRIW9_72Vd=s180-rw,카카오톡 KakaoTalk,최아빈,2022-03-13,1,0,카카오톡 선물하기에서 카뱅 사용이 안되요 카카오페이만 사용가능해져서 불편해요,android,non-title,
https://play-lh.googleusercontent.com/Ob9Ys8yKMeyKzZvl3cB9JNSTui1lJwjSKD60IVYnlvU2DsahysGENJE-txiRIW9_72Vd=s180-rw,카카오톡 KakaoTalk,진화의휘석,2022-03-13,5,0,솔직히 요즘 카톡 없으면 일상생활 불가능,android,non-title,
https://play-lh.googleusercontent.com/Ob9Ys8yKMeyKzZvl3cB9JNSTui1lJwjSKD60IVYnlvU2DsahysGENJE-txiRIW9_72Vd=s180-rw,카카오톡 KakaoTalk,지서연,2022-03-13,4,0,카카오톡다른계정을 탈퇴했음에도 인증이안되네요 처리를 빨리해줬으면하네요,android,non-title,
https://play-lh.googleusercontent.com/Ob9Ys8yKMeyKzZvl3cB9JNSTui1lJwjSKD60IVYnlvU2DsahysGENJE-txiRIW9_72Vd=s180-rw,카카오톡 KakaoTalk,김수아,2022-03-13,3,0,션물하기가 갑자기안되요 고쳐주세요,android,non-title,
https://play-lh.googleusercontent.com/Ob9Ys8yKMeyKzZvl3cB9JNSTui1lJwjSKD60IVYnlvU2DsahysGENJE-txiRIW9_72Vd=s180-rw,카카오톡 KakaoTalk,Chun Ryung Lee,2022-03-13,4,0,다른 스마트폰에서도 컴퓨터처럼 카톡 연결하는 옵션이 있으면 좋을거 같습니다.,android,non-title,
https://play-lh.googleusercontent.com/Ob9Ys8yKMeyKzZvl3cB9JNSTui1lJwjSKD60IVYnlvU2DsahysGENJE-txiRIW9_72Vd=s180-rw,카카오톡 KakaoTalk,김나희,2022-03-13,1,1,오픈체팅 왜 바로바로 알람이 안뜨나요? 전에는 우르르 카톡소리 나서 사람들이 나를 찾아오는거같아서 기분좋았는데 방제목 설정을 해도 바로 사람들이 기다렸다는식으로 카톡와야하는데 카톡소리가 안나요 그리고 오픈체팅 정지 자주 먹고 신고도자주 먹는데 이유 같이 적어주시면감사합니다 저는 아무것도 안했는데 신고랑 정지먹는건 억울해요😮‍💨 그래도 일반체팅은 잘 사용하고 아무런 문제 없습니다만😅,android,non-title,
https://play-lh.googleusercontent.com/Ob9Ys8yKMeyKzZvl3cB9JNSTui1lJwjSKD60IVYnlvU2DsahysGENJE-txiRIW9_72Vd=s180-rw,카카오톡 KakaoTalk,아미인뎁,2022-03-13,4,0,저만 그런지 모르겠지만 톡이 뒤늦게 와요 ㅠㅠ 한참 전에 왔던 톡이 지금 오질 않나 왔던 톡을 보려고 챗방가면 없질 않나 ㅠ 수시로 이러네요 ㅠㅠ 자꾸 물어보게 되고 저도 스트레스 받고 ㅠㅠ,android,non-title,
https://play-lh.googleusercontent.com/Ob9Ys8yKMeyKzZvl3cB9JNSTui1lJwjSKD60IVYnlvU2DsahysGENJE-txiRIW9_72Vd=s180-rw,카카오톡 KakaoTalk,JY m,2022-03-13,1,2,"워치3 사용중인데, 알림이 하나밖에 안뜨고, 이전 카톡내용을 볼 수 있었는데 업데이트이후에 불가능해졌어요. 진짜불편합니다. 제발 쓸데없는 업데이트는 하지말아주세요. 제발요. 가만히두면 반이라도갈거 왜 자꾸 건드시나요? 그리고 카카오톡 고객센터 항상 똑같은답변주지마시고 개선방향에 대해 얘기해주세요.",android,non-title,
https://play-lh.googleusercontent.com/Ob9Ys8yKMeyKzZvl3cB9JNSTui1lJwjSKD60IVYnlvU2DsahysGENJE-txiRIW9_72Vd=s180-rw,카카오톡 KakaoTalk,Sung su Kim,2022-03-13,5,0,카카오는 4천만이 쓰는 만큼 짱인거죠! ㅋㅋ,android,non-title,
https://play-lh.googleusercontent.com/Ob9Ys8yKMeyKzZvl3cB9JNSTui1lJwjSKD60IVYnlvU2DsahysGENJE-txiRIW9_72Vd=s180-rw,카카오톡 KakaoTalk,유유민종,2022-03-13,5,0,최고,android,non-title,
https://play-lh.googleusercontent.com/Ob9Ys8yKMeyKzZvl3cB9JNSTui1lJwjSKD60IVYnlvU2DsahysGENJE-txiRIW9_72Vd=s180-rw,카카오톡 KakaoTalk,김동민,2022-03-13,1,0,S22 울트라 기준. 카톡 전화가 오면 받기 버튼이 안눌러지고 멋대로 끊기네요,android,non-title,
https://play-lh.googleusercontent.com/Ob9Ys8yKMeyKzZvl3cB9JNSTui1lJwjSKD60IVYnlvU2DsahysGENJE-txiRIW9_72Vd=s180-rw,카카오톡 KakaoTalk,김경직된사고력,2022-03-13,1,0,리발,android,non-title,
https://play-lh.googleusercontent.com/Ob9Ys8yKMeyKzZvl3cB9JNSTui1lJwjSKD60IVYnlvU2DsahysGENJE-txiRIW9_72Vd=s180-rw,카카오톡 KakaoTalk,최윤용,2022-03-13,4,0,맨위에 고정된 사람의 프로필이 자꾸 다른 사람으로 바뀌어 있어요 맨 마지막에 검색했던 사람의 프로필 사진으로 되는거 같기도 한데... 수정해 주세요!,android,non-title,
https://play-lh.googleusercontent.com/Ob9Ys8yKMeyKzZvl3cB9JNSTui1lJwjSKD60IVYnlvU2DsahysGENJE-txiRIW9_72Vd=s180-rw,카카오톡 KakaoTalk,심성공,2022-03-13,5,0,간편하고 사용자가 빨리 파악해서 편리하게 설치함으로써 숙지가 빠릅니다 배달서비스나 은행업무 또한 빠르게 이용할수 있어서 카카오톡을 이용하는데 최고입니다 ♡♡♡♡♡♡♡♡♡♡♡♡♡♡♡♡♡♡♡♡♡♡♡♡♡♡♡♡♡♡♡♡♡♡♡♡♡♡♡♡♡♡♡~~♡♡♡♡♡♡♡♡♡♡♡♡♡♡♡♡♡♡♡♡♡♡♡♡♡♡♡♡♡♡♡♡♡♡♡♡♡♡♡♡♡♡♡♡♡♡♡♡,android,non-title,
https://play-lh.googleusercontent.com/Ob9Ys8yKMeyKzZvl3cB9JNSTui1lJwjSKD60IVYnlvU2DsahysGENJE-txiRIW9_72Vd=s180-rw,카카오톡 KakaoTalk,상구,2022-03-13,1,0,안좋습니다 왜면요 공기계 카카오톡 되면서 좋겠습니다 인증번호 전화와서 하면것보다요 문자로인증번호왔면요 카카오톡 되면좋겠습니다,android,non-title,
https://play-lh.googleusercontent.com/Ob9Ys8yKMeyKzZvl3cB9JNSTui1lJwjSKD60IVYnlvU2DsahysGENJE-txiRIW9_72Vd=s180-rw,카카오톡 KakaoTalk,뭐꼬,2022-03-13,5,0,갑자기 친구 생일이 안뜨는데 생일 알림표시 되어 있는데 안뜨는 이유가 뭘까요? 갑자기..그러네요~,android,non-title,
https://play-lh.googleusercontent.com/Ob9Ys8yKMeyKzZvl3cB9JNSTui1lJwjSKD60IVYnlvU2DsahysGENJE-txiRIW9_72Vd=s180-rw,카카오톡 KakaoTalk,박지원,2022-03-13,1,2,갤워치 알림 예전처럼 기록 보이게 해주세요,android,non-title,
https://play-lh.googleusercontent.com/Ob9Ys8yKMeyKzZvl3cB9JNSTui1lJwjSKD60IVYnlvU2DsahysGENJE-txiRIW9_72Vd=s180-rw,카카오톡 KakaoTalk,주정윤,2022-03-13,4,0,가족과 함께 쓰고있어요! 넘 편해요!,android,non-title,
https://play-lh.googleusercontent.com/Ob9Ys8yKMeyKzZvl3cB9JNSTui1lJwjSKD60IVYnlvU2DsahysGENJE-txiRIW9_72Vd=s180-rw,카카오톡 KakaoTalk,venom DK_,2022-03-13,5,0,카톡 정말 괜찮은 앱이죠 문자보다 카톡을 더 많이 하고 오픈채팅을 하는 사람으로써 다시깔면 대화내용 삭제 되는게 살짝 아쉽네요 별 5개 드려요,android,non-title,
https://play-lh.googleusercontent.com/Ob9Ys8yKMeyKzZvl3cB9JNSTui1lJwjSKD60IVYnlvU2DsahysGENJE-txiRIW9_72Vd=s180-rw,카카오톡 KakaoTalk,이종익,2022-03-13,1,1,9.2.7에서 업그레이드 안됨,android,non-title,
https://play-lh.googleusercontent.com/Ob9Ys8yKMeyKzZvl3cB9JNSTui1lJwjSKD60IVYnlvU2DsahysGENJE-txiRIW9_72Vd=s180-rw,카카오톡 KakaoTalk,young 21,2022-03-13,2,0,폰 초기화로 카카오톡 다시 깔고 원래 계정 로그인 했는데 갑자기 안되네요 빠른 시일내에 복구 바랍니다,android,non-title,
https://play-lh.googleusercontent.com/Ob9Ys8yKMeyKzZvl3cB9JNSTui1lJwjSKD60IVYnlvU2DsahysGENJE-txiRIW9_72Vd=s180-rw,카카오톡 KakaoTalk,손유환,2022-03-13,1,0,카카오톡 삭제 함===== 알람은 왜? 계속 뜸? tlqkf같내,android,non-title,
https://play-lh.googleusercontent.com/Ob9Ys8yKMeyKzZvl3cB9JNSTui1lJwjSKD60IVYnlvU2DsahysGENJE-txiRIW9_72Vd=s180-rw,카카오톡 KakaoTalk,구구18,2022-03-13,5,1,로그인 잘돼,android,non-title,
https://play-lh.googleusercontent.com/Ob9Ys8yKMeyKzZvl3cB9JNSTui1lJwjSKD60IVYnlvU2DsahysGENJE-txiRIW9_72Vd=s180-rw,카카오톡 KakaoTalk,박박,2022-03-13,5,0,새로온카톡이보이지않아요,android,non-title,
https://play-lh.googleusercontent.com/Ob9Ys8yKMeyKzZvl3cB9JNSTui1lJwjSKD60IVYnlvU2DsahysGENJE-txiRIW9_72Vd=s180-rw,카카오톡 KakaoTalk,띠용,2022-03-13,5,1,기능에 아래로 고정도 생겼으면 좋겠어요... 위로 고정도 하나만 되는게 아니라 여러개 가능했으면 좋겠습니다 :),android,non-title,
https://play-lh.googleusercontent.com/Ob9Ys8yKMeyKzZvl3cB9JNSTui1lJwjSKD60IVYnlvU2DsahysGENJE-txiRIW9_72Vd=s180-rw,카카오톡 KakaoTalk,가끔 지나가는 중2병,2022-03-13,1,0,아니 허위신고좀 작작 받아들여요 몇번째야 이게 허위신고따위로 벌서 120일 정지먹었어요 좀 고쳐요 제발좀 그리고 문의좀 제발 받아요제발 정신병 걸릴 것 같에 나 할 거 있다고 정지 풀어달라고제발좀제발제발제발정지풀어제발정지좀풀어줘제발,android,non-title,
https://play-lh.googleusercontent.com/Ob9Ys8yKMeyKzZvl3cB9JNSTui1lJwjSKD60IVYnlvU2DsahysGENJE-txiRIW9_72Vd=s180-rw,카카오톡 KakaoTalk,Rang Lee,2022-03-13,1,0,전 어디에 들어가면 브라우저 이용이 차단 됐다고 나가져요 그래서 별 1개드림니다,android,non-title,
https://play-lh.googleusercontent.com/Ob9Ys8yKMeyKzZvl3cB9JNSTui1lJwjSKD60IVYnlvU2DsahysGENJE-txiRIW9_72Vd=s180-rw,카카오톡 KakaoTalk,최연승,2022-03-13,1,1,업데이트를 하고 왜 더 불편해진건지...워치에서 마지막으로 온 내용만 보이게 바뀐거 빨리 해결해주세요,android,non-title,
https://play-lh.googleusercontent.com/Ob9Ys8yKMeyKzZvl3cB9JNSTui1lJwjSKD60IVYnlvU2DsahysGENJE-txiRIW9_72Vd=s180-rw,카카오톡 KakaoTalk,박진희,2022-03-13,1,5,갤럭시 워치에서 카톡 최신메시지 1개 밖에 확인이 안됩니다... 이전엔 다 확인할 수 있었는데.. 업데이트 하면 더 좋아져야지 왜 더 구려지는지 모르겠네요. 차라리 업데이트 취소를 선택할 수 있으면 좋겠습니다.,android,non-title,
https://play-lh.googleusercontent.com/Ob9Ys8yKMeyKzZvl3cB9JNSTui1lJwjSKD60IVYnlvU2DsahysGENJE-txiRIW9_72Vd=s180-rw,카카오톡 KakaoTalk,김오리씌,2022-03-13,1,0,아니 무슨 친구랑 보톡하는데 말소리가 안들려요;;;그냥 메세지 씁시다,android,non-title,
https://play-lh.googleusercontent.com/Ob9Ys8yKMeyKzZvl3cB9JNSTui1lJwjSKD60IVYnlvU2DsahysGENJE-txiRIW9_72Vd=s180-rw,카카오톡 KakaoTalk,강태원,2022-03-13,2,0,안녕하세요. 신고 3~7일 동안 먹혀진 유저입니다. 아니 보톡 하는데 자동으로 끊어지는데 더 심각한건 신고가 먹혀집니다. 기분이 상하네요.,android,non-title,
https://play-lh.googleusercontent.com/Ob9Ys8yKMeyKzZvl3cB9JNSTui1lJwjSKD60IVYnlvU2DsahysGENJE-txiRIW9_72Vd=s180-rw,카카오톡 KakaoTalk,김득룡,2022-03-13,5,0,아주좋아요,android,non-title,
https://play-lh.googleusercontent.com/Ob9Ys8yKMeyKzZvl3cB9JNSTui1lJwjSKD60IVYnlvU2DsahysGENJE-txiRIW9_72Vd=s180-rw,카카오톡 KakaoTalk,박서진,2022-03-13,1,0,원래 터치가 잘 안 되나요 ? 카카오페이지에서 계정연동 하려고 하는데 '전체 동의' 라는 네글자도 하나 못 눌러서요 ^^,android,non-title,
https://play-lh.googleusercontent.com/Ob9Ys8yKMeyKzZvl3cB9JNSTui1lJwjSKD60IVYnlvU2DsahysGENJE-txiRIW9_72Vd=s180-rw,카카오톡 KakaoTalk,현민이진심녀,2022-03-13,5,0,오픈채팅 정지 받았는데 며칠인지 기간이 안 오네요,android,non-title,
https://play-lh.googleusercontent.com/Ob9Ys8yKMeyKzZvl3cB9JNSTui1lJwjSKD60IVYnlvU2DsahysGENJE-txiRIW9_72Vd=s180-rw,카카오톡 KakaoTalk,서이순,2022-03-13,5,0,헬로우펫앱에도움이되요,android,non-title,
https://play-lh.googleusercontent.com/Ob9Ys8yKMeyKzZvl3cB9JNSTui1lJwjSKD60IVYnlvU2DsahysGENJE-txiRIW9_72Vd=s180-rw,카카오톡 KakaoTalk,ilikeia,2022-03-13,5,3,남의 프로필 사진에 익명으로 좋아요 누를수있는 기능이 있었으면 좋겠어요! 물론 좋아요 받고싶은사람만 그 기능을 켤수있게하고요,android,non-title,
https://play-lh.googleusercontent.com/Ob9Ys8yKMeyKzZvl3cB9JNSTui1lJwjSKD60IVYnlvU2DsahysGENJE-txiRIW9_72Vd=s180-rw,카카오톡 KakaoTalk,김봉윤,2022-03-13,5,0,조아요,android,non-title,
https://play-lh.googleusercontent.com/Ob9Ys8yKMeyKzZvl3cB9JNSTui1lJwjSKD60IVYnlvU2DsahysGENJE-txiRIW9_72Vd=s180-rw,카카오톡 KakaoTalk,ᄒᄌ,2022-03-13,5,0,저만 알림소리가 안들리나요,android,non-title,
https://play-lh.googleusercontent.com/Ob9Ys8yKMeyKzZvl3cB9JNSTui1lJwjSKD60IVYnlvU2DsahysGENJE-txiRIW9_72Vd=s180-rw,카카오톡 KakaoTalk,생크림단팥빵,2022-03-13,1,10,선물하기 베스트 들어갔을때 딱 깔끔하게 상품만 보이게 해줬으면 좋겠어요 베스트 리뷰 같이 띄워주는데 상품이 뭐인지 너무 조그맣게 띄워줘서 잘 보이지도 않네요,android,non-title,
https://play-lh.googleusercontent.com/Ob9Ys8yKMeyKzZvl3cB9JNSTui1lJwjSKD60IVYnlvU2DsahysGENJE-txiRIW9_72Vd=s180-rw,카카오톡 KakaoTalk,KITO,2022-03-13,1,0,카카오뷰 생기고부터 온통 저급한 선동 찌라시글밖에 안올라오네요; 시간이 지날수록 어플 자체가 저급해지는느낌,android,non-title,
https://play-lh.googleusercontent.com/Ob9Ys8yKMeyKzZvl3cB9JNSTui1lJwjSKD60IVYnlvU2DsahysGENJE-txiRIW9_72Vd=s180-rw,카카오톡 KakaoTalk,정도윤,2022-03-13,3,0,다운로드가 안되네요. 답글 부탁드립니다,android,non-title,
https://play-lh.googleusercontent.com/Ob9Ys8yKMeyKzZvl3cB9JNSTui1lJwjSKD60IVYnlvU2DsahysGENJE-txiRIW9_72Vd=s180-rw,카카오톡 KakaoTalk,유리,2022-03-13,3,0,ㅜ저 진짜 어떡하죠? 20년까지 임티 엄청샀는데 계정날라감...그래서 겨우 다른계정만들었는데 예전 계정으로 복구할수있나요....😢,android,non-title,
https://play-lh.googleusercontent.com/Ob9Ys8yKMeyKzZvl3cB9JNSTui1lJwjSKD60IVYnlvU2DsahysGENJE-txiRIW9_72Vd=s180-rw,카카오톡 KakaoTalk,KH K,2022-03-13,1,0,보이스톡이 무슨 오류인지 계속 안되네요.,android,non-title,
https://play-lh.googleusercontent.com/Ob9Ys8yKMeyKzZvl3cB9JNSTui1lJwjSKD60IVYnlvU2DsahysGENJE-txiRIW9_72Vd=s180-rw,카카오톡 KakaoTalk,최하윤,2022-03-13,1,4,"아,,이걸 어떻게 설명 해야할지 모르겠어요. 일단 광고가 없고 친추를 할수 있어요. 그래서 🌟 5게 입니다",android,non-title,
https://play-lh.googleusercontent.com/Ob9Ys8yKMeyKzZvl3cB9JNSTui1lJwjSKD60IVYnlvU2DsahysGENJE-txiRIW9_72Vd=s180-rw,카카오톡 KakaoTalk,조휘민,2022-03-13,1,6,업뎃후 문제점 1. 상단알림창에서 대화내용 다볼수있었는데 최근1개만 확인가능하게 막힘 2. 방해금지모드에서 무음으로 알림만 뜨게 할수있었는데 막힘. 충돌이 생긴듯. 3. 전화시 알림안옮,android,non-title,
https://play-lh.googleusercontent.com/Ob9Ys8yKMeyKzZvl3cB9JNSTui1lJwjSKD60IVYnlvU2DsahysGENJE-txiRIW9_72Vd=s180-rw,카카오톡 KakaoTalk,이시윤,2022-03-13,5,0,😁😮👍✨❇🌠🗻💍💎🌌👑💵💴💶💷💸💱🎆🎇🎁🎂🎀🎄🎉🎊🎍🎆🎇,android,non-title,
https://play-lh.googleusercontent.com/Ob9Ys8yKMeyKzZvl3cB9JNSTui1lJwjSKD60IVYnlvU2DsahysGENJE-txiRIW9_72Vd=s180-rw,카카오톡 KakaoTalk,SHA NA,2022-03-13,3,6,"단톡채팅방에 영상통화기능이 생겨좋지만 왜 있는지 모르겠습니다 아니 영상통화하면 저만 자꾸 끊어지고 저만 영상통화못하고 그리고 배경화면을 할수있게 만들었는데 전 못한다고 나오네요,,,,? 왜 있는거죠? 제발 고쳐주세요!!",android,non-title,
https://play-lh.googleusercontent.com/Ob9Ys8yKMeyKzZvl3cB9JNSTui1lJwjSKD60IVYnlvU2DsahysGENJE-txiRIW9_72Vd=s180-rw,카카오톡 KakaoTalk,임동혁,2022-03-13,5,0,국민앱..굿입니다.ㅋㅋ,android,non-title,
https://play-lh.googleusercontent.com/Ob9Ys8yKMeyKzZvl3cB9JNSTui1lJwjSKD60IVYnlvU2DsahysGENJE-txiRIW9_72Vd=s180-rw,카카오톡 KakaoTalk,이영호,2022-03-13,5,0,유익한정보가많이이습니다,android,non-title,
https://play-lh.googleusercontent.com/Ob9Ys8yKMeyKzZvl3cB9JNSTui1lJwjSKD60IVYnlvU2DsahysGENJE-txiRIW9_72Vd=s180-rw,카카오톡 KakaoTalk,개처럼차카게살자,2022-03-13,5,0,좋아,android,non-title,
https://play-lh.googleusercontent.com/Ob9Ys8yKMeyKzZvl3cB9JNSTui1lJwjSKD60IVYnlvU2DsahysGENJE-txiRIW9_72Vd=s180-rw,카카오톡 KakaoTalk,송주신,2022-03-13,5,0,좋아,android,non-title,
https://play-lh.googleusercontent.com/Ob9Ys8yKMeyKzZvl3cB9JNSTui1lJwjSKD60IVYnlvU2DsahysGENJE-txiRIW9_72Vd=s180-rw,카카오톡 KakaoTalk,김태돈,2022-03-13,2,0,사랑,android,non-title,
https://play-lh.googleusercontent.com/Ob9Ys8yKMeyKzZvl3cB9JNSTui1lJwjSKD60IVYnlvU2DsahysGENJE-txiRIW9_72Vd=s180-rw,카카오톡 KakaoTalk,김단미,2022-03-13,5,0,다 좋은데 갑자기 프필편집이 안되네용...;; 딴건 다 좋아요 와파 잘 통하긴 하는뎅..기기문제 일수도 있느니 4점 드리고 갑니당 으악 갑자기 리뷰 쓰니까 되네용ㅋㅋ 감삼다ㅏㅏ,android,non-title,
https://play-lh.googleusercontent.com/Ob9Ys8yKMeyKzZvl3cB9JNSTui1lJwjSKD60IVYnlvU2DsahysGENJE-txiRIW9_72Vd=s180-rw,카카오톡 KakaoTalk,지훈,2022-03-13,1,0,이거 완전 미ㅊ놈들이네 확인 메세지 주지도 않았으면서 발급 횟수 지났다고 24시간 뒤에 하래!,android,non-title,
https://play-lh.googleusercontent.com/Ob9Ys8yKMeyKzZvl3cB9JNSTui1lJwjSKD60IVYnlvU2DsahysGENJE-txiRIW9_72Vd=s180-rw,카카오톡 KakaoTalk,서유성,2022-03-13,5,0,최고,android,non-title,
https://play-lh.googleusercontent.com/Ob9Ys8yKMeyKzZvl3cB9JNSTui1lJwjSKD60IVYnlvU2DsahysGENJE-txiRIW9_72Vd=s180-rw,카카오톡 KakaoTalk,jin hee son,2022-03-13,1,147,"일반전화는 전화못받는 상황이거나 받기싫은 전화는 음량조절버튼 누른다던지 해서 전화벨소리만 끌수있는데 보이스톡, 페이스톡은 그기능이 없나요? 매번 상대가 끊을때까지 다 듣고 있어야 하는데 너무 짜증이 납니다 벨소리라도 바꿀수 있음 무음 설정이라도 하겠는데 제발 개선좀 해주세요",android,non-title,
https://play-lh.googleusercontent.com/Ob9Ys8yKMeyKzZvl3cB9JNSTui1lJwjSKD60IVYnlvU2DsahysGENJE-txiRIW9_72Vd=s180-rw,카카오톡 KakaoTalk,윤석인,2022-03-13,5,0,편리해서 좋아요,android,non-title,
https://play-lh.googleusercontent.com/Ob9Ys8yKMeyKzZvl3cB9JNSTui1lJwjSKD60IVYnlvU2DsahysGENJE-txiRIW9_72Vd=s180-rw,카카오톡 KakaoTalk,박영숙,2022-03-12,5,0,사용하지 않고 있습니다... 저장공간 부족이라고 자꾸 속도가 느려집니다...,android,non-title,
https://play-lh.googleusercontent.com/Ob9Ys8yKMeyKzZvl3cB9JNSTui1lJwjSKD60IVYnlvU2DsahysGENJE-txiRIW9_72Vd=s180-rw,카카오톡 KakaoTalk,박상원,2022-03-12,5,0,그런데로 괜찮음,android,non-title,
https://play-lh.googleusercontent.com/Ob9Ys8yKMeyKzZvl3cB9JNSTui1lJwjSKD60IVYnlvU2DsahysGENJE-txiRIW9_72Vd=s180-rw,카카오톡 KakaoTalk,Peter Parker,2022-03-12,3,0,오픈채팅방에서 글자 클릭해서 바로 검색하는기능 다시 만들어주세요,android,non-title,
https://play-lh.googleusercontent.com/Ob9Ys8yKMeyKzZvl3cB9JNSTui1lJwjSKD60IVYnlvU2DsahysGENJE-txiRIW9_72Vd=s180-rw,카카오톡 KakaoTalk,李觀熙,2022-03-12,5,0,평화롭게,android,non-title,
https://play-lh.googleusercontent.com/Ob9Ys8yKMeyKzZvl3cB9JNSTui1lJwjSKD60IVYnlvU2DsahysGENJE-txiRIW9_72Vd=s180-rw,카카오톡 KakaoTalk,주장미,2022-03-12,5,0,친구에게 편하게 안부전함,android,non-title,
https://play-lh.googleusercontent.com/Ob9Ys8yKMeyKzZvl3cB9JNSTui1lJwjSKD60IVYnlvU2DsahysGENJE-txiRIW9_72Vd=s180-rw,카카오톡 KakaoTalk,유리.,2022-03-12,2,0,카카오톡 오픈 프로필 최대 3개는 너무 적어요 더 늘려주세요..,android,non-title,
https://play-lh.googleusercontent.com/Ob9Ys8yKMeyKzZvl3cB9JNSTui1lJwjSKD60IVYnlvU2DsahysGENJE-txiRIW9_72Vd=s180-rw,카카오톡 KakaoTalk,최홍식,2022-03-12,1,0,업뎃이 너무 느리게 되고 카톡에 오류가 자꾸 나요ㅜㅜ,android,non-title,
https://play-lh.googleusercontent.com/Ob9Ys8yKMeyKzZvl3cB9JNSTui1lJwjSKD60IVYnlvU2DsahysGENJE-txiRIW9_72Vd=s180-rw,카카오톡 KakaoTalk,ᅵᅵ,2022-03-12,1,0,갑자기 잘 사용하고 있는데 이모티콘을 쓰려고하니까 아랫쪽으로 쏠려서 쓰기가 불편합니다... 얼마전까지만 해도 안그랬는데,android,non-title,
https://play-lh.googleusercontent.com/Ob9Ys8yKMeyKzZvl3cB9JNSTui1lJwjSKD60IVYnlvU2DsahysGENJE-txiRIW9_72Vd=s180-rw,카카오톡 KakaoTalk,박미영,2022-03-12,1,0,인증초과 걸려서 별루네요 카톡도못 하네요,android,non-title,
https://play-lh.googleusercontent.com/Ob9Ys8yKMeyKzZvl3cB9JNSTui1lJwjSKD60IVYnlvU2DsahysGENJE-txiRIW9_72Vd=s180-rw,카카오톡 KakaoTalk,박효진,2022-03-12,4,0,카카오톡 메시지가 버그걸릴때가 있구 차단안한 친구가 차단되었다는 말이뜨네여ㅠㅠ,android,non-title,
https://play-lh.googleusercontent.com/Ob9Ys8yKMeyKzZvl3cB9JNSTui1lJwjSKD60IVYnlvU2DsahysGENJE-txiRIW9_72Vd=s180-rw,카카오톡 KakaoTalk,김아 진,2022-03-12,4,0,삼성폰에도 글씨체 바꾸는게 있었으면 좋겠어요ㅠㅠㅠㅠ,android,non-title,
https://play-lh.googleusercontent.com/Ob9Ys8yKMeyKzZvl3cB9JNSTui1lJwjSKD60IVYnlvU2DsahysGENJE-txiRIW9_72Vd=s180-rw,카카오톡 KakaoTalk,지역화폐,2022-03-12,1,0,최신버전 업뎃하면서 사용자테마가 안뜨네요 구버전 다운그레이드 해야겠어요,android,non-title,
https://play-lh.googleusercontent.com/Ob9Ys8yKMeyKzZvl3cB9JNSTui1lJwjSKD60IVYnlvU2DsahysGENJE-txiRIW9_72Vd=s180-rw,카카오톡 KakaoTalk,구슬,2022-03-12,5,0,저 계정을 이상한 사람한테 계정을 빼앗겨서 못쓰는데 어떡해요?? 복구 안되나요?? 살ㄹ려주세요 복구 안돼요??,android,non-title,
https://play-lh.googleusercontent.com/Ob9Ys8yKMeyKzZvl3cB9JNSTui1lJwjSKD60IVYnlvU2DsahysGENJE-txiRIW9_72Vd=s180-rw,카카오톡 KakaoTalk,내사랑길,2022-03-12,5,0,톡굿,android,non-title,
https://play-lh.googleusercontent.com/Ob9Ys8yKMeyKzZvl3cB9JNSTui1lJwjSKD60IVYnlvU2DsahysGENJE-txiRIW9_72Vd=s180-rw,카카오톡 KakaoTalk,박다영,2022-03-12,3,0,"카카오톡 선물하기 '랭킹' 카테고리 예전처럼 바꿔주세요. 후기 랭킹이 궁금한 게 아니라, 정말 선물 랭킹이 궁금해요. 후기를 보고 말고는 제가 선택하는 건데 후기로만 채워져있어서 진짜 보기 불편합니다.",android,non-title,
https://play-lh.googleusercontent.com/Ob9Ys8yKMeyKzZvl3cB9JNSTui1lJwjSKD60IVYnlvU2DsahysGENJE-txiRIW9_72Vd=s180-rw,카카오톡 KakaoTalk,es j,2022-03-12,4,1,이번 업뎃이후 너무 불편해서 리뷰 처음 남겨보네요ㅠㅠ 워치에서 마지막 하나만 보이는거 정말 너무너무너무 불편합니다..... 앞내용 보이는걸로 다시 돌아가고싶어요ㅠㅠ 항상 잘 사용하고있습니다 감사합니다,android,non-title,
https://play-lh.googleusercontent.com/Ob9Ys8yKMeyKzZvl3cB9JNSTui1lJwjSKD60IVYnlvU2DsahysGENJE-txiRIW9_72Vd=s180-rw,카카오톡 KakaoTalk,유서우,2022-03-12,5,0,꾸며둔 프로필 저장기능이 생겼으면 좋겠어요! 열심히 꾸몄는데 바꿨다가 다시 이전에 꾸며둔게 하고싶으면 바로바로 바꿀 수 있게!!🙌 편리할거 같아요~,android,non-title,
https://play-lh.googleusercontent.com/Ob9Ys8yKMeyKzZvl3cB9JNSTui1lJwjSKD60IVYnlvU2DsahysGENJE-txiRIW9_72Vd=s180-rw,카카오톡 KakaoTalk,Wonpyo Kim,2022-03-12,1,3,"LINE 처럼 채팅,보이스톡,송금기능만 넣은 가벼운 버전 내놓을 생각은 없나요?",android,non-title,
https://play-lh.googleusercontent.com/Ob9Ys8yKMeyKzZvl3cB9JNSTui1lJwjSKD60IVYnlvU2DsahysGENJE-txiRIW9_72Vd=s180-rw,카카오톡 KakaoTalk,손현정,2022-03-12,3,3,차단친구 관리에서 친구목록 삭제되면서 차단도 지속되게 해주세요. 삭제해도 제 기록 안뜨게,android,non-title,
https://play-lh.googleusercontent.com/Ob9Ys8yKMeyKzZvl3cB9JNSTui1lJwjSKD60IVYnlvU2DsahysGENJE-txiRIW9_72Vd=s180-rw,카카오톡 KakaoTalk,배민슬,2022-03-12,5,0,"팀채팅 만들어주셔서 진짜 감사합니다!!! 🥺🥰🥰 근데 하나 원하는점이 있어요. 그 팀채팅에 음성. 즉 보이스톡을 조금 업그레이드 됐으면 좋겠어요.. 방장이 원하는 상대를 음소거를 시킬수 있게 해주세요. 그리고 또. 이건 모든 보이스톡에 해당되는거긴 한데 화면공유 만들어주실수있나요? 🥺 그리고 또 다른건, 팀채팅에 부방장 만들어 주실수있나요...? 진짜 전부 좋은데 이 세가지만 있으면 진짜 너무 좋을거 같아요. 제 리뷰 봐줘서 감사하구, 사랑해요!!",android,non-title,
https://play-lh.googleusercontent.com/Ob9Ys8yKMeyKzZvl3cB9JNSTui1lJwjSKD60IVYnlvU2DsahysGENJE-txiRIW9_72Vd=s180-rw,카카오톡 KakaoTalk,coco,2022-03-12,5,0,제발 음성메세지좀 원래대로 돌려주세요ㅠㅠㅠ 딴거 안바라니까 제발ㅠ,android,non-title,
https://play-lh.googleusercontent.com/Ob9Ys8yKMeyKzZvl3cB9JNSTui1lJwjSKD60IVYnlvU2DsahysGENJE-txiRIW9_72Vd=s180-rw,카카오톡 KakaoTalk,조기훈,2022-03-12,5,0,캘린더가 조금만더 보기좋게 변했으면 합니다. 통으로 달력이 나오는데 달력을 조금 줄이고 밑부분에 그날 일정 다음날 일정 같은게 보였으면 해요 위젯도 조금 다양했으면 더 좋겠습니다.,android,non-title,
https://play-lh.googleusercontent.com/Ob9Ys8yKMeyKzZvl3cB9JNSTui1lJwjSKD60IVYnlvU2DsahysGENJE-txiRIW9_72Vd=s180-rw,카카오톡 KakaoTalk,김그린,2022-03-12,4,0,나머지는 다 좋은데..오픈채팅이 임시중단이 되었어요 어떡하죠?,android,non-title,
https://play-lh.googleusercontent.com/Ob9Ys8yKMeyKzZvl3cB9JNSTui1lJwjSKD60IVYnlvU2DsahysGENJE-txiRIW9_72Vd=s180-rw,카카오톡 KakaoTalk,고석균,2022-03-12,5,0,딴건 다 좋은데 메세지를 삭제할때 나에게서만 삭제 시간을 5분으로 하면 너무 짧은것같아요 그냥 시간제한 없이 다 지울수 있게 만들어주시면 안될까요?,android,non-title,
https://play-lh.googleusercontent.com/Ob9Ys8yKMeyKzZvl3cB9JNSTui1lJwjSKD60IVYnlvU2DsahysGENJE-txiRIW9_72Vd=s180-rw,카카오톡 KakaoTalk,김유니 톡톡이,2022-03-12,1,65,친구랑 통화할때 계속 끊겨요ㅠㅠ 친구가 않끊었다고해서 친구폰으로 잠깐 실험했는데 진짜 자동으로 끊어짐ㅠㅠ 나만 그런가요? 무료라서 싸구려인가요? 저만 그런가요? 폰산지 반년도 안됐는데 버그좀 고쳐줘요 버그 안고쳐주실거면 7일안에 답변좀 해주시고 고쳐주실거면 답변 해주지않아도 되요,android,non-title,
https://play-lh.googleusercontent.com/Ob9Ys8yKMeyKzZvl3cB9JNSTui1lJwjSKD60IVYnlvU2DsahysGENJE-txiRIW9_72Vd=s180-rw,카카오톡 KakaoTalk,유경열,2022-03-12,5,0,좋아요,android,non-title,
https://play-lh.googleusercontent.com/Ob9Ys8yKMeyKzZvl3cB9JNSTui1lJwjSKD60IVYnlvU2DsahysGENJE-txiRIW9_72Vd=s180-rw,카카오톡 KakaoTalk,박철규,2022-03-12,5,0,코로나시대 비대면인간관계 맺기에 아주좋아요.!!,android,non-title,
https://play-lh.googleusercontent.com/Ob9Ys8yKMeyKzZvl3cB9JNSTui1lJwjSKD60IVYnlvU2DsahysGENJE-txiRIW9_72Vd=s180-rw,카카오톡 KakaoTalk,응응,2022-03-12,4,0,톡이 위에 내려서 열어서 읽음 누르면 네트워크가 이상하다 뜨고 보이스톡과 페이스톡이 화면에 뜨지 않아요 고쳐주세요ㅠㅠ,android,non-title,
https://play-lh.googleusercontent.com/Ob9Ys8yKMeyKzZvl3cB9JNSTui1lJwjSKD60IVYnlvU2DsahysGENJE-txiRIW9_72Vd=s180-rw,카카오톡 KakaoTalk,치김,2022-03-12,3,0,다 좋은데 이모티콘 월 3900원 내고 쓰는거 사려고 아빠한테 얘기해서 결제하려했는데 만14세이하는 안된다고 뜨길래 아빠껄로하니까 아빠계정있다고 뜨고.. 그래서 못 샀습니다.. 사려고해도 못사니까 너무 짜증나네요.. 다른건 다 좋은데..,android,non-title,
https://play-lh.googleusercontent.com/Ob9Ys8yKMeyKzZvl3cB9JNSTui1lJwjSKD60IVYnlvU2DsahysGENJE-txiRIW9_72Vd=s180-rw,카카오톡 KakaoTalk,김건두,2022-03-12,5,0,사용하기 편하고 좋습니다. 69세 나이에도 너무 쉽고 좋습니다.,android,non-title,
https://play-lh.googleusercontent.com/Ob9Ys8yKMeyKzZvl3cB9JNSTui1lJwjSKD60IVYnlvU2DsahysGENJE-txiRIW9_72Vd=s180-rw,카카오톡 KakaoTalk,카카오피들스틱,2022-03-12,1,0,아무것도 한거도없는데 정지는 왜계속당하냐? 사유도 제대로 말 안해주고 진짜,android,non-title,
https://play-lh.googleusercontent.com/Ob9Ys8yKMeyKzZvl3cB9JNSTui1lJwjSKD60IVYnlvU2DsahysGENJE-txiRIW9_72Vd=s180-rw,카카오톡 KakaoTalk,LEE JACOB,2022-03-12,3,0,7시 🕖ㄱ6ㄱㅅ3,android,non-title,
https://play-lh.googleusercontent.com/Ob9Ys8yKMeyKzZvl3cB9JNSTui1lJwjSKD60IVYnlvU2DsahysGENJE-txiRIW9_72Vd=s180-rw,카카오톡 KakaoTalk,장동준,2022-03-12,5,0,카톡이 있으면 편리하고 빅접 안전해도 미치 알릴수 있어서 추천합니다,android,non-title,
https://play-lh.googleusercontent.com/Ob9Ys8yKMeyKzZvl3cB9JNSTui1lJwjSKD60IVYnlvU2DsahysGENJE-txiRIW9_72Vd=s180-rw,카카오톡 KakaoTalk,인행,2022-03-12,4,1,다 좋은데 중요한 대화에서 오타나서 삭제된 메세지 입니다라고 뜨는것보다 수정할수 있으면 훨씬 좋을것 같아요. 그리고 노래를 처음부분 아님 중간 부분 나눴으면 좋겠어요ㅜㅠㅜㅜ 노래 처음부분보다 중간부분울 들었으면 좋겠는데 중간부분 나올려고 할때 딱 노래가 끝나버려서 아쉬워요 물론 제가 멜론을 사면 되지만 바뀌었음 좋겠네요.,android,non-title,
https://play-lh.googleusercontent.com/Ob9Ys8yKMeyKzZvl3cB9JNSTui1lJwjSKD60IVYnlvU2DsahysGENJE-txiRIW9_72Vd=s180-rw,카카오톡 KakaoTalk,종클,2022-03-12,1,4,갤워치3 마지막 카톡 내용만 보임. 빨리 업데이트 해라.,android,non-title,
https://play-lh.googleusercontent.com/Ob9Ys8yKMeyKzZvl3cB9JNSTui1lJwjSKD60IVYnlvU2DsahysGENJE-txiRIW9_72Vd=s180-rw,카카오톡 KakaoTalk,이남자,2022-03-12,1,0,잠금화면 비번 까먹었는데 비번찾기 기능좀 만들어주세요 지금 까먹어서 고생하고 있는데...,android,non-title,
https://play-lh.googleusercontent.com/Ob9Ys8yKMeyKzZvl3cB9JNSTui1lJwjSKD60IVYnlvU2DsahysGENJE-txiRIW9_72Vd=s180-rw,카카오톡 KakaoTalk,송주원,2022-03-12,5,0,👍,android,non-title,
https://play-lh.googleusercontent.com/Ob9Ys8yKMeyKzZvl3cB9JNSTui1lJwjSKD60IVYnlvU2DsahysGENJE-txiRIW9_72Vd=s180-rw,카카오톡 KakaoTalk,sk_ Ahn,2022-03-12,1,1,뷰기능이 너무 복잡해졋고 이전#이 더나은거같네요 뷰를 수정해서 간결하게하든 #을 되돌리는게.. 그리고 오픈채팅방 숨기는 기능잇음 좋을거 같네요.,android,non-title,
https://play-lh.googleusercontent.com/Ob9Ys8yKMeyKzZvl3cB9JNSTui1lJwjSKD60IVYnlvU2DsahysGENJE-txiRIW9_72Vd=s180-rw,카카오톡 KakaoTalk,오뚝이,2022-03-12,5,0,다 좋아여!근데 디데이를 설정할수 있는 갯수를 조금만 늘려줬음 조켓네여!,android,non-title,
https://play-lh.googleusercontent.com/Ob9Ys8yKMeyKzZvl3cB9JNSTui1lJwjSKD60IVYnlvU2DsahysGENJE-txiRIW9_72Vd=s180-rw,카카오톡 KakaoTalk,beeen,2022-03-12,3,398,"갑자기 언제부턴가 카톡알림이 안옵니다 . 초기화, 다시깔기, 재부팅 등 할수있는건 다 해봤는데 알림이 절대 안와요. 폰에서 알림을 켜고 워치착용중에는 워치에서 알림받기 설정을 해놔도 절대!!!!절대!!!!!!!진동이 안와요ㅠㅠ 답답해서 돌아버리겠습니다 제꺼만 오류가난건지 모르겠지만 빨리 해결방법좀 알려주세요ㅠㅠ 부탁드립니다😭",android,non-title,
https://play-lh.googleusercontent.com/Ob9Ys8yKMeyKzZvl3cB9JNSTui1lJwjSKD60IVYnlvU2DsahysGENJE-txiRIW9_72Vd=s180-rw,카카오톡 KakaoTalk,로젤어 tv,2022-03-12,1,0,참나 이런앱을 봤나 참 진짜 어이가 없어서 말이안나오네 로그인하려고 인증번호 받기 눌렀는데 인증번호가 안와 그래서 몇번 다시 해봤는데 24시간 뒤에 하래 ㅋㅋ 어이가 없네 일 제대로 하세요,android,non-title,
https://play-lh.googleusercontent.com/Ob9Ys8yKMeyKzZvl3cB9JNSTui1lJwjSKD60IVYnlvU2DsahysGENJE-txiRIW9_72Vd=s180-rw,카카오톡 KakaoTalk,김해연,2022-03-12,5,0,잘쓰고 있습니니다~~~^^,android,non-title,
