APP_NAME,USER,DATE,STAR,LIKE,COMMENT,OS
B612 Camera&Photo/Video Editor,kk.eell,2022-04-02 23:48:46+09:00,1,0,기껏 다 보정하고 저장하려는데 버퍼링 걸리더니 저장도 안되고 튕기기만 세번째 하.....,ios
B612 Camera&Photo/Video Editor,ㅇ홑ㅁㅅㅎㅊ,2022-04-01 15:36:18+09:00,5,0,ㅎ,ios
B612 Camera&Photo/Video Editor,Daaaafgte,2022-03-29 21:33:26+09:00,3,0,앱 켜는 데도 한참 걸리고 사진 찍는 것도 너무 오래 걸리네요,ios
B612 Camera&Photo/Video Editor,화가난마카롱,2022-03-28 23:48:46+09:00,1,0,갑자기 소리가 나네요 업데이트 할때마다 이상해지니 참.. 그냥 다른 어플로 넘어갈게요.,ios
B612 Camera&Photo/Video Editor,아이폰유저938266,2022-03-20 21:06:19+09:00,3,0,"몇년동안 애정하는 카메라앱이었는데, 어플 킬 때&찍을 때 중간중간 나오는 광고가 너무 길어서 사진 찍을 때 너무 방해돼요. 이만 다른 앱으로 넘어갑니다.. 총총...",ios
B612 Camera&Photo/Video Editor,석나나,2022-03-11 21:14:21+09:00,3,0,"어플 누르면 카메라가 한참 이따가 뜨네요... 드디어 정착한 카메라 어플이라 생각 했는데..... 지웁니다ㅜㅜ 그동안 고마웠슴,,,",ios
B612 Camera&Photo/Video Editor,연두둥2,2022-03-10 13:52:26+09:00,3,0,저장을 하려고하면 왜 자꾸 빙글빙글 돌고 저장이 안되네요 같은 작업만 다섯번 남게했어요.. 계속 그러네요 계속 강제로 껏다가 켜고 반복중이에요,ios
B612 Camera&Photo/Video Editor,아름아름패션,2022-03-05 19:33:03+09:00,5,0,재미있는 스티커도 많고 예쁜 스티커도 많아서 좋습니다 ㅎㅎ,ios
B612 Camera&Photo/Video Editor,100마리,2022-02-27 20:42:26+09:00,4,0,Cartoon 업뎃후 2d만화로 찍는 기능이 없어져서 ㅠㅠ. 제가 만화 사진을 만들고 있는데 작업 중지가 됐어요. 제발 만화 기능 다시 복구해주세요. 심각합니다. Please~~~~,ios
B612 Camera&Photo/Video Editor,라미25,2022-02-22 12:37:28+09:00,1,0,광고 좀 작작 넣으세요,ios
B612 Camera&Photo/Video Editor,Boxlog,2022-02-16 11:15:28+09:00,1,0,아이패드에서 저장서 더보기 눌렀을때 오류납니다.,ios
B612 Camera&Photo/Video Editor,냥이시아,2022-02-14 19:20:15+09:00,3,0,급하게 찍으려고 켜면 광고때문에 기다려야되고 한 세네장 더 찍으면 카메라 버튼쪽에 광고튀어나와서 너무 불편해요 그리고 언더속눈썹이 점막 아래 생기는게 아니라 애교살 밑에생겨서 징그러워요,ios
B612 Camera&Photo/Video Editor,이런 부탁 들어주게용,2022-02-10 06:42:50+09:00,5,0,굳굳🥇🥇🥇,ios
B612 Camera&Photo/Video Editor,밤하늘에나,2022-02-09 17:27:36+09:00,5,0,나중에 SNS에 올리게요.,ios
B612 Camera&Photo/Video Editor,ㅇㅇ완전귣,2022-02-08 08:47:29+09:00,1,0,잘 사용하고 있는데 점점 앱이 무거워짐 이것만 키면 배터리 쭉쭉 달음 그리고 사진찍는데 가운데 밑에 뭐 있어서 광고인가? 신경쓰여서 짜증남 왜 그런게 거기 있어야하는지 그런걸 만들었는지 이해가 안감 차라리 지우고 다른 앱 사용하는게 나을듯,ios
B612 Camera&Photo/Video Editor,루데팝,2022-02-07 16:21:09+09:00,5,0,어차피 리뷰 보시지도 않으시는거 같아도 이거 진짜 너무 별로에요. 원래 이 앱 이쁜 필터도 많이 있고 좋아서 이용했는데 갑자기 업데이트 하더니 이상한 기능만 생기고 너무 불편해요;; 그리고 필터 만드는 기능 보면 카피도 그렇고 저작권 있는데 사진 가져가서 쓰시는 분 너무 많아요. 그리고 이 앱만 쓰면 발열 진짜 너무 심해요. 이제 아무도 이 앱 촌스러워서 안써요 개발자님 제발 좀 보세요!!,ios
B612 Camera&Photo/Video Editor,jiyounan,2022-02-06 21:33:11+09:00,2,0,Tại sao không xoá được âm lượng khi chụp ảnh,ios
B612 Camera&Photo/Video Editor,쁘띠옐,2022-02-06 16:44:04+09:00,5,0,좋습니다! 가끔 렉이 걸리기도 하지만 그래도 좋은 것 같아욤(❁ᴗ͈ˬᴗ͈)⁾⁾⁾,ios
B612 Camera&Photo/Video Editor,부링둥이,2022-02-06 09:15:59+09:00,1,0,비육21편집하고나서 사진이잘안나와요 고처주세요되게불편해요 북탁드립니다,ios
B612 Camera&Photo/Video Editor,키네마스터 짱,2022-02-04 16:09:54+09:00,3,0,아니 요즘 개인이 스티커 업로드해서 그거 딴사람들이 쓰는 그거 있잖아요. 거기서 일부 몇명이 지 트위터처럼 욕쓰고 이유없이 신고하는데 그런 욕 쓰는사람들 왜 안잡나요??,ios
B612 Camera&Photo/Video Editor,그풀70,2022-02-03 17:06:00+09:00,1,0,무료로 쓰는 주제에 이런 불평은 주제넘지만 카메라어플을 키는 과정에서 광고는 너무 한거 같습니다,ios
B612 Camera&Photo/Video Editor,눈꽃❄️,2022-01-25 20:17:09+09:00,1,0,아니 스티커가안보이고 너무느려요,ios
B612 Camera&Photo/Video Editor,유명한 말티즈,2022-01-25 14:21:41+09:00,3,0,제가 정말 제 핸드폰으로 필터를 만들고 싶은데 가입때문에 안돼요,ios
B612 Camera&Photo/Video Editor,나비야💗,2022-01-23 18:35:24+09:00,5,0,너무 좋아요 추천! 나의 진정한 게임!,ios
B612 Camera&Photo/Video Editor,초창기뚝심유저,2022-01-22 02:02:00+09:00,3,0,"2014?쯤 이 앱 처음 나왔을때부터 쭉 이거 하나만 쓰고 있어요. 그만큼 앱 퀄리티에 만족하는 이용자인데, 요즘 사진찍으려고 킬 때마다 5-6초 광고를 봐야하니 찍어야 할 순간을 놓치고 말아서 속상하고 화나요. 그래서 오히려 기본캠에 손이 더 자주가고, 다른앱 알아볼까 생각도 듭니다. 사업이니 당연히 수익이 중요하지만, 이 앱의 정체성은 카메라고, 순간을 담기위한 앱이라는거 기억해주세요. 광고 뜨는 타이밍을 바꿔주시던지, 아님 유료버전을 따로 내주세요. 정말 진심으로 차라리 유료버전 따로 내주시면 구매의향 95% 있습니다.",ios
B612 Camera&Photo/Video Editor,이름 없따,2022-01-19 15:58:32+09:00,4,0,사진을 게속 찍을때마다 폰이 계속 꺼져요 업데이트도 아니였구요 ㅠㅠㅠ 이것만 고치면 진짜진찌 좋을것 깉아요 이거 고치면 별점 5개는 당근이죠,ios
B612 Camera&Photo/Video Editor,우히히해히힣힣,2022-01-18 22:14:03+09:00,3,0,"잘 쓰고 있는데 글케 ㅁ막 화질이 좋진 않네여,,💙",ios
B612 Camera&Photo/Video Editor,ㅇㅇㅇㅇㅇㅇㅇ옹ㅇㅇㅇ,2022-01-18 07:18:05+09:00,5,0,분명 찍었는데 사진첩에 안들어가있네요. 자동저장 맞구요 어쩐지 여행가서도 사진이 반토막 나있던데 이래서인가봐요 ㅋ,ios
B612 Camera&Photo/Video Editor,tntntntnwls,2022-01-14 10:16:43+09:00,2,0,제 최애 앱중 하나인데  이번에 업글 하고나서 사진찍으면 잠깐멈췄다가 꺼져요..... 앱이 꺼져요  삭제후 다시 받아도 똑같은데 왜그럴까요,ios
B612 Camera&Photo/Video Editor,첡빇퐢,2022-01-14 08:15:50+09:00,1,0,"아니,,,광고 좀 작작해 광고만 없으면 진짜 별5개 주고도 남을 일이다 어이없네 걍 망해 버려라ㅋㅋㅋㅋ 아 0개 주고 싶은데 특별이 1개 준닼ㅋㅋㅋ 고마워는 안해도 되고 광고만 없게 해줘ㅈㅂ 너는 1점리뷰는 무시하고ㅋㅋㅋ 너희 한테 도움되는 5점리뷰만 보냨ㅋㅋㅋ 바보들아 빨리 광고좀ㅡㅡㅡ 제거해ㅈ",ios
B612 Camera&Photo/Video Editor,qkqhekd,2022-01-13 12:24:10+09:00,5,0,검은색 강아지들은 얼굴인식이 안되서 속상해요ㅠㅜ 제발 검은댕댕이들도 인식되게 해주세오😭😭😭😭,ios
B612 Camera&Photo/Video Editor,real carrot🥕,2022-01-08 21:17:12+09:00,1,0,업뎃할수록 ㅂ맛..무슨 어플 켜자마자 광고를 5초나 때리는지ㅋㅋㅋ 빨리 찍어야되느넫ㅋㅋㅋㅋ 지움 ㅗ,ios
B612 Camera&Photo/Video Editor,워너블 쥬,2022-01-08 12:19:45+09:00,4,0,"앱을 잘 쓰고 있는 유저인데요, AR필터 (스티커) 기능을 쓸 때 셀카나 비디오를 바로 찍는 곳에서는 즐겨찾기 기능이 있어서 매우 편한데 편집에서는 즐겨찾기한 스티커들을 찾지 못해서 조금 불편해요ㅠㅠ 이 점만 수정해 주시면 너무 좋을 것 같습니다",ios
B612 Camera&Photo/Video Editor,호이호이우진,2022-01-06 04:48:17+09:00,1,1,유튜브처럼 10분 보는 것도 아니고 잠깐 켜서 쓰는 앱인데 6초 광고를 때리시네요 정말 대단하십니다,ios
B612 Camera&Photo/Video Editor,찐재미,2022-01-01 18:58:08+09:00,2,0,들어가자마자 튕기는데  하라는 건가 말라는 건가,ios
B612 Camera&Photo/Video Editor,람라마라나ㅏㄴ,2021-12-31 13:35:08+09:00,5,0,예전처럼 오른쪽에 밝기 조절바와 화면 누르면 사진 찍히게 말고 전면/후면 카메라로 변환 기능은 없어진건가요 ..? 그 두개가 업데이트 후에 사라져서 불편해요 ㅠㅠ,ios
B612 Camera&Photo/Video Editor,hanayou0907,2021-12-25 22:57:31+09:00,1,0,불루투스 리모컨이 안돼요,ios
B612 Camera&Photo/Video Editor,완전재미늠지은,2021-12-25 10:37:09+09:00,1,0,업댓하고 별로여서 안썼던 스노우랑 똑같아지고; 화질은 더 안좋아지고 효과도 안좋아지고... 사진찍는 반응도 느려졌네요. 다른 어플로 갈아타려고 알아보는중이에요. 업댓왜하신건지모르겠네요ㅡㅡ,ios
B612 Camera&Photo/Video Editor,란징,2021-12-24 20:43:23+09:00,1,0,광고를 넣는건 이해한답다만 급하게 사진찍으려고 앱 켜면 광고 6초.. 부터 기다림 몇장 찍고나면 또광고 나와서 버튼 잘못눌러 브라우저 켜지고..  좀 그렇더라고용 ㅠㅠ 사용성이 넘 별로라 전 여기까지만 사용하겟습니다,ios
B612 Camera&Photo/Video Editor,배꼽참기,2021-12-22 09:15:25+09:00,3,0,필터 만드는데 왜 자꾸 튕기죠? 열삼히만들면 튕기고 또 튕기고 진짜 짜증나네요 핸드폰도 넘 뜨겁네요,ios
B612 Camera&Photo/Video Editor,돌고래무지좋아,2021-12-20 17:06:17+09:00,5,0,진짜로 짱이에요! 보정도 되고.. 넘 좋아요!!,ios
B612 Camera&Photo/Video Editor,고쳐주게용,2021-12-20 08:21:59+09:00,2,0,아이폰 7 사용 중인데 몇달 전부터 저장이 전혀 안됩니다 ㅜ 다른 아이폰 7도 똑같구요 ㅜ,ios
B612 Camera&Photo/Video Editor,jeon singer,2021-12-17 16:25:29+09:00,3,0,광고떳을때 건너뛰기 5초 지나고 도 터치가 안먹어요ㅠ 카메라는 너무 좋은데 안넘어가져서 거의 못쓰고 있어요 아쉬워서 다른어플로 못넘어 가겠어요ㅠㅠ,ios
B612 Camera&Photo/Video Editor,박보라미,2021-12-15 01:09:23+09:00,5,0,일부러 전 버전이 좋아서 업데이트 안하고 꾸준히 사용하고 있는데 이번 ios 15 업데이트 하고나서 호환이 안 되는 건지 블랙 화면으로 있다 먹통이 되어 다운되버리네요..ㅠㅠ 저 같은 경우 b612 9.1.9 ver으로 사용 하고 있는데 ios 15도 가능하게끔 도와주시면 안 될까요..?,ios
B612 Camera&Photo/Video Editor,Anthonyv3v,2021-12-14 15:23:49+09:00,1,0,1. Lag problem  2. Sometimes cannot open the apps,ios
B612 Camera&Photo/Video Editor,파스타&제빵,2021-12-13 14:28:17+09:00,1,0,업데이트한후로 영상찍고난후 저장이 너무 느려서 바로 영상촬영을 못하고 놓치는경우가 많습니다 불편해죽겠네요,ios
B612 Camera&Photo/Video Editor,체뤼 뽀짝,2021-12-12 16:11:18+09:00,5,0,"안녕하세요 :)  B612를 사용하고 있는 유저 입니다. 최근 이 앱을 오랜만에 들어갔는데 계속 튕겨지더라고요,,, 제 기기가 고장난건지 다른 사람들도 그런건지 잘 모르겠어서 리뷰 써봅니다… 근데 진짜 이 앱 좋긴 좋아요 ㅎㅎ",ios
B612 Camera&Photo/Video Editor,1013지민,2021-12-11 20:01:20+09:00,5,0,"게임도 있고,재밌어요",ios
B612 Camera&Photo/Video Editor,복숭아야우,2021-12-11 16:30:01+09:00,2,0,어플 키면 바로 꺼져요 왜 이런거죠?,ios
B612 Camera&Photo/Video Editor,DAHECC,2021-12-11 14:16:49+09:00,1,0,iOS 13.6.1 입니다 앱 업데이트 후 실행 안됩니다 버그 고쳐주세요,ios
B612 Camera&Photo/Video Editor,25oo,2021-12-10 15:09:59+09:00,1,0,아이폰se2 사용중인데 누르면 바로 꺼져서 어플이 아예 열리지도 않습니다. 리뷰 보니까 이런지 꽤 시간 지난거 같은데 빠른 개선 부탁드립니다ㅠㅠ,ios
B612 Camera&Photo/Video Editor,최상전기밥솥,2021-12-09 20:11:32+09:00,1,0,사진찍을려도하면 화면이 안뜨고 앱 종료되요 왜이러죠? 아이폰 12인데요,ios
B612 Camera&Photo/Video Editor,빙육일,2021-12-09 09:52:57+09:00,2,0,정말 다 좋은데 어플 키자마자 광고가 뜨니까 급하게 사진 찍어야할때 너무 불편하네요ㅠㅠ 광고가 너무 늘어서 사용에 불편해요 ..... 개선좀 해주세요 ㅠㅠ 급하게  촬영 필요할때 정말 너무 불편합니다,ios
B612 Camera&Photo/Video Editor,seungsilver,2021-12-08 23:19:56+09:00,1,0,"아이폰11, Ios14입니다 확인 부탁드려요 앱이 아예 안켜지네요",ios
B612 Camera&Photo/Video Editor,로드뷰업글,2021-12-06 22:59:28+09:00,1,0,잘 쓰고 있었는데 이게 뭐냐고 ㅠ,ios
B612 Camera&Photo/Video Editor,소금아,2021-12-04 11:19:13+09:00,1,0,진짜 고칠생각 1도 없는거 같은ㄷ ㅔ 걍 내가 삭제하고 사람들한테 이 어플 쓰지말라 하는게 더 빠를듯 끄져라 븅신 비육신일들아~~~,ios
B612 Camera&Photo/Video Editor,심정_윤,2021-12-02 10:12:19+09:00,1,0,건너뛰기 5초 들어가는거 뭔가요  진짜 짜증낳정도  메인 광고 까진 이해했는데  시간 들어가는거 진짜 카메라 어플에는 별로인듯 불편해서 앞으로 안씀,ios
B612 Camera&Photo/Video Editor,어오듀라,2021-12-01 20:36:13+09:00,5,0,자동 저장 시에 필터가 안들어가는것 같아요!,ios
B612 Camera&Photo/Video Editor,ㄷㄹㅁㄴ,2021-11-30 10:02:17+09:00,1,0,8년 넘게 썼는데 삭제합니다,ios
B612 Camera&Photo/Video Editor,hdiehjdpeiwh,2021-11-28 13:55:03+09:00,1,0,삭제합니다,ios
B612 Camera&Photo/Video Editor,z찌블리,2021-11-28 08:52:17+09:00,4,0,"안녕하세요. 몇 년에 걸쳐 잘 쓰고 있는 사용자입니다. 하지만, 제가 아이폰 13pro (소프트웨어버전 15.0.2)로 업데이트 및 변경을 하면서 후면 카메라로 찍을 때마다 블러처리가 되며 찍히지 않는 상태가 되었습니다.  이 부분 테스트 해보시고 업데이트 부탁드립니다. 혹여나 테스트가 안될 시, 다시 깔면 되는지도 확인 부탁드립니다.",ios
B612 Camera&Photo/Video Editor,드라간,2021-11-24 18:05:57+09:00,4,0,잘되다가 계속 이러네요,ios
B612 Camera&Photo/Video Editor,ㅋㅋㅇㅋㄷㅋ,2021-11-23 18:15:21+09:00,3,0,보정하고 저장하려고하면  저장이 잘 안되요. 개선해주세요,ios
B612 Camera&Photo/Video Editor,늬아야좋구만유,2021-11-23 13:44:53+09:00,5,0,안녕하세요 음 B612 잘쓰고있긴한데요  이거 왜 스노우랑 똑같아요?(?),ios
B612 Camera&Photo/Video Editor,Hoo1023,2021-11-22 13:10:52+09:00,4,0,"소다앱과 달리 ISO, 조리개값, 노출도, 셔터 속도 등 카메라 정보가 전혀 저장되지 않습니다.",ios
B612 Camera&Photo/Video Editor,꽗뚫깹ㄹㅇ,2021-11-21 10:00:07+09:00,3,0,B612즐겨사용하고 있었는데요 보정하고있는데 중간에 갑자기 앱에서 나가지네요ㅜㅜ계속끊기고 계속 나가져요,ios
B612 Camera&Photo/Video Editor,angeryyyyyyyyyyu,2021-11-19 21:14:58+09:00,5,0,이거 동영상 완료 버튼은 누르고 화살표를 안눌렀더니 영상이 날아가버렸는데ㅠㅠ 어플자체에 기록은 안남아있겠죠....?ㅠㅠ 저장이 안되버리고 기본카메라 갔다가 돌아왔더니 아예 날아가 버렸어요ㅠㅠ,ios
B612 Camera&Photo/Video Editor,한끼밧데리,2021-11-18 15:54:46+09:00,1,0,선택하지도 않은 필터 그만 다운해라.,ios
B612 Camera&Photo/Video Editor,구름이☁︎︎,2021-11-17 19:09:58+09:00,5,0,기능들 다 좋고 광고도 무료 어플 치고 전 괜찮다고 생각하는데 렉이 너무 걸려서 사용에도 많이 지장이 가고 발열도 심해서 1분만 사용해도 발열이 진짜 심하고 렉과 발열로 사용이 힘들더라구요•• 어떻게 안될까요ㅠㅠ 지금은 들어가서 카메라만 켜도 자꾸 끊기고 버튼도 아예 안 눌리고 화면이 멈춰서 아무 것도 할 수가 없네요 기능들은 다 좋은데,ios
B612 Camera&Photo/Video Editor,오더ㅕㄷ,2021-11-16 09:02:09+09:00,5,0,메이크업이나 염색 타투 안 되는게 하나도 없음. 그냥 짱임,ios
B612 Camera&Photo/Video Editor,강수윤,2021-11-15 21:51:06+09:00,4,0,너무 좋아요 근데 조금 힘든 점이 바로 계속 하다 보면 자기 의 진짜 얼굴을 부정하게 되요.  하지만 우리는 모두 아름답습니다! 이것 때문에 절망 하지 맙시다!  아무튼 강추 배리배리 굿!!,ios
B612 Camera&Photo/Video Editor,기린의 친구,2021-11-12 20:03:14+09:00,5,0,이 앱은 정말 좋아요 솔직히 스노우 보다 더 좋은거 같아요!! 그래서 전 항상 b612를 사용 한답니다 친구랑 사진 찍을 때 빼고 항상 써요 근데 데이터 와이파이 없이도 사진이 랙 안 걸리고 잘 찍히면 좋겠어요 이 점 빼면 다 좋습니당,ios
B612 Camera&Photo/Video Editor,멍멍크르릉월월,2021-11-10 16:58:57+09:00,1,0,켤때마다 광고뜨는거 개짜증나고 ㅇ펙트 왜 지맘대로 설정되는지? 누르지도않았는데 지혼자 다운돼서 지우는것도 일임,ios
B612 Camera&Photo/Video Editor,백 지령햐너너,2021-11-07 22:01:51+09:00,4,0,사진 찍고 나서 사진 보면 자꾸 몇장씩은 어플적용이 안돼서 저장돼요. 계속 그러네요 리뷰 보니까 저만 그럼거 아니고 다른사람들도 그런거 같은데 고쳐주세요 ㅠ..,ios
B612 Camera&Photo/Video Editor,림둥둥쓰,2021-11-06 09:16:10+09:00,4,0,필터 안씌우고 그냥 보정만 해서 사진촬영을 하면 보정된 사진이 저장되는게 아니라 원본이 저장되는데 왜이런건가요? 자동저장을 안하면 괜찮은데 자동저장했을때 원본으로 저장되네요 ㅠ,ios
B612 Camera&Photo/Video Editor,요정오리,2021-11-03 17:06:24+09:00,1,0,안그래도 사진찍으려고 어플키면 광고 개빡치는데 업뎃이후로 30초짜리 광고도 나옴..ㅋ어이없네 스티커나 필터도 적용해서 사진찍으면 계속 꺼짐 아무래도 다른 어플 찾아봐야할듯,ios
B612 Camera&Photo/Video Editor,유종_의_미,2021-11-03 14:59:44+09:00,4,0,잘 쓰고있는데요 사진찍어둔거 확인할때보면 10장찍으면 한두장씩 필터 안입혀져있는 사진들이 있어요.,ios
B612 Camera&Photo/Video Editor,dnsndksos,2021-11-02 18:16:07+09:00,1,0,기본카메라는 문제없는데,ios
B612 Camera&Photo/Video Editor,유산균슈슈,2021-11-02 12:52:37+09:00,1,0,어플 한번 켤때마다 동영상 광고가 나오노ㅋㅋㅋㅋ 이럴거면 유료 출시 하라노😂,ios
B612 Camera&Photo/Video Editor,SARAH CSYSY,2021-11-02 09:41:38+09:00,4,0,"저만 그런건지,,스노우도 b612도 사진 저장이 안 됩니당ㅜㅜㅜㅜ평소에도 잘 막혔는데 오늘은 저장이 안돼요 용량때문인가 했는데 다른앱은 잘만돼요ㅜ",ios
B612 Camera&Photo/Video Editor,ㅓㅔㅐㅑ,2021-10-30 12:18:41+09:00,5,0,좋아요 퀄리티 굿,ios
B612 Camera&Photo/Video Editor,이채형 공주,2021-10-28 22:55:40+09:00,5,0,"아주아주 잘 쓰고있는 유저입니다! 제가 스티커를 좋아하는데 스티커가 좀 늦게 뜨고, 그리고 스티거 만들기가 네이버를 로그인 해야 되는데 저는 9살이여서 못해여 ㅠㅠ 10.2 13 버전으로 다시 돌려주세여ㅠㅠ 그럼 감사하니다!!! 꾸벅🙇🏻‍♀️",ios
B612 Camera&Photo/Video Editor,ㅎ하아니,2021-10-26 03:59:07+09:00,4,0,필터 몇가지가 사진보정할때 필터 적용이 안되요..내 최애 필터가..ㅠㅠ 안되다니.. 무슨 문제일까요??,ios
B612 Camera&Photo/Video Editor,🍟🍕🍗🍖🧇🥞🍲🍣,2021-10-22 20:14:25+09:00,1,0,왜 얼굴 보정이 안되는걸까요??? 아예 안먹어요.. 저만 그런건가요,ios
B612 Camera&Photo/Video Editor,Pray Miyer,2021-10-19 20:13:24+09:00,5,0,카메라어플중에 제일 무난하고 좋아요,ios
B612 Camera&Photo/Video Editor,징징이0122,2021-10-18 23:16:37+09:00,3,0,광고가 뜨는 건 어쩔 수 없지만 자꾸 건너뛰기 눌러도 ㅠ 광고 클릭돼서 너무 답답하고 그렇네요.. 버튼을 좀 키워주세요... 화만 나는 것 같아요!,ios
B612 Camera&Photo/Video Editor,어더더ㅗ츄쳐뎌ㅓㄹ,2021-10-17 18:53:07+09:00,1,0,아니 적어도 찍고 싶은 순간에 바로 찍을 순 있게 해줘야 하는거 아닌가 갈수록 과해지는 광고질에 지쳐서 다른 어플 알아보러 감 ㅅㄱ,ios
B612 Camera&Photo/Video Editor,ㅎ오ㅗ오ㅗ언ㄴ,2021-10-17 12:16:17+09:00,3,0,"사진도 이쁘게 잘나오고 찍는데 재가 있네요  이 어플 만드신 분, 감사합니다~",ios
B612 Camera&Photo/Video Editor,어떤이가,2021-10-16 11:11:52+09:00,4,0,너무 잘 쓰고 있어요^^  그런대 랩이 너무 많이 걸려요ㅠ,ios
B612 Camera&Photo/Video Editor,아케히메,2021-10-10 20:11:07+09:00,4,0,스노우 다 좋은데 제가 아이폰 유전데 너무 끊길때가 많아요ㅜㅜ 들어가서 찍으면 안 찍힐 때도 있어요ㅠㅠ,ios
B612 Camera&Photo/Video Editor,고객님1234,2021-10-10 00:22:18+09:00,4,0,염색기능은 없어진건지용,ios
B612 Camera&Photo/Video Editor,ㅕㅕㅑㅑㅜㅡㅓ,2021-10-08 20:22:41+09:00,4,0,너무 좋은데 보정할때 메*투 앱 처럼 눈 왼쪽 오른쪽 따로 보정 할 수 있는거 나왔으면 좋겠어요 짝눈이라 한쪽 눈만크게하고 보정하고싶은데 그거때문에 두번 보정하게 되니까 불편하네여,ios
B612 Camera&Photo/Video Editor,쮸미니꾸,2021-10-07 18:02:50+09:00,1,0,아 너무 불편해요 이펙트 자주 안 쓰는데 어느순간 사진 찍으면 이펙트 적용되어 있고. 이펙트는 사용자가 필요할 때 선택해서 쓸 수 있게 해줘야 할 것 같아요.,ios
B612 Camera&Photo/Video Editor,Lrrttdcbhj56,2021-10-07 10:54:12+09:00,1,0,대체 왜 안대...설명이라도 해줘요,ios
B612 Camera&Photo/Video Editor,나함뜨,2021-10-06 22:06:44+09:00,3,0,메이크업 제가 쓰던 스타일이 잇는데 안보이는데ㅜㅜ 아예 없어진건가요..,ios
B612 Camera&Photo/Video Editor,재크로무,2021-10-06 16:18:23+09:00,1,0,핸드폰 바꾸게되서 다시 다운로드 받는데 안됨. 그렇다고 내 핸드폰이 옛날거냐? 그건 아님 아이폰12미니임… 뭐 어떻게 된건지 전에 쓰던건 7인데 정작 지금 다운이 안되니까…,ios
B612 Camera&Photo/Video Editor,디키몬,2021-10-06 15:23:26+09:00,4,0,"앱이랑 스티커 종류 같은거는 되게 괜찮은데..(●'◡'●)     에러가 많이 심하구.. 사진을 찍고 저장을 하면 튕겨서 저장이 되지 않아요ㅜㅜ 일단 앱 자체는 조음!!! 글리터랑 화질, 인싸들 스티커도 많아서 좋긴한디..;; 에러만 고쳐주세요! 점수는 오점 드려용",ios
B612 Camera&Photo/Video Editor,희야희야호,2021-10-04 17:44:15+09:00,1,0,블투리모콘으로도 촬영안됨,ios
B612 Camera&Photo/Video Editor,佐久間咲也,2021-10-03 17:02:41+09:00,3,0,몇년동안 잘 쓰다가 iOS 15로 업데이트한 이후 볼륨버튼 셔터 기능이 동작하지 않습니다. 볼륨버튼 원격 리모콘 셔터로만 이 앱을 사용해왔어서 볼륨버튼 셔터가 동작하지 않게되어 상당히 불편합니다. 금방 수정해주실거라 믿습니다.,ios
B612 Camera&Photo/Video Editor,wodbs000,2021-10-02 17:14:42+09:00,5,0,ios15 업뎃 이후로 볼륨 버튼으로 촬영이 안돼여 업뎃해서 수정해주세요,ios
B612 Camera&Photo/Video Editor,위니74,2021-09-28 13:55:52+09:00,4,0,아이폰8 유저이고 너무 잘 쓰고 있었는데... 이번ㅇ ios 업데이트후에 아예 사진을 찍을수가 없어요. 너무 속상합니다. 사진 찍으면 바로 꺼짐현상 생갸요.  B612뿐만 아니라 스노우도 마찬가지네요. 혹시 회사에서 아이폰8 또는 ios 호환을 막아놓으셨나요??? 어흑.. 아이폰8 무시 받는건 아닌지 속상합니다. 진짜 넘 속상해요. 혹시나 오류일까 싶어서 다시 깔아도 소용없고 며칠 기다려도 앱 업데이트 안뜨는거 보니 저만 이러는건가요? 아이폰8 유저가 없는건가요??? ㅜㅜ 저 이제 기본캠으로 사진 찍어야하나요.. 으흑,ios
B612 Camera&Photo/Video Editor,Vowwow,2021-09-28 08:39:42+09:00,1,0,어플자체는 참 좋은데 요즘 광고가 과하네요..,ios
B612 Camera&Photo/Video Editor,멀하라는겨,2021-09-27 12:15:32+09:00,5,0,결제하고 광고 안볼 수 있게 해주세요 제발,ios
B612 Camera&Photo/Video Editor,꼬깜꼬깜,2021-09-27 02:11:55+09:00,5,0,볼륨 버튼 눌러서 사진 찍기가 안되네오 gts2 mini 로 원격 촬영이안됩니다 고처뉴리옹,ios
B612 Camera&Photo/Video Editor,업뎃왕짜증,2021-09-26 10:33:57+09:00,1,0,왜 업뎃 할 때마다 자꾸 뷰티 설정 초기화 시키시나요? 잃어버린 얼굴 찾느라 너무 힘들어요; 그리고 전이랑 개달라서 사진 찍을 맛도 안 납니다. 다른 카메라 어플 찾아야겠어요;,ios
B612 Camera&Photo/Video Editor,씨큐,2021-09-25 08:50:25+09:00,1,0,이번 업데이트 후 실시간 뷰티기능이 얼굴인식을 잘 못해서 계속풀려요 동영상촬영은 아예 못하고 사진도 찍고나서보면 뷰티적용안돼있고.. 내츄럴인지뭔지 그거 추가한다고 앱을 망쳐버렸네,ios
B612 Camera&Photo/Video Editor,프나펑 라사,2021-09-20 20:16:53+09:00,5,0,너무좋아요! 사진이 이쁘게 안 나와서 걱정했는데 어떤 언니가 추천해줘서 깔았더니 효과좋아요! 짱! 내가원하는 스타일도 돼고 너무 좋아요! 필요없는 광고만 빼 주시면 감사하겠습니다!,ios
B612 Camera&Photo/Video Editor,Sky파파,2021-09-19 20:29:44+09:00,5,0,제 동생이 3살인데 너무 사진 찍는걸 좋아해서 저한테 안아달라는 이유가 사진 찍자는 이유예요 ㅋㅋ,ios
B612 Camera&Photo/Video Editor,데브 딱대,2021-09-19 18:21:59+09:00,1,0,?카메라가 뒤집어져있어요 다시 깔았는데도 계속드러네요.사진이 위 아래가 뒤집어져서 위아래반전이네요 이걸로 어떻게 사진을 찍어요 그냥 삭제합니다,ios
B612 Camera&Photo/Video Editor,농단곰,2021-09-19 15:10:39+09:00,1,0,전이랑 달라졌어요 이상해요,ios
B612 Camera&Photo/Video Editor,망했네ㅡㅡ,2021-09-15 13:59:54+09:00,1,0,보정해논거 왜 초기화된거죠? 다시그버전으로 돌려주세요 얼굴보정도 제대로안되고 이상해요,ios
B612 Camera&Photo/Video Editor,호롤꾹뀩,2021-09-15 11:37:11+09:00,1,0,폰이 따뜻하다 못해 겁나 뜨거움. 갈아타야지;;,ios
B612 Camera&Photo/Video Editor,랄리루랑,2021-09-14 08:32:22+09:00,5,0,좋아요,ios
B612 Camera&Photo/Video Editor,ㅇ ㅣㅇㄴ,2021-09-14 01:36:35+09:00,2,0,갑자기 튕기는데 왜이러나여 대체 ㅠㅠㅠㅠㅠ,ios
B612 Camera&Photo/Video Editor,이예에-,2021-09-14 00:53:16+09:00,1,1,카메라 킬때 광고좀 넣지마세요 급할때 광고페이지로 넘어간게 한두번이 아니에요 장난하나 진짜..,ios
B612 Camera&Photo/Video Editor,다크다크다크,2021-09-13 16:40:21+09:00,1,0,왜 업데이트 할 때마다 저장해둔 뷰티설정이 다 다시 사라지죠?? 자동 업데이트되고나서 사진찍으려고 앱 열면 깜짝 놀라요.. 제가 설정해둔 뷰티가 아닌 앱 자체 뷰티설정으로 떠서 다시 나한테 맞게 설정해야해서 너무 짜증납니다.. 업데이트되더라도 사용자가 설정해둔 건 그대로여야하지 않나요?? 뷰티설정 사용자가 해 둔 그대로 해주세요!!,ios
B612 Camera&Photo/Video Editor,야야야야ㅑ양8ㅇ8ㅇ8ㅇ8ㅇ8야ㅑㅇ야8ㅇ,2021-09-12 21:52:11+09:00,5,0,이거 스노우랑 똑같아요. 제가 스노우로 거의맨날 사진을 찍곤하는데 오늘처음깔아봤는데 완전 짝퉁이네요 일부러 추천에 뜰려고 별 5개 줌,ios
B612 Camera&Photo/Video Editor,민하마미요,2021-09-11 14:42:13+09:00,1,0,새로변경된버전보다이전버전이더괜찮았는데정말ㅠ 얼굴변경이이번버전은어색한거같아요.. 이전버전으로다시돌려주세요..ㅠ,ios
B612 Camera&Photo/Video Editor,오이나라 공쥬,2021-09-10 08:56:38+09:00,4,0,너무 좋아요 !!! 필터 예쁜것도 너무 많고…  사진 엄청 예쁘게 나와요~,ios
B612 Camera&Photo/Video Editor,나만의 배경화면,2021-09-09 12:08:19+09:00,5,0,"제가 처음에 사진을 찍을려고 들어갔는데…너무 좋고 스티커도 많은거에욥!그리구 잘 쓰다가 자신만에 필터 만들기가 생겼어요!근데 정말 재밌고,B612강추 입니닷!❤️❤️아!글구 비타도 넘 좋네욤",ios
B612 Camera&Photo/Video Editor,제이케이이,2021-09-09 09:34:18+09:00,5,0,"안녕하세요. b612 잘 사용하고 있는 사용자입니다. 스티커 효과 특성상 사진보다 비디오를 많이 촬영하게 되는데, 밝기가 자동 조정되다보니 비디오 색감이 일관적이지 않더라구요 설정에 찾아봐도 따로 보이지는 않던데 밝기를 고정 할 수 있는 기능은 없나요?",ios
B612 Camera&Photo/Video Editor,ㄴㄴㅋㅋㅇㅇㅌㅇㅇ,2021-09-07 19:34:21+09:00,4,0,잘 사용하고 있는데 사진 보정할따 다른 카메라에선 되는데 얼굴 인식이 안 될때가 많아졌어요 ㅠㅠ 이 점 좀 개선해주세요,ios
B612 Camera&Photo/Video Editor,도니주니어,2021-09-04 13:36:45+09:00,5,0,제작자님! 제작자님 제가 가끔 사진을찍다가 나가지는데 왜이러죵?....그레도 5점만점에5점,ios
B612 Camera&Photo/Video Editor,히뽀임미다,2021-09-03 21:10:04+09:00,3,0,음…제가 스노우라는 어플을 쓰다가 너무 렉이 자주걸리고 튕기길래 이 앱으로 바꿨는데…정말 스노우랑 똑같네요;;; 진짜 오늘 깔았는데 사진 찍기 전에는 안 튕기다가 사진 예쁘게 잘 나왔다! 하면 튕기더라구요? 진짜 짜증나네요;;; 깔고 나서 계속 사진 찍자마자 튕겨서 사진 한장도 못건지고 튕기기 전에 겨우 캡쳐해서 하나 건졌네요;;; 처음 사진 찍을 땐 흔들려서 다시 찍는데 안튕겼는데 그 후로 하나도 빠짐없이 다 튕겨버렸습니다;;; 그래도 이런것만 없으면 정말 잘 사용할거 같은데 제발 튕기는것 좀 어떻게 없애주실 수 없나요?ㅜㅜㅜㅜㅜ,ios
B612 Camera&Photo/Video Editor,뿌부꼭,2021-08-30 07:32:03+09:00,1,0,잘 쓰고있었는데 광고도 너무 심하고 지맘대로 필터적용해서 뜨지를 않나 소리가 크게 나오질 않나 완전 별로네요 그냥 알아서 갈아타라는거죠..?,ios
B612 Camera&Photo/Video Editor,밀유부,2021-08-28 23:28:06+09:00,5,0,잘쓰고 있었는데 오늘부터 갑자기 카메라 전환이 안되요. 셀카만 되고 카메라 모드가 안되네요. 폰카메라는 정상적으로 되요.,ios
B612 Camera&Photo/Video Editor,Hrhrtrio,2021-08-28 16:44:13+09:00,1,0,앱열자마자 음악 소리 엄청 크게 나는거 이거 뭔가요.. 진동모드면 소리 안나게 해야지.. 벨소리 크기도 작은 상태인데 음악 소리 엄청 크네요 민망해서 죽는 줄…..,ios
B612 Camera&Photo/Video Editor,헤리미아,2021-08-24 17:28:15+09:00,5,0,와 한마디로 진짜ㅠㅠㅠㅠ너무 좋아요 기능도 많고 짱 좋아요 진짜 강강까ㅏ아아아ㅏ아추합니달❤️❤️,ios
B612 Camera&Photo/Video Editor,귀찮게 별명지으래,2021-08-21 09:10:23+09:00,5,0,안녕하세요 몇년째 b612만 쓰고 있는 유저입니다. 요즘 광고가 꽤 많이 보이는데 혹시 광고제거 유료는 만들 생각없으신가요? ㅜㅜㅜ 돈내고 광고제거해서 빠르게 쓰고 싶어요ㅜㅜ,ios
B612 Camera&Photo/Video Editor,사랑스런별이,2021-08-20 22:32:51+09:00,1,2,사진은 순간을 찍는건데 킬때마다 광고가 떠서 그 순간을 놓치게 만드네요 이어플이 마음에 들어서 계속 사용했는데 어느순간부터 광고가 떠서 진짜 화가 나네요 광고 뜨고 효과 자동설정되서 지우다보면 찍으려던 순간은 다 날라가고 차라리 소액 받고 광고 없앨수 있게 해줘요  그거 바라고 이러는거 아닌가요?,ios
B612 Camera&Photo/Video Editor,시니애용용,2021-08-18 12:42:28+09:00,4,2,돈내라면 돈내고 광고 제거 받고싶어요 잠깐이라는 순간도 번거롭고 불편해서요 따로 광고제거 결제 상황을 만들어주실수있나요 평소에 자주 애용하고있습니다,ios
B612 Camera&Photo/Video Editor,ttickttick,2021-08-15 18:11:36+09:00,5,0,사랑❤️둥이,ios
B612 Camera&Photo/Video Editor,Wonsch,2021-08-14 18:40:50+09:00,1,1,앱이 옛날보다 갈수록 메모리도 많이 처먹고 점점 느려지고 광고는 늘어나고 구려지네요,ios
B612 Camera&Photo/Video Editor,왈라루루,2021-08-14 07:39:16+09:00,3,0,너무 잘 쓰고 있어요. 그런데 원래 안 나던 찰칵소리가 나더라구요😢 셔터소리 나는걸 싫어하고 이 어플이 편해서 쓰고있었는데 왜 갑자기 셔터소리가 나는지 모르겠어요...,ios
B612 Camera&Photo/Video Editor,쿵컁이,2021-08-13 10:35:38+09:00,4,0,떴다가 바로 다시 꺼지고 이러는데 원인이 무엇일까요,ios
B612 Camera&Photo/Video Editor,겅쥬y,2021-08-11 11:28:50+09:00,1,0,스티커 적용 뷰티 적용이 안되네요...,ios
B612 Camera&Photo/Video Editor,superkint,2021-08-10 08:35:31+09:00,1,1,정도껏 해야지 12초 진짜 선 씨게 넘네ㅋㅋ 바로 지움,ios
B612 Camera&Photo/Video Editor,별면같은거 없는 놈,2021-08-09 11:11:33+09:00,5,0,고 고마 고마워 고마워  고마 고,ios
B612 Camera&Photo/Video Editor,달달한팥죽,2021-08-06 09:33:21+09:00,1,1,켤때 무조건 자체 광고 극혐이네요.. 갈아탑니다,ios
B612 Camera&Photo/Video Editor,🤦😢🤦😢,2021-08-05 08:39:02+09:00,4,0,"안녕하세요 2년 째 B612를 잘 사용하고 있는 유저입니다. 다름이 아니라 로그인 기능이 새로 생겨서 필터를 만들 수 있게 되었는데요, 근데 제가 아직 미성년자여서 네이버 계정 구글 계정은 따로 없거든요..ㅠㅠ 또 애플계정은 당연히 있지만 스크린 타임(시간제한) 때문에 애플 계정은 또 안된다고 뜹니다… 다음 계정도 좀 만들어주세요…",ios
B612 Camera&Photo/Video Editor,12eomgp ioy,2021-07-31 15:10:04+09:00,1,2,카메라어플은 지금당장 사진을 찍어야할 순간에 급히 켜는 경우가 많습니다. 그런데 어플 키자마자 15초짜리광고를 보아야하는건 좀 너무한것같아요... 짧은 시간도 아니고ㅠ  사진찍으려고 켰는데 15초동안 영화예고편을 꼭 봐야하는건 좀 아니라고 생각합니다. 긴 광고 자제부탁드려요. 불편해서 못쓸것같아요ㅠㅠ!!,ios
B612 Camera&Photo/Video Editor,혜니크로니클,2021-07-28 18:42:13+09:00,1,0,12초 무슨일이냐 미친ㅋㅋㅋㅋㅋㅋ 갈아탄다,ios
B612 Camera&Photo/Video Editor,시킴시킴시크크크시시,2021-07-27 17:08:28+09:00,1,1,언제부터인가 갑자기 앱 열면 스티커 자동 적용되구 느려지구 광고 수시로 뜨고 너무 쓰기 불편해졌어요.. 다른 카메라앱으로 갈아타야겠습니다…,ios
B612 Camera&Photo/Video Editor,ㅇㅇㅇㅇㅇㅇㅇㅇㅇ~~,2021-07-27 07:47:01+09:00,1,1,카메라 켜자마자 3초 5초 광고도 화나는데 15초광고? 카메라 쓰라는건가요 돈에 환장한거같은데요 앱 삭제합니다~~,ios
B612 Camera&Photo/Video Editor,띠롱이,2021-07-24 18:12:06+09:00,4,0,이 어플이 좋아서 계속 이 제품 사용중이었는데 요즘 이상해요 ㅜㅜ 화질이 너무 이상해여 ㅜㅜ,ios
B612 Camera&Photo/Video Editor,ta@tda.b@j,2021-07-24 12:22:56+09:00,5,0,정말 좋아요 ^^,ios
B612 Camera&Photo/Video Editor,유나의 옷장 닉넴은 '강북',2021-07-21 01:32:16+09:00,1,0,보정 시작하려고 하면 자꾸 튕깁니다,ios
B612 Camera&Photo/Video Editor,etyuiph,2021-07-20 11:41:14+09:00,3,0,제가 4년쓰고 있었는데 편집할려고 들어같는데요 소리가 안들려요.. 그래서 앱을 삭제하고 다시깔았는데도 그러고 동영상이 계속 멈춰있고 소리도 안 들려요..,ios
B612 Camera&Photo/Video Editor,깔끔일기,2021-07-19 20:31:26+09:00,1,0,진짜 별로네요. 촌스럽고 중국틱한 스티커..,ios
B612 Camera&Photo/Video Editor,국민쿠,2021-07-16 10:55:53+09:00,1,0,"좋은 앱이 이렇게 한 순간에 망쳐질수도 있다는거에 놀랐습니다. 몇년동안 잘 사용 했어요, 감사합니다!",ios
B612 Camera&Photo/Video Editor,오류 수정좀-,2021-07-11 04:46:01+09:00,1,1,제발 광고 유료라도 끌 수 있는 기능 만들어주던지 어느 순간부터 광고 뜨는데 너무 짜증나고 불편합니다 정말 이런 생각은 누가 한건지,ios
B612 Camera&Photo/Video Editor,아야엠,2021-07-08 18:05:14+09:00,5,0,애플워치 지원 좀 해주세요!! 리모콘처럼 삼각대놓고 애플워치에서 보면서 찍을수있음 좋겠음,ios
B612 Camera&Photo/Video Editor,너너나느나ㅐ나누낸누마미므,2021-07-06 19:10:34+09:00,3,1,잘사용하는데 발열 너무 심하구요  아이폰12인데 어제샀고 렉도 심해요. 그리고 사진찍는데 스티커뜨는 시간이 너무 오래걸로요. 🔥🔥🔥🔥 짜증나요,ios
B612 Camera&Photo/Video Editor,송광식,2021-07-06 09:20:55+09:00,1,0,스티커 다 지웟는데 들어가기만 하면 다른 스티커로 적용되네요 맨날 안쓰고싶다구요;;,ios
B612 Camera&Photo/Video Editor,sshyer19,2021-07-05 11:48:14+09:00,1,2,앱 켜자마자 광고가 한참나와서 아기 사진 찍을려다 좋은 순간 다 지나가버려요 광고도 필요한거 알겠지만 본연의 기능에 충실했으면 좋겠네요,ios
B612 Camera&Photo/Video Editor,ChieHye♡,2021-07-02 15:20:34+09:00,3,0,업데이트 되고 슬라이드해서 필터 전환하는 기능이랑 손가락으로 확대시키는 기능이 없어진것 같은데 엄청 불편합니다.... 다시 원복시켜 주세요,ios
B612 Camera&Photo/Video Editor,쏠찌,2021-06-26 08:30:19+09:00,5,0,요즘에 B612만 쓰고있어요 다른 앱들은 끊기던데 이건 안끊기고 쓰기 편해서 정말좋아요!,ios
B612 Camera&Photo/Video Editor,어이상실@.@,2021-06-25 17:29:33+09:00,3,0,전에 셀카모드도 광각되서 셀카봉 안쓰고 찍었었는데 다시 광각모드 되게 지원해주세용~~~,ios
B612 Camera&Photo/Video Editor,별명없는게뭐있지,2021-06-24 18:49:06+09:00,3,1,"바로 찍어야할 순간이 많은데, 키자마자 광고때문에 찍을 수가 없어요 ㅠㅠ",ios
B612 Camera&Photo/Video Editor,방탄소년단 사랑해요❤️,2021-06-21 20:30:49+09:00,5,0,제 핸드폰은 인터넷이 안 되는데요. 이 앱을 보면 조금이라도 던 심심해서 자주 애옹하는 학생입니다. 엄마가 이걸 너무 많이 한다고 시간제한까지 설정되어있지만(30분) 그래도 제게 큰 행복을 주는 앱 입니다. 추가로 말씀 들이자면 저 초5 잼민이 입니다. 무~야호(이런걸 TMI라고 한다.⭐️),ios
B612 Camera&Photo/Video Editor,별명취서,2021-06-21 17:07:16+09:00,1,0,카메라 어플 사용 시  불필요한 광고가 많이 노출 됩니다. 광고 on/off설정이 있으면 좋겠습니다,ios
B612 Camera&Photo/Video Editor,꾸ㅛㅡ,2021-06-20 23:57:28+09:00,2,0,해결 부탁드려요,ios
B612 Camera&Photo/Video Editor,빵빵슬,2021-06-20 23:23:25+09:00,5,0,예전에는 Effect 탭에 직접 손글씨를 쓸수 있는 필터가 있었는데.. 지금 보니 없어졌네요ㅠㅠ 이제 지원안하시는건가요??,ios
B612 Camera&Photo/Video Editor,순냥마마,2021-06-19 10:41:52+09:00,1,0,무음으로 사진촬영할 수 있어 그동안 아기용으로 너무 잘 사용중이었는데 갑자기 앱 실행 시킬때 광고가 뜨기 시작하더라고요 광고 있는줄 모르고 무의식적으로 촬영하면 광고 페이지로 이동하고 그 사이에 아기 예쁜 모습은 끝나고 촬영 하지도 못하네요  무료앱이다 보니 중간중간 광고는 이해해도 앱 시작할때 광고는 기존유저 다 떨어트리려고 넣었다고밖에 생각이 안되네요 그동안 잘 사용했습니다,ios
B612 Camera&Photo/Video Editor,누군가를 좋아하는 조개,2021-06-18 20:27:41+09:00,5,0,"거의 대부분의 어플들이 자꾸 렉걸리고, 튕기는데 이 어플은 렉걸린적이 없고, 튕긴적도 없어서 아주 마음에 드는 앱입니다! 아주 잘 사용하고 있어요. 더 좋은 업데이트 기다하고 있겠습니다! 감사합니다.",ios
B612 Camera&Photo/Video Editor,"."":/;",2021-06-18 00:10:15+09:00,1,1,갑자기 보정하려 하면 작동하지 않습니다,ios
B612 Camera&Photo/Video Editor,서밤비,2021-06-16 23:41:03+09:00,3,0,"첫번째는 효과적용대상 설정입니다 남자친구나 썸남이랑 사진찍을 때 제 얼굴만 인식해서 효과가 적용됐으면 좋겠어요 제가 볼살이 많고 남자가 갸름한편이면 남자는 외계인이 됩니다 ㅎㅎ 첨에 두 얼굴을 비출때 효과를 적용할 얼굴을  선택 하든지 핸드폰주인 얼굴을 아예 저장해서 그얼굴만 효과가 있게 하든지 해서요,,  두 번째는 움직일때 주변사물도 딸려오는 것 없었으면 좋겠어요 ㅠㅠ갸름하게 설정햇을때 ㅠ  이 두가지 빼고는 정말 좋은어플입니다 개발되면 좋겠네요",ios
B612 Camera&Photo/Video Editor,음하하라라ㅏ라라라ㅏㄹ,2021-06-15 04:28:37+09:00,1,1,앱이 자꾸 꺼집니다.,ios
B612 Camera&Photo/Video Editor,박가흔,2021-06-14 17:53:14+09:00,5,0,동영상에 텍스트 넣고 싶어서 동영상 편집에 들어가 봤더니 텍스트 기능이 없더라구요 ㅠㅠ 이 점 추가해주시면 감사하겠습니다.,ios
B612 Camera&Photo/Video Editor,dhkqkd,2021-06-13 00:11:49+09:00,1,0,"갑자기 보정하는 데 들어가면 렉이 걸리고 사진이 아예 안뜨고 폰이 멈추고 그러네요  다른 앱 쓰면 멈추는 거 하나도 없고, b612앱 안에서 보정 목록까진 안 멈추는데 특정 보정 버튼 누르면 그때부터 렉걸리고 난리나요 그렇다고 앱이 꺼지지도 않고 폰 전원버튼 눌러도 잘 안 먹고 ... 좀 고쳐주세요 안 그럼 다른 앱으로 갈아타는 수밖에",ios
B612 Camera&Photo/Video Editor,쀼쁍뺭😜,2021-06-12 22:11:36+09:00,5,0,스티커 만들기 원래 로그인 안 해도 할 수 있었는데 왜 로그인 하게 되었죠? 로그인 안 해도 할 수 있게 해주세요.,ios
B612 Camera&Photo/Video Editor,노논노노노노,2021-06-12 18:39:06+09:00,1,0,동영상 필터적용한뒤 저장하려면  '동영상저장에 실패하였습니다'라고 뜹니다. 삭제했다 어플을 다시 깔아봐도 마찬가지네요. 확인부탁드립니다,ios
B612 Camera&Photo/Video Editor,촢솟궆ㅅㅎ속,2021-06-09 13:11:05+09:00,5,0,요즘 마스크 때문에 얼굴자신감 이없는데 갑자기 자신감이 쭉쭉 생겨요 ⬆️여러분도 꼭서보새용!!!!🔥,ios
B612 Camera&Photo/Video Editor,그린F5살균멸균전문기업,2021-06-07 20:53:49+09:00,3,0,너무 즐겁고 만족합니다,ios
B612 Camera&Photo/Video Editor,aduyer,2021-06-02 16:48:09+09:00,1,1,굳이 앞에 광고를 넣어서 로딩 속도 3초 이상 걸리고 렉걸리고 와이파이/데이터 없으면 사진 찍지도 못해요ㅋㅋㅋ화나요 ㄹㅇ 쓰라는 건지 말라는 건지,ios
B612 Camera&Photo/Video Editor,베이비 솜사탕,2021-06-01 15:57:44+09:00,5,0,이 게임 재미있을 것 같아서 다운 받았는데 진짜 제가 생각 했던대로 완전 재미있네요.~^^ 담에는 다 재미있는 갈로 다운 받아 봐야 겠어요. 그럼 안녕히 계세요~^^,ios
B612 Camera&Photo/Video Editor,ParaionaD,2021-05-28 16:26:31+09:00,1,0,도서관에서 무음해놓고 필기내용 찍는데 광고뜨면서 소리도 안없어짐 후...,ios
B612 Camera&Photo/Video Editor,익스펠리아무스,2021-05-26 20:48:52+09:00,4,0,"b612 좋아서 애용하고 잘 쓰고 있는데,, 예전 dslr 기능이 초점도 설정할 수 있고 훨씬 편리하고 좋은 것 같습니다ㅠㅠ다음 업데이트때 예전 버전으로 되돌려 주심을 간곡하게 부탁드려요😭😭",ios
B612 Camera&Photo/Video Editor,sdsjdnens,2021-05-24 09:10:48+09:00,3,0,아이패드에서 무음카메라로 잘 쓰고 있었는데 항상 광고랑 움짤같은게 많아서 그런지 앱이 무거워서 버벅거리고 발열 심하고 배터리 소모가 심하다고 생각했는데 이제는 아예 사진 찍고나면 튕겨버려서 저장도 안되고 혼자 꺼지고 난리네요..... 빨리 고쳐주세요 앱 좀 가볍게 만들어주시면 안될까요? 광고는 첫화면 말고 다른곳에 충분히 넣을 수 있을 것같은데요..,ios
B612 Camera&Photo/Video Editor,(♡◕ω◕♡)스리스리,2021-05-23 19:19:03+09:00,3,0,....정말 기능은 다양하고 좋은데 이거snow랑 똑같아요  화면이 조금 큰 거 말고는 다 똑같아요! 다른 점이 1도 없어요 진짜 조금이라도 다른 점이 좀 있으면 좋겠어요ㅠ.ㅠ 부탁드립니당><ㅠㅠ!!!!!!!!!!!!ㅠㅜㅜ,ios
B612 Camera&Photo/Video Editor,😆뭘로하지,2021-05-23 15:51:02+09:00,4,0,아이패드쓰는데 위쪽에 스코어? 같은게 뜨는데 게임할때는 안보이고 찍은건가 보는걸로는 잘보여요 나머지는 다좋은데 이거 좀개선해주세요ㅠㅠ,ios
B612 Camera&Photo/Video Editor,5ㅊ,2021-05-21 01:42:24+09:00,2,0,어플 반응도 타어플 비해 느린거 같고 광고때매 자꾸 찍어야할거 못찍는 일 많아여,ios
B612 Camera&Photo/Video Editor,옌니찡,2021-05-20 02:19:05+09:00,4,0,"아이돌 필터 예뻐서 자주 쓰는데 그 필터로 찍을 때 마다 만우절 타령을 아직까지 하고있네요,, 그 점 제발 고쳐주시면 좋겠습니다 그것 빼면 진짜 괜찮은 앱 인데 ㅠㅠ",ios
B612 Camera&Photo/Video Editor,yellow LULU,2021-05-15 16:35:36+09:00,4,0,저 2년 넘게 사용 잘 하고 있어요.근데 키자 마자 광고가 뜨네요.,ios
B612 Camera&Photo/Video Editor,만두블랙홀,2021-05-14 18:30:41+09:00,1,0,아이폰 7플러스 인데 튕기네요; 지우고 다시깔아도 그럽니다... 무슨 문제일까요??!!,ios
B612 Camera&Photo/Video Editor,WoW>< tahnk u.,2021-05-11 08:53:49+09:00,3,0,오래전부터 엄청 잘 쓰던 어플인데... 카메라 어플은 이걸로만 썼는데 어느 순간부터 광고가 너무 많이 떠요. 급하게 빨리 찍어야 하는데 광고 없애느라 놓친적도 있어요.. 진짜 다 좋은데 광고 많은거 넘 아쉽네요. 이제 못 쓸거 같아요.,ios
B612 Camera&Photo/Video Editor,김콩이맘,2021-05-10 19:12:17+09:00,5,0,아이폰7사용하고 있는데요. 어플이자꾸튕기네요.저만그런건가요?,ios
B612 Camera&Photo/Video Editor,하늘파란푸른,2021-05-08 12:19:03+09:00,3,0,어제까지 잘 사용했는데 오늘 Blur필터가 적용이 안되고 있습니다 빠른 시간 안에 수정 부탁드립니다,ios
B612 Camera&Photo/Video Editor,잇부니썸녤,2021-05-01 16:43:12+09:00,1,0,사진 찍고 갑자기 앱이 나가지네요ㅠ;;; 그래서 앱 삭제하고 다시 깔아도 봤는데 현상은 똑같네요,ios
B612 Camera&Photo/Video Editor,물고기타워,2021-04-28 16:11:39+09:00,5,0,스타일도 만들 수 있고 너무 좋아요 또 웃음참기 같은 게임도 있고 소리가 나는 것도 있어서 재밌어요,ios
B612 Camera&Photo/Video Editor,11000원!!!,2021-04-25 23:44:39+09:00,2,0,잘사용하는중 왜 갑자기 팅기는거죠?   지금 계속 팅겨요 ㅠㅠ.  앱삭제후 다시 다운 받아도 계속 팅겨요 ㅠㅠ. 해결방법이 ... ???,ios
B612 Camera&Photo/Video Editor,문의 문자,2021-04-22 21:03:54+09:00,3,0,안녕하세요 이 앱을 사용하고 있는 초딩입니다 업데이트가 되기 전까진 잘 쓰고 있었습니다 그런데 업데이트가 된후로 합성 기능이 사라져서 불편합니다 저만 이런건진 모르겠지만 고쳐주시면 감사하겠습니다,ios
B612 Camera&Photo/Video Editor,오징어방요,2021-04-22 20:17:45+09:00,1,0,이거 저 폰에 깔고 폭탄했어요,ios
B612 Camera&Photo/Video Editor,발열개선,2021-04-18 23:17:54+09:00,4,0,Iphone유저입니다. 중국어플 해킹문제때문에 국내어플사용하려하고 만족하며 사용하는데 다만 한가지 발열과 배터리 소모현상이 너무 심합니다.. 이부분만 개선되었으면합니다..,ios
B612 Camera&Photo/Video Editor,꿈잼꾸르잼,2021-04-13 01:36:05+09:00,3,0,업데이트전으로 돌려주세요 ㅠㅠㅠ 사진찍을때 메이크업이라고 된걸로 잘 쓰고있는데 편집 촬열 비디오만 남아있네요 수정 다시좀 해줬으면 좋겠어요,ios
B612 Camera&Photo/Video Editor,LOVE7023,2021-04-10 20:17:56+09:00,5,0,이 앱 너무 마음에 들어요 소다를 더 마음에 들어하는 사람들도 있지만 전 이 앱이 훨씬 좋아요 B612 최고! 화이팅 B612만을 찬양하는 그 날 까지 화이팅!,ios
B612 Camera&Photo/Video Editor,ddsssjd,2021-04-08 19:09:14+09:00,5,0,안녕하세요. 잘쓰고 있는데 한 가지 건의드리고자 연락드립니다. 에어팟으로 노래듣는 중 사진을 찍으면 자동으로 음량이 커집니다. 수정 부탁드립니다,ios
B612 Camera&Photo/Video Editor,반영해,2021-04-08 18:57:45+09:00,2,0,아니 어떻게 한두번도 아니고 들어갈때마다 먹통이에요;; 다른건 다 좋은데,ios
B612 Camera&Photo/Video Editor,썽뉴,2021-04-07 15:08:13+09:00,5,0,어플 잘 사용 하고잇는 유저인데요 요즘 너무 튕겨서 사진을 아예 못찍ㅇ고잇어요 ..,ios
B612 Camera&Photo/Video Editor,네넴칙힌,2021-04-04 20:58:02+09:00,1,0,이미 돼있는 설정 하라고 뜨더니 ㅡㅡ 소중한 순간이 사라졌어요 오륜가요? 앞으론 그냥 기본카메라만 써야겠어요 망할어플...ㅠㅠ,ios
B612 Camera&Photo/Video Editor,귀욤둥이❣️,2021-03-30 12:25:26+09:00,5,0,와~~~~~~~~~~~~~<<<<<<~~~~~~~자고 일어나도 예쁜 내모습 .... 실화임?? 강추강추,ios
B612 Camera&Photo/Video Editor,경이로운 현,2021-03-26 20:52:33+09:00,4,0,안녕하세요??? 전 평소에 정~~~~~말 B612를 좋아하는 유저 입니다 스티커도 예쁜가 정~~~말 많고 편집도 좋은데 딱!!! 한 가지 아쉬운 점이 있어요 그것이 무엇이냐 하면 바로 발열 입니다  정말 재미있게 대략30분 정도 쓰면 핸드폰이 후끈 후끈 해 져서 앱을 닫아 버려요  제발 발열 좀 고쳐주세요~~~~,ios
B612 Camera&Photo/Video Editor,토리해리,2021-03-25 20:29:56+09:00,3,0,제작자 님 너무 좋아 잘 쓰고 있어요♥️,ios
B612 Camera&Photo/Video Editor,dodododam,2021-03-25 00:03:16+09:00,1,0,계속 튕겨요 빨리 해결 좀•••,ios
B612 Camera&Photo/Video Editor,❤️구름고양이❤️,2021-03-23 16:09:40+09:00,4,0,"안녕하세요!! b612를 애용하는 한 사람입니다.❤️❤️❤️ 최근에 패드를 사게되어서 패드에도 b612를 깔아놓고 많이 쓰는데요,가로로 화면돌리기가 안돼더라구요;;😢😢😭그래서 세워놓고 쓰고있긴 한데 은근 아니 엄청 불편합니다. 그거 고쳐주시면 정말정말 감사하겠습니다.🙇‍♀️🙇‍♀️🙇‍♀️ 그리고 필터 만들기 할때 촬영비율(?) 촬영할때 사진 크기를 바꿀 수 있게 하면 매우 좋을것 같아요!😍😍😍 그 외의 다른 기능들은 너무 만족하고 있습니다!^^ 앞으로도 열심히 쓰겠습니다. 감사합니다!! 🙇‍♀️🙇‍♀️🙇‍♀️",ios
B612 Camera&Photo/Video Editor,방탄 살앙해♡♡♡,2021-03-17 06:18:19+09:00,5,0,"엄..... 그 셀카!!!! 셀카를 귀욥게 찍을 수 있고요,,, 잼있는 필터도 조아여^^ 정말 만죡스럽게 사용하고 있슴다 ◡̈ 글구...!!! 게임하는 것도 쵝오👍 ㅎㅎ 다시 한 번 말씀드리지만ㅋㅋ 졍말 리얼로!!! 잘 만드신 것 같네용     별표:𖤐𖤐𖤐𖤐𖤐!!!",ios
B612 Camera&Photo/Video Editor,미미ㅣ미너너ㅗ너좉퓽,2021-03-16 20:41:50+09:00,3,0,화면을보면 예뻐서 찍었는데 찍힌걸보면 막 화면에나온거랑달라서좀...화면에 나온대로해주세요 후보정기능없애주세요,ios
B612 Camera&Photo/Video Editor,보라새벽,2021-03-13 19:42:31+09:00,5,0,화질이 일반 핸드폰 카메라와 차이가 눈에 띄어 화질이 높았으면 하는 합니다.,ios
B612 Camera&Photo/Video Editor,더기어멍,2021-03-13 15:13:21+09:00,5,0,넘 잘쓰고 있어요,ios
B612 Camera&Photo/Video Editor,csgura,2021-03-12 21:34:54+09:00,5,0,최고에요! 정말저가 여신 같이 나와요!  미리 염색 한 모습 같은 이백트 가 제일 좋았어요!,ios
B612 Camera&Photo/Video Editor,던스토리,2021-03-09 17:23:34+09:00,5,0,스티커도 예쁘고 다양한 필터가 있어서 셀카 찍을 때완전좋아요!!! 스노우 스티커도 더 많아져서 다양한 스티커로 찍을 수 있어서 좋아요!!!~^ㅡ^굿입니다~^ㅡ^,ios
B612 Camera&Photo/Video Editor,불량 언 니엘사,2021-03-09 12:46:04+09:00,4,0,굿,ios
B612 Camera&Photo/Video Editor,dowha,2021-03-09 12:31:04+09:00,5,0,질문하는곳이 없어서 여기에 올려요.. ㅜㅜ 카메라 실행시켜 촬영하면 꺼져요. 삭제하고 다시 해봐도 여전히..  전에 한참 그러다 안그랬는데 다시 그러네요 전 ios14 인데요.. 뭐가 문제일까요ㅜㅜㅜㅜ 이어플 제일 좋아하는데...,ios
B612 Camera&Photo/Video Editor,가ㅇ113,2021-03-07 18:27:47+09:00,3,0,아이폰7인데 어플 실행만하면 팅겨요ㅠ 다시 깔아도 그런데 어째야될까요,ios
B612 Camera&Photo/Video Editor,ㅎㅅㅎㅊㅊ,2021-03-06 22:19:23+09:00,2,0,보정할 때 자꾸 앱이 꺼져요.. 튕김 현상 해결해주세요ㅠㅠ,ios
B612 Camera&Photo/Video Editor,lkm0121,2021-03-06 17:00:47+09:00,5,1,국방보안때문에 카메라 막혀서 들어가면 바로 꺼지는데 보정은 할 수 있게 해주세요... 다른 앱들은 몇개 되는데 소다랑 b612만 안 되네요...,ios
B612 Camera&Photo/Video Editor,아 다시 쓰게 만들지 마라,2021-03-06 13:57:03+09:00,1,0,자꾸 튕기내여 이거때문에 과제도 날려먹었어요 앱 관리자들은 뭐하는레후? 잉잉,ios
B612 Camera&Photo/Video Editor,별명이 별명이여,2021-03-04 15:02:41+09:00,1,0,요즘따라 카메라어플 다 튕기네요 찍으면 검은화면뜨면서 나가져요 아이폰7인데 도대체 뭔 오류죠,ios
B612 Camera&Photo/Video Editor,애청자11,2021-03-02 18:57:30+09:00,4,0,저는 셀카나 사진찍을때도 브이로그 영상 만들때도 요것만 써요 색감이나 얼굴 보정도 더 자세하게 잘 되서 너무 좋아하는 어플인데 ㅜㅜ  요즘 친구들이랑 브이로그 만드는데 제 동영상에 음원추출해서 영상에 집어 넣는데 ㅜㅜ 요거는 5분짜리까지만 되고 짤려서 다른 영상 어플깔아서 쓰게 돼요  B612로 다 영상편집하고 스티커 붙이고 다하고 싶어요! 개선 해주시면 친구들한테 소문  다내고 감사히 쓸게용!!!!!(๑>◡<๑),ios
B612 Camera&Photo/Video Editor,Youn.i.a,2021-03-02 15:06:07+09:00,3,0,오늘 업데이트했는데 촬영버튼누르면 뭔가 찍은사진 보여주기까지 좀 로딩시간이 걸림 찍을때 답답해요 빨리 수정해 주셨음 좋겠어요,ios
B612 Camera&Photo/Video Editor,탱.구,2021-03-01 12:10:27+09:00,3,0,아이폰7을 쓰고 있는데요 여태 잘 사용하고있었는데 어느순간부터 사진찍으면 저장이안되고 어플이강제종료됩니다 어플지웠다가도 깔아보고 용량문제인가싶어 사진도지워봤는데 어플만이러네요 해결방안 알려주세요,ios
B612 Camera&Photo/Video Editor,승희❤️❤️🤍💜,2021-03-01 08:03:35+09:00,5,0,재미있어요 캐릭터 만드는 것도 재미있어요😍😍😍 한번 해보세요❤️❤️🤍🤍❤️❤️,ios
B612 Camera&Photo/Video Editor,초아.,2021-02-28 00:16:26+09:00,4,0,사진 찍고나서 자주 튕기네용..,ios
B612 Camera&Photo/Video Editor,지후니눈누난나,2021-02-27 14:01:11+09:00,1,0,요즘 어플 사진 하나 찍으면 버퍼링 걸리고 왜케 느리나요?????????? 화딱질남,ios
B612 Camera&Photo/Video Editor,펍지야일해라,2021-02-26 22:41:42+09:00,5,0,이 브금 뭐에ㅛㅇ ㅠㅠㅠㅠㅠㅠㅠㅠ 제  동생이 1년 전?정도에 썼었는데 사진 오리고 그 부잣집 배경에 썼었던 노래인데요 피아노노래에ㅛ ㅠㅠㅠㅠ유ㅠ유유유융 제발 찾아줘요 흉ㅍ유유유ㅠㅠ 다 좋은데 그 노래 어찌 찾아요 제 동생은 아마도 사진에 노래 넣어서 한거같아요 ㅠㅠㅠ유츄튜튜 그 피아노 노래도 약간 부잣집 그런 피아노 잔잔하면서  팝 일렉트로닉 그런 브금이였어요ㅠㅠㅠㅠㅠ 제발 찾아줘요요요요요요ㅠㅠㅠㅠㅠㅠ 노래 너무 좋다구요유ㅠ유ㅠㅠㅠㅠㅠㅠ Σ('◉⌓◉’) 노래 음을 알려드릴게요.. 뜬 뜬뜬 뜨르르 뜬뜬뜬뜬 뜨르르르른 뜬뜬 뜨르르 뜬뜬 뜬뜬 잊 어도 제발 찾아주엉요요요요유ㅠㅠㅠㅠㅠㅠ,ios
B612 Camera&Photo/Video Editor,-긴하루-,2021-02-26 21:32:11+09:00,5,0,국민 어플 b6 12 잘 쓰고있어요 .  그런데 최근부터 dslr기능이 안되요  아이폰 쓰고있는데 사진편집하려고 어플 들어가서 dslr선택하면 촛점을 맞추라고 손가락이 나오는데 그게 안떠요 .  그러니 촛점이 모두 흐려진 사진이 되어요 .  왜그럴까요~,ios
B612 Camera&Photo/Video Editor,유니🍓,2021-02-25 20:34:11+09:00,5,0,좋습니당❤️ 친구 추천으로 깔았는데 저 인생샷 바로 나옴❤️❤️😘근데 제가 아이패드를 쓰고 있어서 전 잘 돼는데 엄마가 깔으셨거든요ㅛ?? 엄마 핸드폰 기종이 LG 인데 메이크업이 1개 밖에 안 떠요😢 이거 기종 문젠가요 아님 엄마 핸드폰 용량이 너무 없는데 용량 때문 인가요 아님 원래 이 앱이 안드로이드 폰은 호환이 안 돼나요?? 앱 넘 좋은데 궁금해서요^^ 열일한다B612!! ㅎㅎ👍👍개발자님 누구신지는 모르겠지만 사랑합니다^^❤️❤️😘😍🥰😗☺️😉,ios
B612 Camera&Photo/Video Editor,땅콩이 🥜,2021-02-25 17:38:58+09:00,5,0,사진도 이쁘게 잘나오고 기본 보정이 되있어서 화면도 밝아지는 느낌이고 피부도 하얘져요!!  특히 cartoon 에 들어가면 청순만화 있는데 그거 쨩조아요 ❤️❤️,ios
B612 Camera&Photo/Video Editor,사용자000,2021-02-22 21:26:21+09:00,3,0,며칠 된 것 같은데 따로 업데이트도 안 올라오고 앱 튕김 현상이 심한 정도를 넘어서 한 장만 찍어도 꺼지네요.,ios
B612 Camera&Photo/Video Editor,@&/$;$/@@1,2021-02-22 05:51:36+09:00,5,0,나뿐만 아니라 많은사람들이 동영상 꿀렁거림에 대해서 불편함을 호소하고 피드백을 주는데 왜 개선할 의지가 전혀없는가?  그리고 자꾸 매크로식 답변으로 어디어디에다가 문제점을 촬영래서 보내라는데 왜 사용자가 그런 번거로움을 취해야하나? 개발팀 관리팀 사람들은 핸드폰이 없는가? 그냥 핸드폰 꺼내서 동영상 촬영 테스트하면 될것을 무슨 심보로 아직까지 방치해두지?  뷰티나 필터 신경쓰기전에 기본적인 기능좀 신경 씁시다  셀프동영상때 꿀렁거림 심함 이미많은 사람들이 겪는 문제.,ios
B612 Camera&Photo/Video Editor,SNLSLSEL,2021-02-20 12:44:24+09:00,5,0,자연스럽고 연한 화장을 원한다면  B612 추천!!,ios
B612 Camera&Photo/Video Editor,건의가건의,2021-02-19 23:55:29+09:00,5,0,너무 잘쓰고있습니다. 한가지 아쉬운건 동영상촬영시간입니다. 유튜브제작할때 이 어플로 촬영하는데 영상촬영시간이 너무 짧아요ㅜㅠ 영상촬영시간 최대한 늘려주실순없나요? 유료버전으로 내놓으셔도 좋구요. ㅜㅠ,ios
B612 Camera&Photo/Video Editor,ㄸ뚜뚜뚜,2021-02-19 16:30:32+09:00,3,0,"아이폰12pro 사용중입니다. 후면카메라로 동영상을 찍으면 화면이 깜빡(?)거리는데 왜그런지 알 수 있을까요ㅠ(심장 두근두근 뛰듯이, 빠르고 미세하게 커졌다 작아졌다 해요)",ios
B612 Camera&Photo/Video Editor,호이하이앙,2021-02-19 12:47:41+09:00,1,0,자꾸 뽈록뽈록하게 찍혀서 최악임,ios
B612 Camera&Photo/Video Editor,레몬상큼ㅇ,2021-02-19 10:40:40+09:00,5,0,아주좋아용,ios
B612 Camera&Photo/Video Editor,달걀까기 어렵다,2021-02-18 14:01:26+09:00,3,0,안녕하세요 B612 3년차 쓰고있는 사람입니다. 정말 B612 다 좋은데 렉이 너무 많이 걸려요... 제폰이 이상한건지 와이파이도 다 되는데 이모티콘이 하나도 안나오고..렉이 너무 많이걸려서 시간이 좀 걸려요ㅠㅠ사진 찍으려고 B612들어가면 너무 많이 렉이 걸려서...일단 별3개요..,ios
B612 Camera&Photo/Video Editor,뤼베앙,2021-02-17 19:43:48+09:00,4,0,판다스티커 없어졌나요ㅠㅠ? 그 대나무 먹던 판다 스티커ㅠㅠ 제가 제일 좋아하던 스티커였는데ㅠㅅㅠ,ios
B612 Camera&Photo/Video Editor,딸기대장씨,2021-02-15 17:29:11+09:00,3,0,앱이 자꾸 강제종료 됩니다 화나네요 검토 부탁드립니다,ios
B612 Camera&Photo/Video Editor,카레향,2021-02-15 08:02:56+09:00,4,0,"안녕하세요. 몇년째 쓰고 있는 유전데요, 광고 불편해요. 유료버전 출시해주시면 구매의사 있으니 부탁합니다.",ios
B612 Camera&Photo/Video Editor,"연잎,.",2021-02-14 14:22:39+09:00,4,0,"어플 너무좋은데, 지금 아이폰12프로 사용중인데, 동영상 촬영시  줄어들었다 커졌다?? 그런 떨림이라고해야하나요. 에러가생기는데 왜그런건가요,  그리고 사진촬영시 막 삐뚤? 어지게찍혀있어요. 예를들면 반듯한창문이 삐뚤어져있게찍혀잇던데... 무슨문제인거죠",ios
B612 Camera&Photo/Video Editor,유니콘하트,2021-02-14 11:53:16+09:00,5,0,너무도 많은사람들이새해복 많이받으면좋해어요 많이사랑해요,ios
B612 Camera&Photo/Video Editor,뿌꾸조아,2021-02-12 09:02:42+09:00,1,0,?????,ios
B612 Camera&Photo/Video Editor,sendman88,2021-02-11 21:24:29+09:00,2,0,사진 촬영하면 자꾸 앱이 꺼집니다 업데이트를 해도 똑같고  촬영 버튼 누르고 몇초후 꺼지네요 사진도 저장 안되어 있고 ㅡㅡ,ios
B612 Camera&Photo/Video Editor,기가막혀야,2021-02-08 15:21:04+09:00,5,0,열라 짱짱,ios
B612 Camera&Photo/Video Editor,어나니니니,2021-02-03 20:28:41+09:00,1,0,촬영하면 앱 종료... 왜 이런가요? 옆동네 소다도 마찬가지......,ios
B612 Camera&Photo/Video Editor,잋딩,2021-02-03 18:57:14+09:00,1,0,자꾸 튕기고 들어가서 하면 검은화면으로 뜹니다..이거 왜이러죠,ios
B612 Camera&Photo/Video Editor,097938583939,2021-02-02 20:59:55+09:00,3,0,정말로 잘쓰고있습니다!!! 근데 동영상찍을때 너무 랙이걸려요ㅠㅠ 이어서 재생할때 너무 늦게 재생되요ㅠㅠ 저만 랙걸리나요?? 와이파이가 잘터져도 랙이걸려요... 이어서 재생할때 완료해서보면 끈켜있구요..,ios
B612 Camera&Photo/Video Editor,aaaaaa77777aaaaa,2021-02-02 20:42:04+09:00,5,0,좋아요,ios
B612 Camera&Photo/Video Editor,ㅋ맆,2021-02-01 22:33:57+09:00,2,0,B612화질이 좋아서 동영상 촬영을 자주 사용하는데 최신버전으로 업데이트 된 이후로 영상 촬영하면 촬영중에 자동으로 자꾸 초점이 맞춰지면서 영상이 꿀렁꿀렁거립니다ㅠㅠ 이전버전으로 되돌리고 싶은데 어떻게 돌아가나요? 아니면 오류 수정 좀 해주세요; 앱 삭제하고 재설치 몇번을 해봐도 영상촬영만 하면 같은현상이 계속일어납니다ㅠㅠ,ios
B612 Camera&Photo/Video Editor,공쥬🌈,2021-02-01 11:22:32+09:00,5,0,너~~~~~~~~~~~~~~~~~~무좋아요,ios
B612 Camera&Photo/Video Editor,신중히적은말,2021-01-31 12:11:30+09:00,5,0,예전처럼 초점 선택할수있게 해주시면 안되나요? 다른 앱의 블러 기능과 차별되는 갓기능이었는데 이제 마음대로 초점을 잡아서 원하는곳을 강조할수없게 되었군요....,ios
B612 Camera&Photo/Video Editor,몽몽잉잉,2021-01-30 05:42:19+09:00,1,0,이 어플 찰칵소리 안나는 맛으로 사용했는데 업데이트하니까 나네요.. 짜증남 찰칵소리 없앨 순 없나요,ios
B612 Camera&Photo/Video Editor,벛꽂 봄이,2021-01-29 19:02:31+09:00,5,0,완,ios
B612 Camera&Photo/Video Editor,jun03456,2021-01-28 13:35:52+09:00,5,0,예전엔 보정앱을 3개정도 썼던 것 같은데 이건 정말.. 한번에 해결할 수 있어서 너무 좋아요ㅠㅠ 색보정도 한번에 가능하고.. 진짜 넘나 최고인 것~~ 다들 쓰세요 ㅠㅠ ❤️,ios
B612 Camera&Photo/Video Editor,가이나이다이라이,2021-01-28 09:47:30+09:00,4,0,안녕하세요 앱 엄청 애용하고 있는데 특히 동영상!! 업데이트 후 동영상 찍을때 사람 얼굴만이 아니라 배경이 줄었다가 늘었다가 마구 움직여요~ 왜그럴까요 전에는 안그랬거든요~ 수정좀해주세요 ㅠㅠ,ios
B612 Camera&Photo/Video Editor,어떻게하조,2021-01-27 22:42:18+09:00,1,0,사진 찍힐 때마다 화면이 까맣게 변해서 안찍혀요,ios
B612 Camera&Photo/Video Editor,송아앙,2021-01-26 15:21:29+09:00,4,0,원고지 틀 설정이 왜 안되나요?? 계속 오류나던데 이유 알고싶습다,ios
B612 Camera&Photo/Video Editor,ㅇㅈㅉ ㅉㅈㄴ,2021-01-26 09:55:30+09:00,5,0,그 틱톡처럼 채팅되는 기능 넣어주세요 편집할때 글고 가입했는데 왜 전 거기에 영상을 못 올리나요? (모두 편집 관련),ios
B612 Camera&Photo/Video Editor,사매으나탸느,2021-01-25 15:31:43+09:00,1,0,어느순간 동영상찍을려면 화면이 울렁거려요 ㅠㅠ 개선방법없나요,ios
B612 Camera&Photo/Video Editor,안*은,2021-01-25 09:51:01+09:00,5,0,예쁜 스티커도 많고 셀카 찍기가 취미인 저한테 딱 좋은겄 같아요!!! 앞으로도 예쁜 스티커 많이많이 만들어 주세요^^!,ios
B612 Camera&Photo/Video Editor,비육일리,2021-01-24 13:44:48+09:00,1,0,사진 찍을려고 하는데 갑자기 튕겨서 좀 불편해요.ㅠㅠ,ios
B612 Camera&Photo/Video Editor,ㅍ렛,2021-01-24 00:03:38+09:00,1,0,아이폰 업데이트랑 뭔가가 충돌난건가요? 동영상 일렁거려서 쓸 수가 없음,ios
B612 Camera&Photo/Video Editor,정띠로리,2021-01-23 22:01:50+09:00,1,0,얼마전부터 그러네요,ios
B612 Camera&Photo/Video Editor,오렌지료,2021-01-23 11:22:00+09:00,5,0,진짜 제목처럼 다 좋은데요  선명하게 찍어놓으면 뿌옇게 되고 선명하게 찍어놓으면 뿌옇게 되고..아니 제가 공스탈 하는데 공스타를 하려면 색감이 무조건 선명해야 이쁘거든요..팔터는 여기에 클린 필터만 쓰는데 자꾸 뿌옇게 되서 너무 안 좋아요..개선해주세요.. 별은 다섯개 드릴게요,ios
B612 Camera&Photo/Video Editor,매력어유,2021-01-23 09:19:31+09:00,1,0,"업데이트 되고 나서 뷰티효과기ㅡ자동으로 들어가네요......어플 켤 때마다 매번꺼야되고 그 전 버전이 좋앗는데 너무 불편해졌어요 뷰티효과 온,오프 자동설정 해제 좀 만들어주세여 제발",ios
B612 Camera&Photo/Video Editor,슬라이딩s,2021-01-22 20:57:30+09:00,1,0,메이크업 효과 자동보정 기능 다 꺼놔도 어플 실행 할때마다 얼굴 자동으로 깎고 난리 기능 다시 on 돼있음. 짜증. 매번 꺼야 하나요 자연스러운 아기 사진 찍고 싶은데 얼굴 다 깎아 버리네요. 필터가 좋아서 계속 썼는데 얼굴이 자꾸 변형 되니까 못쓰겠어요. 삭제 합니다,ios
B612 Camera&Photo/Video Editor,로그인이안데,2021-01-21 23:02:38+09:00,5,0,"안녕하세요 저는 비육일이를 아주아주 애용하는 사람입니다. 진짜 너무 완벽한 비육일이 어플을 제작해누셔서 감사하고 앞으로도 자주 사용하겠습니다.  그런데 제가 요청하고 싶은 사항이 하나 있는데요, 이게 제 핸드폰(아이폰)만 그런지 잘 모르겠으나 비육일이로 사진을 보정하거나, 사진을 찍고난 후 사진 앱에 들어가면 비육일이 앨범이 따로 생성되지 않고, 그냥 사진이 저장되어 있습니다.. 갤럭시 사용했을땐 비육일이 폴더가 자동으로 생성되어 있었는데, 이 기능이 아이폰이라서 안되는 건가요??   비육일이 폴더가 자동으로 생성되는 기능이 추가되었으면 좋겠습니다. 사진 구별하기에 편하고, 비육일이로 보정하거나 찍은 사진을 주로 사용하는데 따로 폴더가 생성된다면 아주 편리할 것 같습니다ㅠ  원래 기능이 있는데 저만 폴더 생성이 안되는 거라면 해결 방법 좀 알려주세용.. 감사합니다",ios
B612 Camera&Photo/Video Editor,나는야 방탄팬,2021-01-21 15:18:38+09:00,3,0,"진짜 다른사람들이 엄청 많이 해서 와 좋은가보다 하고 깔았는데 스노우에 있는 스티커들,등등 있어서 좀 어이없기도 하고 그랬는데 그래두 카메라화질,필터는 예쁘네요",ios
B612 Camera&Photo/Video Editor,도도가가,2021-01-20 12:25:24+09:00,3,0,다좋은데 사진찍으려고 누르면 갑자기 화면이 꺼지고 홈화면으로 가는데 이거 왜 사진이 안찍히는건가요ㅠㅠ,ios
B612 Camera&Photo/Video Editor,coola1122334455,2021-01-20 08:36:36+09:00,2,0,동영상 왜 이렇게 흔들려요? 진짜,ios
B612 Camera&Photo/Video Editor,사랑해요 BTS,2021-01-18 23:51:30+09:00,5,0,좋은 앱이에요 이렇게 평가하는 이유는 이번에 나온 타임 그거 때문 ㅋㅋㅋ,ios
B612 Camera&Photo/Video Editor,zzddoo,2021-01-18 06:55:28+09:00,5,0,안그랬는데 며칠전부터 동영상 찍을때 화면이  울퉁불퉁??울어요..... ㅡㅡ,ios
B612 Camera&Photo/Video Editor,언니나랑결혼해,2021-01-18 06:09:39+09:00,5,0,다섯개여야 위로 올라갈 수 있을 것 같아서 다섯개 했어요 스티커 직접 만드는 거 png 파일 그냥 올라가게 해 주세요 제발요 ㅠ 어제까지는 잘만 되다가 오늘 갑자기 편집해야만 넘어갈 수 있게 바뀌었네요... 편집도 되고 안 해도 되게 좀 해 주세요 진심 개난감.................,ios
B612 Camera&Photo/Video Editor,하루다나,2021-01-17 19:32:54+09:00,5,0,오려내기 잘 사용하고 있어요 업데이트 후 영역 설정 정확성이 떨어졌어요 그래서 손이 너무 많이 가요 더 불편해 졌는데 왜 업데이트가 되었지요 ㅠ 돌려 주세요~ 오려내기!,ios
B612 Camera&Photo/Video Editor,jcsfhrjkktdv,2021-01-16 19:46:32+09:00,2,0,어느순간 제몸이 슬림해져버리더라구요. 저는 제몸 그대로 나왔으면하는데 앱이 마음대로 보정해버립니다. 없애주세요 몸매 자동 보정을... 엉덩이도 큰데 줄여버리고 허벅지도 건강미있는데 줄여버리고..,ios
B612 Camera&Photo/Video Editor,7둘리6,2021-01-15 18:12:11+09:00,3,0,군인입니다. 어플로 카메라 차단을 해놔서 사진을 찍는게 아니라 편집만 하고 싶어서 들어가려고 해도 카메라가 막혀있어서 들어갈수없습니다. 개선 바랍니다.,ios
B612 Camera&Photo/Video Editor,신뚱자,2021-01-15 00:06:48+09:00,5,0,제가 디게 못생겼는데 어플 사용하다보니 인기가 만아졌어요!!!!!!  짱짱짱!!!!!!!!!!!!!!!!!!!!! 베리굿!!!!!!!!!!!!!!!!!!!!!,ios
B612 Camera&Photo/Video Editor,임주현,2021-01-14 23:09:29+09:00,3,0,어플 잘쓰고 있는데 사진만 찍으면 잘 되다가도 한 번씩 튕겨요,ios
B612 Camera&Photo/Video Editor,셈덩,2021-01-12 11:00:06+09:00,2,0,엄청 잘 쓰고 있었는데 최근 업뎃 이후로 동영상 찍을때마다 화면이 멀미나게 움직여요.  이상합니다. 오류라면 고쳐주세요.,ios
B612 Camera&Photo/Video Editor,뇌뇌치킨,2021-01-10 19:37:49+09:00,3,1,업데이트 전에는 오려내기 기능 잘 쓰고 있었는데  지금은 픽셀이 너무 잘 보여요(네모네모저주 받은 사진 처럼 가장자리들이 ㅜㅜ),ios
B612 Camera&Photo/Video Editor,어유어ㅓ넌,2021-01-09 09:27:00+09:00,5,0,너무너무 좋고요 사진도 굿  바이,ios
B612 Camera&Photo/Video Editor,숨니🧡,2021-01-08 18:02:12+09:00,5,0,정말 좋은거 같아요 스티커도 예쁜게 정말정말 많아서 사진 찍을때 정말 애용하는 사진 어플 입니다 너무 조아요👍👍❤️❤️😘😍,ios
B612 Camera&Photo/Video Editor,은💜예,2021-01-07 11:24:37+09:00,2,0,스티커가 안떠요 굉장히 느려요 속터져서 죽겠어요 앱을 사용 못하겠네요...,ios
B612 Camera&Photo/Video Editor,헤레겍,2021-01-06 22:52:24+09:00,3,0,사진 찍자마자 저장도 안되고 튕겨버리네요,ios
B612 Camera&Photo/Video Editor,엉히,2021-01-05 21:05:12+09:00,4,0,앱을 켜면 전면카메라로 비춰지는 화면에 좌측이 어두웠다가 정상적으로 돌아옵니다. 카메라가 고장난 줄 알았는데 기본카메라는 그런 현상이 없어요. 아이폰 11 pro max입니다.,ios
B612 Camera&Photo/Video Editor,이여은,2021-01-05 14:46:43+09:00,4,0,심심해서 깔아 본 앱을 아주 유용하게 사용하고 있습니다. 단 한가지 아쉬운 점은 멀리서 찍을 때 뷰티필터가 적용이 되지 않습니다. 그것만 개선해 주십시오.,ios
B612 Camera&Photo/Video Editor,urbanboitew,2021-01-05 05:25:56+09:00,5,0,멋진 앱,ios
B612 Camera&Photo/Video Editor,망겜🥊,2021-01-04 23:53:18+09:00,4,0,제목 그대로 너무 너무 잘 쓰는 중이구여 보정할 사람을 고를 수 있는 것도 좋고.. 고양이 찍을수 있는것도 조은데.. ㅜ 때때로 메이크업이 연해지고.. 없어지거나 진하게 해도 연할때가 잇더라구요..ㅜㅜㅜ 그래서 그 부분만 ! 안 좋구.. 다 조아서 강추 강추 합니다 !! 다른 어플은 좀 부자연스럽구 스티커도 별로 없는데 제가 쓰는 카메라 어플 중에 일위에여 !! (2. soda 3. snow )어쨌든 너무 잘쓰고 잇어서 감사합니당당 💋(๑•̀ᴗ-),ios
B612 Camera&Photo/Video Editor,youxth,2021-01-02 22:52:12+09:00,1,0,폰도 엄청 뜨거워지고 사진이 찍으려고 셔터 버튼을 누르면 갑자기 렉 걸리면서 꺼집니다 ㅠㅠ 원래는 안 그랬는데 갑자기 왜 이러나요?,ios
B612 Camera&Photo/Video Editor,로긴성공,2021-01-01 08:28:09+09:00,5,0,왜소,ios
B612 Camera&Photo/Video Editor,띠로리리리롱,2021-01-01 01:02:23+09:00,5,0,사진 찰칵 하면 화면에 반짝 하고 찍히는데 그럼 화면에 원했던 얼굴이랑 다른 결과물이 나와요 플래쉬 터트린거 처럼 반짝 하는 순간 그 반짝한 후의 얼굴이 나오네요 ㅠㅠ 그래서 그냥 화면 캡처해서 찍어요..이거 없애주세요 제발 ㅠㅠ 저 이어플 없이 못사는데 언젠가부터 이래요 ㅠㅠ 부탁드립니다,ios
B612 Camera&Photo/Video Editor,탱_구,2020-12-26 18:16:17+09:00,1,0,이거 삼성 때 유용하게 쓰던 지금은 아이폰7+ 유전데 소다도 그렇고 다 왜그런건지...... 소다도 찍으면 꺼지던데 ㅇ것도 꺼지네요 배터리도 한 번 켰는데 바로 5% 닳아버리네요 ㅃㄹ ㅈㅂ 고쳐줘요........ 홀리몰리,ios
B612 Camera&Photo/Video Editor,쌍고사,2020-12-25 20:37:48+09:00,2,0,보정이좋은..,ios
B612 Camera&Photo/Video Editor,Ar*_,2020-12-25 17:33:38+09:00,1,0,언젠가부터 시작할때 광고뜨고 하나찍을때마다 광고뜨고 이제는 얼씨구5초를기다리라네 누르지도않았는데 지맘대로 앱스토어가 쳐열리질않나 ㅋㅋ 광고제거를 돈받고하시던가 유료버전을내주던가하세요 근데 안살거같긴해요 하도귀찮게해서 그냥다른거쓰는게 안귀찮고좋을듯,ios
B612 Camera&Photo/Video Editor,쑥이531,2020-12-24 18:05:08+09:00,5,0,이젠 이 어플없이는 사진을 찍을수가 없어요..ㅋㅋ,ios
B612 Camera&Photo/Video Editor,나는 너무 예뻐,2020-12-23 12:02:50+09:00,5,0,너무 좋아요 재미있는 것도 있고,ios
B612 Camera&Photo/Video Editor,퉅ㅌㅎ,2020-12-22 22:22:18+09:00,3,0,제가 이 앱을 어..예전에는 아주 잘쓰고 있었는데 이번주부터 튕기기 시작했어요 사진을 절대로 못찍어요 튕기면.  원래 제가 아이폰인데 업데이트를 하면 좀 튕긴다는 말때문에 하지말는 사람들도 있었거든요?(업데이트를) 그치만 그말을 듣기 전에 먼저 업데이트를 해버려서 어쩔 수 었었는데 어느날부터 카톡이나 다른 앱까지 튕기기 시작했어요 예전에. 그래서 그때 아~ 업뎃 때문이구나.. 하고 전원을 껏다 켰는데 더이상 안튕기길레 이번에 이게 튕기기 시작해서 전원을 껏다 켰는데 계속 튕기네요 그럼 핸드폰 문제가 아니라 앱문제겠죠? 튕기기 않게 해주세요,ios
B612 Camera&Photo/Video Editor,dingx91,2020-12-21 11:53:23+09:00,3,0,으악 왜 갑자기 자꾸 튕기는거죠?????? 사진을 찍으면 튕기고 필터 적용하려고 해고 튕겨요 ㅠㅠㅠㅠㅠㅠ,ios
B612 Camera&Photo/Video Editor,할로우먼,2020-12-18 20:19:51+09:00,1,0,업데이트하고나서 앱이 계속 튕깁니다... 사진 찍고 저장되는 속도도 현저히 느려졌고 한참뒤에 다시 찍을수있고 버퍼링이 심해졌어요. 그리고 몇장찍다가 버퍼링 걸리더니 앱이 계속 튕깁니다...,ios
B612 Camera&Photo/Video Editor,윌미22,2020-12-18 09:00:11+09:00,2,0,다 좋은데 좀처럼 사진편집을 하려고 하면 알아서 튕겨 나가고 심지어 터치도 안 돼요...정말 잘 쓰고 있는데 계속 이러면 다른 어플 깔까봐요.... 제발 고쳐주세요ㅜㅠ,ios
B612 Camera&Photo/Video Editor,min kyeong💗,2020-12-17 15:56:43+09:00,2,0,스튜디오... 맨 아래 끝쪽에 있던걸 갑자기 메이크업 있던데로 왔네요? 별로 사용도 안하는데 너무 과해요 이게 옮겨지니까 뷰티 가 화면 왼쪽 중간쯤으로 옮겨졌는데 너어어어어어어어어무 별로에요 앱 자체는 좋아요 화장빨도 많이 세지 않고.. 이번 업뎃 너무 별로네요 다른걸로 갈아탈까봐요,ios
B612 Camera&Photo/Video Editor,remyrimrim,2020-12-11 22:55:11+09:00,5,0,ㅍ저는 포샵 많이 되는걸 원치않는데 피부보정만쓰고싶은데 자꾸 뷰티효과가 고정되어있질않고 앱종료후 다시키면 원래 앱에서 설정해둔 상태로 돌아옵니다 이거좀 빨리바꿔주세요 너무 불편하네요 켤때마다 다시설정해야하고,ios
B612 Camera&Photo/Video Editor,Nastya1324,2020-12-10 10:39:42+09:00,4,0,항상 그러네요,ios
B612 Camera&Photo/Video Editor,BeLoved_Eff,2020-12-08 21:04:44+09:00,3,0,업데하고 안보임...,ios
B612 Camera&Photo/Video Editor,뜽찡,2020-12-06 20:47:33+09:00,3,0,프로12로 바꾸고 사진 끝에 번짐 현상이 있어요 어떻게 해야되나요? 개선 바랍니다,ios
B612 Camera&Photo/Video Editor,Mistletoekiss,2020-12-05 19:17:35+09:00,2,0,초록색에 깨진 화면으로 나와요 ㅠ 수정 시급,ios
B612 Camera&Photo/Video Editor,(❁´▽`❁)๑>ᴗ<๑๑ᴖ◡ᴖ๑,2020-12-05 17:25:45+09:00,5,0,사진과그리고 쳔집 보정 스티커까지 너무 좋아요😄❤🧡💛💚💙💜,ios
B612 Camera&Photo/Video Editor,아이이이이이어오,2020-12-05 11:43:25+09:00,5,0,잘 쓰고있습니다  숏컷헤어도 추가해주세요,ios
B612 Camera&Photo/Video Editor,고민수.,2020-12-04 17:45:08+09:00,5,0,보정 하려고 하면 앱이 강제종료 됩니다.,ios
B612 Camera&Photo/Video Editor,우리집하녀,2020-12-02 14:12:27+09:00,1,0,???? 여긴 왜 안써지고,ios
B612 Camera&Photo/Video Editor,gksdPtmf1209,2020-12-01 08:40:52+09:00,3,0,왜 저장이 안되나요ㅠ,ios
B612 Camera&Photo/Video Editor,진짜짜증나네aaaaaaaaa,2020-12-01 07:44:20+09:00,1,0,진짜 짜증나네 아오,ios
B612 Camera&Photo/Video Editor,선우찡🥰,2020-11-30 11:45:52+09:00,3,0,아니 사진편집하려 들어가면 계속 이상한 앱 뜨고 안들어 가지거든여? 쓸때마다 기분 나빠져서 짜증나요 아니 뭘 만지지도 않았는데 왜그러죠? 제 폰만 이렇다고해도 문제 아닌가요? 정밀 답변좀 주세요,ios
B612 Camera&Photo/Video Editor,채유리 공듀❤️,2020-11-29 19:26:26+09:00,5,0,오늘 깔았는데 엄마도 엄청 좋아하시고 저두 너무 좋아요 이 앱으로 찍은 사진을 카톡 프사로 바꿨어요 엄마도 좋은 어플이라고 칭찬 하시구요 스티커도 다양하고 재밌구 스티커 고르는 재미루 사진 찍어요 무엇보다 사진도 예쁘게 나와요❤️!!~~,ios
B612 Camera&Photo/Video Editor,JJ래빗,2020-11-22 19:22:15+09:00,2,0,찍으려고 하면 자동으로 앱이 꺼집니다. 몇번이고 시도해봤는데 계속 이래요 ㅜㅜ 업뎃 이후에 이러는 것 같은데 앱이 켜져있는 동안에는 문제가 없지만 사용하는 동안 아이폰이 엄청 뜨거워져요. 다른 앱은 문제가 없는데 이것만 이러네요.,ios
B612 Camera&Photo/Video Editor,여주다,2020-11-21 20:36:23+09:00,4,2,안녕하세요!! B612를 정말 즐기고 있는 유저입니다! 제가 동영상 편집을 정말 좋아해요! 근데 거기에 동영상 눌러서 그 동영상에 스티커를 넣는게 잇더라구요! 그레서 처음엔 정말 좋은데 어느순간 부터 한 저장중..에서 50쯤 됫는데 저장실패라고 자꾸 뜨네요. 그리고 재폰은 아이폰7입니다! 그리고 저장실패나오난거 수정좀 해주세요!!! 좋고 사진도 이쁜데 그게 문제에용!!!!!!!!ㅜㅜㅜㅜㅜㅜ 부탁드립니당 그리고 그게 된다면 별 다섯개요!,ios
B612 Camera&Photo/Video Editor,ㅓㅐㅑㅔㅣ,2020-11-21 11:04:45+09:00,1,0,아이폰se2쓰는데 사진찍히는 속도가 너무 느려요  제발 개선해주세요!!!ㅠㅠㅠㅠㅠㅠㅠㅠㅠ,ios
B612 Camera&Photo/Video Editor,크림씌,2020-11-20 15:48:53+09:00,5,0,"너무좋고요!!잘 사용하고있어요!보정도 돼고, 스티커도 다양하고,게임도 있으니..너무 좋고 추천드립니당",ios
B612 Camera&Photo/Video Editor,사탕🐣,2020-11-19 16:49:02+09:00,5,0,안녕하세요!저는 B612아주 만족하게 잘 사용하구있어요!💓스튜디오에선 영상두 만들고 아주 최애앱니당🐣 앞푸로도 많은 발전 기대할게요! 다른앱 같은 왠만한 앱엔 리뷰 안하지만 이건 너무 좋아서 리뷰하네요 앞푸로도 많은 발전 기대해볼게요~ 지금까지 저의 리뷰를 일어주셔서 감사합니다!,ios
B612 Camera&Photo/Video Editor,이가84,2020-11-17 14:37:03+09:00,3,0,업뎃한뒤로 자동으로 뷰티버튼이 켜져서 사진이 이상하게 나와요ㅜ,ios
B612 Camera&Photo/Video Editor,A_in👸🏻,2020-11-15 09:25:06+09:00,4,0,앱 자체는 기능도 많고 스티커도 이쁘고 좋은데 요즘 들어서 왜 이렇게 튕기나요... ㅠㅠㅠ 얼른 고쳐주세요 🙏🏼,ios
B612 Camera&Photo/Video Editor,데헤헤헤헤헤헤헤헤헤헤헤헤헤헤헤헤헤헤헤헤헤헤헤헤헤헷,2020-11-13 17:56:33+09:00,2,0,찍고 있는데 방해함 ㅜㅜㅜㅜㅜ,ios
B612 Camera&Photo/Video Editor,노란생,2020-11-09 18:23:19+09:00,5,0,업그레이드 못 해서 엄마랑 갗이 순정만화 못 하고 있어요 그래서 순정만화를 동생 엄마 나 이럿게 새명 하고 십은데 업그레이드 못해서 갗이 못해요😭😭😭😭😭😭😭😭😭😭😭😭😭😭😭😭😭😭😭😭😭😭😭😭😭😭😭😭😭😭😭😭😭😭😭😭😭😭😭😭😭😭😭😭😭😭😭😭😭😭,ios
B612 Camera&Photo/Video Editor,뷰티 사진,2020-11-09 13:03:27+09:00,5,0,너무 좋음,ios
B612 Camera&Photo/Video Editor,꾸르끌꿀꿀,2020-11-08 21:45:31+09:00,3,0,"징짜 이것만 쓰고 너무 좋은데,, 어느순간부터 동영상이랑 부메랑 화질이 와장창 깨져료 ㅠㅠㅠ픽셀처럼 ,, 아예 보이지도 않더라구요 ㅠㅠㅠㅠ 거의 모자이크 수준 ,, 이거 왜그런가여 ㅠㅠㅠㅠ제발 고쳐주세요 ㅠㅠㅠㅠㅠplz",ios
B612 Camera&Photo/Video Editor,쿠쿠코코쿸ㅎ콬쿸,2020-11-08 18:30:26+09:00,3,0,뭐야 왜 들어가니까 스티커가 적용이 안 됨 필터만 바뀌고 뭐임 이거,ios
B612 Camera&Photo/Video Editor,기맨서,2020-11-06 19:24:24+09:00,1,0,사진 찍으면 앱이 자꾸 튕겨요... 너무 자주 튕겨요ㅠ,ios
B612 Camera&Photo/Video Editor,차니올,2020-11-06 10:28:41+09:00,3,0,아이폰7 키기만 해도 팅겨버려요,ios
B612 Camera&Photo/Video Editor,우으앙ㅇㅇ,2020-11-05 16:38:53+09:00,5,0,"그게 없어졌어요,,,, 업데이트하니깐,,",ios
B612 Camera&Photo/Video Editor,Illlllii,2020-11-03 13:11:12+09:00,3,0,유리같네요 터치 3번 이상 하면 꺼짐 무조건 꺼짐 왜죠 ㅠ 켜놓은앱도 b612뿐인데,ios
B612 Camera&Photo/Video Editor,꾸물이❤️,2020-10-31 23:11:08+09:00,3,0,아이폰 7인데 핸드폰문제는 아닌거 같고 언제뷰턴가 사진이 아예 안찍히고 팅겨버립니다...! 왜이러는 거에요???,ios
B612 Camera&Photo/Video Editor,모아❤️,2020-10-31 15:10:33+09:00,5,0,할말 없어요 그냥 좋아요 오류도 잘 안나고요,ios
B612 Camera&Photo/Video Editor,녹차 카푸치노,2020-10-27 12:04:08+09:00,5,0,예쁘고 귀엽고 웃긴 스티커들이 많고 게임도 많아요 완전 추천요!!!,ios
B612 Camera&Photo/Video Editor,ㅎㅎㅎㄹㅇㄱㄴㄹㅊ,2020-10-26 17:17:19+09:00,5,0,"이거 너무너무 좋아요 ㅜㅜ 이거 순정만화? 이걸로 사진 찍으면 진짜 예쁘게 나오고 ㅜㅜ 만화처럼... 좋은점이 너무너무 많아서 이것만 얘기하고, 그냥 다 생략할게요! 이것만 말하죠.. 너무너무 좋습니다..다른건 이런기능이 없는것도 있어요 이거 한번이라도 써보세요!! 강력추천합니다!",ios
B612 Camera&Photo/Video Editor,👑 𝑆𝐼𝐸𝑈𝑁 ✨,2020-10-25 21:40:34+09:00,5,0,제가 좋아하는 캐릭터 스티커도 많고요 >< 다양하게 꾸밀수있어서 너무 좋은거 같아요 👑✨,ios
B612 Camera&Photo/Video Editor,황자 0429,2020-10-22 17:45:09+09:00,5,0,얼굴 너무 크게나오고 각지게 나오고 너무 밝게 나오기도 하고 막그래요 같은 퓨어필터 써도 그때랑 너무 달라요 ㅠㅠ 너무 오랜만에 사진찍는데 너무 별로예요,ios
B612 Camera&Photo/Video Editor,방키뮤,2020-10-22 16:59:51+09:00,1,0,"B612를 4년정도 사용한거 같습니다. 다른 사진 촬영 어플이 아무리 세부 조절,스마트보정응 해도 B612는 원래 일반 보정 간편하게 할 수 있어서 애용하고 있었습니다. 스마트 보정으로 바뀌고 나서 예전처럼 제대로 사진이 나오지도 않고 어떻게 세부조절을 해도 부자연스럽고 이상합니다.. 제발 작년 올해 초 간편 보정 방식으로 바꿔주셨으면 좋겠습니다. 바뀌고나서 최근 반년간 사진을 못 찍고있습니다. 밑에 다른 리뷰들도 저와 같은 반응이 많은 것으로 보입니다. 세부조절과 스마트 보정을 하나하나 만지기 너무 어렵습니다 ㅠㅠ 세부조절을 없앨 수 없다면 작년 기본 보정도 같이 넣어주세요 ㅠㅠ 제 주변에서도 지금 보정 너무 인위적이라고 예전 보정으로 돌아왔으면 좋겠다 그러고 밑에 글들도 보니 그런 말들이 많습니다 ㅠ 제발 바꿔주세요ㅠ",ios
B612 Camera&Photo/Video Editor,하ㅗ라ㅏ러ㅓ어넌,2020-10-22 16:53:50+09:00,1,0,너무너무잘쓰고있는초등2입니다.어몽어스?어쨌든 그거 스티커 왜 안깔아져요?저 현기증 나니까 빨리 고쳐주세요 1개도 아까워요.점점 B612가 이상해지고 있네요.빨리좀 고쳐주셨으면 좋겠습니다.관리좀 하세요.쓰는사람좀 화나게 하지마세요.라고 저번주 금요일?그쯤에  보냈는데요.이번엔 스티커가 아에 안깔아지네요.ㅋㅋ 참 웃기네요.빨리 고쳐주세요 답 올때까지 이 어플 안씁니다,ios
B612 Camera&Photo/Video Editor,fffff율,2020-10-20 10:51:00+09:00,1,0,ㅜㅜ 저도 동영상 화질문제로 어플에 문제가 있나싶어서 리뷰보러왔네요 저같은 분 좀 계신듯.. 개선됐음 좋겠내요,ios
B612 Camera&Photo/Video Editor,하라라라라라라라ㅏㄹ로러러,2020-10-19 22:06:53+09:00,2,0,어느 순간부터 사진편집 할려고 B621에 있는 갤러리에 들어가면 갑자기 앱스토어로 이동되고 다시 돌아가면 스튜디오 떠있고 정말 짜증나는데 어떻게 안되나요? 저는 현재 아이폰7 쓰고 있고14.0.1버젼입니다 이거좀 고쳐주세요,ios
B612 Camera&Photo/Video Editor,지뇽스러움,2020-10-19 13:38:05+09:00,1,0,왜 자꾸 팅기죠? 어플 켜지는 것도 너무 느리고 버튼 누르는데도 찍히는로딩 오래걸리고 그거 다 기다리면 결과적으로 어플이 꺼져버려요ㅡㅡ,ios
B612 Camera&Photo/Video Editor,디엠좀고쳐줘요젭알,2020-10-18 19:13:31+09:00,3,0,매일 업데이트해도 매일 또 업데이트하라고 떠서 앱을 정상적으로 사용할 수가 없네요.. 업데이트 아까전에 방금 했는데 지금 또 업데이트하라고 뜨고..,ios
B612 Camera&Photo/Video Editor,나도10억,2020-10-17 21:14:48+09:00,5,0,너무좋아요~.정말사진찍기 싫었었는데 20대로돌아간 기분이에요~,ios
B612 Camera&Photo/Video Editor,ㅎㅇㅎㅇㅇㅇ,2020-10-16 23:33:31+09:00,5,0,업뎃하고 정면 카메라로 찍을때 흐릿하게 빛을 너무받아들여서 전체적으로 블러처리된듯나오네요 며칠전까지만해도 선명했는데..,ios
B612 Camera&Photo/Video Editor,화원가입이 안돼ㅐㅐㅐㅐ,2020-10-15 21:41:47+09:00,1,0,사진 보정이 안되네요.. 내 사랑 보정아 어디갔니 왜자꾸 튕기니 난 어직 널 사랑하는데..!!!!,ios
B612 Camera&Photo/Video Editor,캔딕 ㅆㅅ,2020-10-14 16:20:34+09:00,5,0,ㅎㅎㅎ,ios
B612 Camera&Photo/Video Editor,s2347,2020-10-13 20:42:04+09:00,3,0,잘 사용 하고 있었는데 사진 찍고 2초 있다가 어플이 자동아웃 되네요 폰 기종 iphone xr,ios
B612 Camera&Photo/Video Editor,ㅍㅂㅈㄷ,2020-10-13 18:05:14+09:00,3,0,카메라 접근 설정은 있는데 사진 접근 설정이 없어서 저장이 안 되네요 그래서 사진도 날아가고.. 제 폰만 그런 건가요?,ios
B612 Camera&Photo/Video Editor,머마즌,2020-10-12 19:56:25+09:00,1,0,광고 좀 어떻게안되냐....,ios
B612 Camera&Photo/Video Editor,ㅋㅋㅊ퓨ㅜㅏㄹ토ㅛ츄ㅓㅊ롶,2020-10-12 15:33:44+09:00,5,0,B612동영상 편집은 좋은데 조금만 더 동영상을 길게 찍을수 있음 좋겠어요!,ios
B612 Camera&Photo/Video Editor,로운.바스,2020-10-12 11:08:48+09:00,3,0,댕댕이랑 찍을수있게 해주세용 ㅜㅜ,ios
B612 Camera&Photo/Video Editor,나비뽀벳따우,2020-10-12 09:31:37+09:00,5,0,그냥 조아요 써보세여,ios
B612 Camera&Photo/Video Editor,츠랙,2020-10-09 22:46:25+09:00,4,0,스튜디오 포토 영상으로 만드는거에 < Just go! > 배경음악을 알고싶은데 출처가 없어서요,ios
B612 Camera&Photo/Video Editor,박예당,2020-10-09 14:10:59+09:00,1,0,.(((((,ios
B612 Camera&Photo/Video Editor,똥그 리,2020-10-09 10:39:47+09:00,4,0,사랑나라,ios
B612 Camera&Photo/Video Editor,진짜 물어네세요!!,2020-10-09 02:28:45+09:00,1,0,제가 이걸로 배속하고 1분안에 피자먹기 챌린지를 하고 있었는데.. 저장이 안돼서 뭐지 하고 설정갔는데 다 켜져있었거든요??꺼억 그리고 다시 오니 날라갔고 사진 찍어서 저장되나안되나 봤는데 도ㅒ짜나요!!!!!!!!!!!!!!!!!,ios
B612 Camera&Photo/Video Editor,qowhrnckent,2020-10-08 11:55:26+09:00,1,0,사진 찍으면 자꾸 꺼지는데 왜 그렇죠???ㅠㅠㅠㅠ,ios
B612 Camera&Photo/Video Editor,ㅎㅂ져ㅑㅕㅑㅗㅇ뎓,2020-10-07 21:42:04+09:00,1,0,너무 비추천!!!!!!!!!!!!!!!!!!!!!!!!!!!!!!!!!!!!!!!!!!!,ios
B612 Camera&Photo/Video Editor,kong sieun,2020-10-06 07:45:21+09:00,4,0,스티커가 예쁘기도 하고 웃기기도 하고 재미있기도 해서 아주 좋아요. 그런데 저만 그런지 배터리가 너무 빨리 달아요. 게임 할때보다 더 빨리 다는곳 같아요...ㅠㅠ,ios
B612 Camera&Photo/Video Editor,juya2077,2020-10-05 00:52:42+09:00,3,0,원래는 안그랬는데 영상 속도조절시 깨짐현상이 너무 심해요 왜그런거죠? 편집어플문제인가 싶었는데 리뷰보니까 B612어플 자체문제인가보네요 개선부탁드립니다.,ios
B612 Camera&Photo/Video Editor,연링,2020-10-02 14:17:00+09:00,1,0,아이폰 초록색 깨진 화면으로 계속 찍힙니다,ios
B612 Camera&Photo/Video Editor,윈쭈,2020-10-02 11:24:19+09:00,3,0,동영상 완전 다 깨져요 폰 문젠지 알고 식겁했네요ㅠㅠ 어느 정도가 아니라 모자이크 한 것 처럼 깨져요ㅜㅜ 개선 안되면 못 쓸정도네요,ios
B612 Camera&Photo/Video Editor,심각한 광고,2020-09-28 20:49:07+09:00,1,0,앱을 열자마자 나오는 광고 같은 영상이 무서워요. 여자가 화장하고 실눈뜨고 쳐다보는게 공포스러워요. 핸드폰을 떨어뜨릴뻔 했습니다.  괜찮은 광고 많은데 너무 흉칙해요.,ios
B612 Camera&Photo/Video Editor,염병다쓰고있다잖아,2020-09-27 03:56:41+09:00,1,0,이건 뭐 쓸수가 없을 정도로 깨지네요... 왜이러죠?ㅜ,ios
B612 Camera&Photo/Video Editor,선균짱,2020-09-24 15:50:18+09:00,5,0,분명 몇일전에는 됐는데 이상하게 깨져서 사진이 찍혀요,ios
B612 Camera&Photo/Video Editor,ㅏㅇ러라러어,2020-09-24 06:07:31+09:00,5,0,요즘 동영상 찍음 왤케 화질이 깨지죠 전엔 안그랬는데,ios
B612 Camera&Photo/Video Editor,한동18,2020-09-19 00:25:40+09:00,4,0,셀카 찍고 앨범 들어가보면 오류난 것처럼 초록색에 깨진 화면만 잔뜩 있어요.. 다른 카메라나 어플로 찍으면 잘 나오는데 b612만 그래요ㅠㅠ 뭐가 문제인지 모르겠어요..,ios
B612 Camera&Photo/Video Editor,wlqdptj,2020-09-17 09:42:47+09:00,3,0,설정에서 메이크업 기능을 껐는데 도대체 왜 입술 마크가 나오는지 이해가 안되네...,ios
B612 Camera&Photo/Video Editor,김ㅇㅇ하빈,2020-09-17 09:32:17+09:00,5,0,진심 젤좋은데 화질이 ㅠㅠ 유라이크처럼 고화질효과만추가해주세용..제발..,ios
B612 Camera&Photo/Video Editor,Anglinie,2020-09-15 16:52:03+09:00,5,0,너무조아요,ios
B612 Camera&Photo/Video Editor,ㅁㅇㅅㅁㅇ,2020-09-13 00:52:11+09:00,1,0,너무 자주 튕깁니다 아이폰XR,ios
B612 Camera&Photo/Video Editor,아하러어죠여라우프히,2020-09-12 19:29:26+09:00,1,0,자꾸 팅겨요 ㅜㅜ 촬영버튼 누르면 잠시 멈췄다가 바탕화면으로 나가버려요  아이폰8 이예요,ios
B612 Camera&Photo/Video Editor,정정정ㅈㅓㅇ,2020-09-11 23:28:55+09:00,5,0,진짜 몇년전부터 너무 잘쓰고 있어요ㅠ 고마워요,ios
B612 Camera&Photo/Video Editor,마이글 실망,2020-09-11 16:00:59+09:00,5,0,보정 너무 잘되요 ㅠㅠ 제 못생긴 얼굴 예쁘게 만들어 주셔서 감사해요!!ㅠㅠ 게임도 있어서 꿀잼 별 5개도 부족해요 ㅠㅠㅠㅠ 사랑해요!❤️❤️💕💕❤️❤️💕💕😍😍 졀 1000개!!,ios
B612 Camera&Photo/Video Editor,뚁슌,2020-09-09 13:36:13+09:00,2,0,아이폰가용자인데 잘쓰다가 갑자기 올만에 해보니 셀카로는 바로 찍히는데 상대방 찍을려고허면 찍고 어플이 꺼집니당!!!! 계속해봐도 ㅠㅠ 어머니 예쁘게 나와 독사진찍은게 사라졌더니맘 제 불찰인줄알았는데 어플이 ㅠㅠ 자꾸 꺼져요,ios
B612 Camera&Photo/Video Editor,콩지나,2020-09-08 13:11:18+09:00,4,0,잘 쓰고있는데 이번 업그레이드 이후에 촬영할때나 보정 중 계속 앱이 꺼져버려요ㅠㅠ,ios
B612 Camera&Photo/Video Editor,Leeje9911,2020-09-07 21:53:55+09:00,5,0,모든 스티커 한 번에 다운받기 버튼 만들어 주시면 좋겠어여,ios
B612 Camera&Photo/Video Editor,호두야밥먹자,2020-09-07 05:16:01+09:00,3,0,항상 잘 쓰고있었는데 요근래 너무 잘 튕겨요=_= 진짜 뽝칠정도로 튕기니까 어떻게 좀 해보세요 ㅡㅡ,ios
B612 Camera&Photo/Video Editor,라현콩,2020-09-06 21:44:15+09:00,1,0,저희 동생 b612에는 귀여미 스티커가 뜨는데 제꺼 b612스티커에는 기여운 스티커가 안떠요 고쳐주세요 !!! ㅡㅡ   얼굴에 낙서한듯한 입 쪼꼬맣고 눈 대왕처럼 큰 스티커 그거 업데이트해주세요,ios
B612 Camera&Photo/Video Editor,pzemhslysc,2020-09-05 21:40:41+09:00,3,0,"카메라 너무 좋은데 광고 진짜 스트레스 받아여,,딱 찍으려는데 광고뜨면 그 순간 놓쳐서 못찍고,,후우 여느 보정카메라 다 그렇지만 셔터 누르고 2-3초 후에 찍히는거 아는데 언제부턴지 그게 좀 심해지내요ㅠㅠ",ios
B612 Camera&Photo/Video Editor,yeom0313,2020-09-05 03:04:24+09:00,3,0,옛날에 뽀록뽀록 소리나는 분홍색 하트 필터 어디 갔나요? 진짜 너무 하세요 그거 정말 이쁘고 사람들도 많이 썼는데 지금 완전 이상한거만 남겨놓으시고 너무하신거 아니에요? 다시 만들어주세요 제발,ios
B612 Camera&Photo/Video Editor,OilmQu,2020-09-02 17:25:59+09:00,3,0,다 좋은데 아이래쉬가 왜 갈색으로 적용되는지 모르겠네요~ ㅠㅠ,ios
B612 Camera&Photo/Video Editor,랴닝닝,2020-09-01 21:25:59+09:00,2,0,왜 자꾸 사진 찍기 버튼을 누르면 저장도 안 되고 튕기는 걸까욤 ??,ios
B612 Camera&Photo/Video Editor,초보채널만들어주세요,2020-09-01 20:59:08+09:00,5,0,닮은꼴찾기 장원영 나왓내요별점5점드림,ios
B612 Camera&Photo/Video Editor,눈난누누라아류아나,2020-08-31 13:24:42+09:00,4,0,좋긴 좋은데 너무 흔들리네여..그부분은 개선 부탁드립니당—,ios
B612 Camera&Photo/Video Editor,미날EE,2020-08-31 03:16:28+09:00,4,0,굉장히 잘 써왔는데 갑자기 사진 찍으면 앱이 종료되고 사진도 저장되지 않습니다. 혹시나 싶어 지우고 다시 깔아도 그래요ㅠ,ios
B612 Camera&Photo/Video Editor,김하윤 사랑해 ^^~,2020-08-29 22:49:33+09:00,5,0,호호호 ㅎㅎ,ios
B612 Camera&Photo/Video Editor,엘언니,2020-08-28 18:54:16+09:00,5,0,보정도 잘되고 나에게 맞는 얼굴형과 추천해주니까 더 좋아요 지금까지 B612로 찍은 사진들 다 프사로 했더니 친구들 사이에서 인싸됐네요 ㅎㅎㅎ 셀카앱 깔으실려면 B612 강추드려욥😍😍,ios
B612 Camera&Photo/Video Editor,닝네임입력해,2020-08-22 15:49:55+09:00,1,0,광고 진짜 너무하게도 뜨네욬ㅋㅋㅋㅋㅋㅋㅋㅋㅋㅋㅋㅋ,ios
B612 Camera&Photo/Video Editor,kk0894,2020-08-20 14:13:25+09:00,1,0,언젠가부터 튕김이 너무 심해서 쓸수가없네요 아이폰8입니다 찍으려고 켜고 촬영누르면 바로 튕겨요 계속 튕겨서 찍을수가 없네요 갈아타야겠어요,ios
B612 Camera&Photo/Video Editor,Popcorntree,2020-08-20 09:38:12+09:00,4,0,설정에서 자동메이크업? 기능 끄고 스티커 아무것도 없이 클린으로 찍는데 애 입술이 빨갛게 따라다니네요. 메이크업 눈키우기 다 변형없이 톤만 적용해서 찍고 싶은데요.,ios
B612 Camera&Photo/Video Editor,플라워_,2020-08-17 15:26:55+09:00,3,0,앱을 켜고 사진을 찍으면 찍히는 속도가 너무 느려요. 빠르게 찍히고 저장될수 있게 개선부탁드립니다. 그것만 아니면 정말 좋은 어플이에요.,ios
B612 Camera&Photo/Video Editor,B612팬,2020-08-16 12:16:18+09:00,4,0,저는 예전에 스노우를 썼는데 핸드폰을 바꾸면서 이앱을 깔았는데 최고예요!,ios
B612 Camera&Photo/Video Editor,디에취씨,2020-08-15 20:57:20+09:00,2,0,수정해주세요!!!! 계속 얼굴이 안 보이고 느립니다 어떻게 좀 해주세요,ios
B612 Camera&Photo/Video Editor,고양고양🐈,2020-08-15 14:48:20+09:00,5,0,너무 좋아요 무료고 스티커도 이쁘고 대박,ios
B612 Camera&Photo/Video Editor,팬이예요,2020-08-13 14:54:53+09:00,3,0,잘쓰고 있었는데ㅡ어제부터인가. 이 어플사용하면서 열이 나네요 ㅠㅠ왜그런거죠? 아마20분요?그정도 ㅡ다른어플들은 30분 이상해도 괜찮은데ㅡㅜ,ios
B612 Camera&Photo/Video Editor,Hwans0502,2020-08-13 13:38:48+09:00,1,0,아놔 뷰티 모드 있는건 좋긴 한데 ... 이걸 기능을 완전 끌수도 없고  그냥 필터만 사용하고 싶은데 그게 안되더라고요  뷰티모드 되는 뒤로는 사용하고 싶은 마음이 사라졌네요,ios
B612 Camera&Photo/Video Editor,손예진 언니,2020-08-11 20:35:53+09:00,5,0,세로운스티커 만들어주세요,ios
B612 Camera&Photo/Video Editor,devilonmyshoulders,2020-08-11 13:09:34+09:00,5,0,Hi me and my sister really love this app and we thought maybe you could add these sticker ideas. I thought maybe a sticker inspired by catra in She-ra. Also I sometimes can’t find the stickers that used to be here. Please consider my idea. Thank you!!!,ios
B612 Camera&Photo/Video Editor,이무아,2020-08-04 20:10:51+09:00,3,0,사진만 찍으려고 하면 튕기고 핸드폰이 뜨거워 지네요 그거 빼고는 괜찮습니다 👍,ios
B612 Camera&Photo/Video Editor,수여니니니,2020-08-04 09:40:29+09:00,1,0,아이폰7 사용중입니다 사진찍으려는 동시에 어플키고 촬영뉴르면 강제 종료가 되버립니다 그리고 앱 사용시 핸드폰이 너무 뜨거워져요;; 사진을 찍을수 없는 어플이 되버렸네여;,ios
B612 Camera&Photo/Video Editor,라라 K,2020-07-30 00:36:22+09:00,5,0,메이크업도 스티커도 예쁜게 많고 다양해서 좋아요,ios
B612 Camera&Photo/Video Editor,복대지어쩌고,2020-07-28 23:36:32+09:00,2,1,다시 찍으려고 다시 들어가도 계속 꺼져요,ios
B612 Camera&Photo/Video Editor,진블로우,2020-07-28 20:25:53+09:00,4,0,이전 버전게 좋은데 업데이트 된 이후로 전에 기능이 안되네요 ㅠㅠ 이전 버전 다운은 못하나요 ㅠ,ios
B612 Camera&Photo/Video Editor,skfbisndk7642,2020-07-27 16:21:08+09:00,2,0,갑자기 사진 찍기만 하면 어플 꺼져요;; 아이폰 7입니다 왜그런건가요,ios
B612 Camera&Photo/Video Editor,김슬픔,2020-07-27 01:52:24+09:00,3,0,항상 B612를 써왔지만 밤에 사진 찍고 아침에 사진 찍고 등등 사진 찍을때는 ㉰ 이 앱을 씀 근데 갑자기 제 코에 인식이 돼더라고 요҉ .. 진짜 제 코㉮ 이상한 건 알겠지만 너무 슬프고 진짜 살짝씩 눈물이 나오네요,ios
B612 Camera&Photo/Video Editor,Eggegg100*,2020-07-26 19:12:19+09:00,3,0,최근 업데이트후 기본 카메라도 너무 뽀샤시하게 보정이 되네요.  보정없이 예전처럼 나오게 해 주세요.  너무 인위적입니다.,ios
B612 Camera&Photo/Video Editor,ㅇ오오오ㅗ오ㅗ오오오오,2020-07-25 17:38:09+09:00,5,0,스튜디오에서 동영상만들고 있는데 자꾸 앱이 나가져요.전원을 껐다켜봐도 똑같아요 다른건 좋은데......그리고 왜 투게더 스티커 사라졌나요?이것들만 보안해주면 좋을것같아요,ios
B612 Camera&Photo/Video Editor,미키💙,2020-07-23 16:30:48+09:00,1,0,예전부터 계속쓰고있었는데 최근 업데이트부터  기본카메라도 자동으로 보정되서 별로네요.. ㅠㅠ 최근 업데이트 전으로 돌아가고싶어요😭,ios
B612 Camera&Photo/Video Editor,Soyun♥️,2020-07-13 22:18:31+09:00,5,0,이렇게 재미있는 프로그램을 만들어 주셔서 감사합니다.❤️ 앞으로 더 재미있는 것들 만들어주세요^^❤️,ios
B612 Camera&Photo/Video Editor,따아오오유유유우유뉸컁컁,2020-07-10 21:39:03+09:00,1,0,전보정으로 돌려주세요 업데이트 자동으로 됐는데 세부 보정으로 얼굴 보정할때 너무 얼굴이 부자연스러워보여요..ㅠㅠㅠㅠ 너무 인위적으로 뾰족한 느낌으로 뽀샵돼요 제발 업뎃 전 보정으로 바꿔주세요 제발 제발요,ios
B612 Camera&Photo/Video Editor,프린세스 스타,2020-07-10 16:24:19+09:00,5,0,이 앱을 사용한지 3년쯤 됐습니다. 좋은점은 스티커도 많고 이쁘고 재미있어서 추천하는데 단점은 동영상등에 음악을 넣을 수 있는데 제 폰만 그런지는 모르겠지만 얼마전에 업데이트 한 후에는  몇가지 음악은 (와이파이 있어도) 안틀어져요 그리고 사용하면 금세 배터리가 빨리 없어지고  폰이 뜨거워져요 그리고 이 앱을 키면 좀 시간을 많이 기달려야 하고 이미 다운로드 한 스티커가 또 생기고 하는데 다른 분들도 그러신가요?? 그 점을 빼면 화장이나 동영상 편집등은 아주 좋습니다,ios
B612 Camera&Photo/Video Editor,알림 x,2020-07-08 14:24:08+09:00,1,0,야이 시새발끼들아 업뎃 전으로 돌려놔라 뷰티기능 중 내추럴 기능으로 인생샷 맨날 건졌는데 그걸 없애면 어쩌자는 거냐 정정해라,ios
B612 Camera&Photo/Video Editor,봄들애,2020-07-07 04:20:17+09:00,4,0,"안녕하세요 b612님..! 실례지만 제가 자주쓰던 스티커 두개가 사라져서 이렇게 디엠 보냅니다..! 연분홍색에 😍😉🙂💕💖💘💗이런 이모티콘이 들어간 스티커랑 , 러브모드 스티커가 사라졌어요..! 즐겨찾기도 해놨었는데 혹시 아예 사라진건가요? 이 스티커만 사용했는데 사라진거같아서요",ios
B612 Camera&Photo/Video Editor,위티트,2020-07-06 20:24:34+09:00,5,0,동영상도 포토샵보정 조절이 가능했으면 좋겠어여ㅠㅠ,ios
B612 Camera&Photo/Video Editor,오성특급,2020-07-02 18:16:13+09:00,3,0,ㅡㅡ저번 업뎃하고 발열 좀 줄어들었는데 이번에 업뎃하고 발열 개존나 또 심해짐 개 ㅂㅅ같은 스티커업뎃 작작하고 발열부터 잡으세요 아 빡쳐 폰 ㅈㄴ 뜨거,ios
B612 Camera&Photo/Video Editor,레이빌리,2020-07-02 16:58:12+09:00,5,0,안녕하세요 B612를 참 잘쓰고있어요 그런데 보정이 너무 쎄서(?) 프로필 사진 을 할때 조금 고민하곤 해요 보정이 조금 자연스럽게 됬으면 좋겠어요,ios
B612 Camera&Photo/Video Editor,희망사항너무많아,2020-06-30 12:31:23+09:00,5,0,뷰티를 올리면 옆에 벽이 찌그러져서 불편해요  남자친구랑 사진찍으면 남자친구 얼굴이 너무 뾰족해져요 사람마다 뷰티 다르게 설정할수있으면 대박 날꺼같아요  그럴수만 있으면 유로라도 구매의사 있습니다  ㅋㅋㅋ,ios
B612 Camera&Photo/Video Editor,욘욘욘욘룐,2020-06-29 12:30:07+09:00,3,0,언젠가 업그레이드 하고나서 분할사진+분할동영상 됐었는데....그 기능이 사라져서 잘 이용하던 사람은 불편해요. 동영상으로도 분할촬영 가능하게 해주세요...ㅜㅜ,ios
B612 Camera&Photo/Video Editor,돌려주라주ㅏㅏㅏ,2020-06-28 17:23:50+09:00,3,0,스티커 왜 없어졌나요 잘 쓰던 스티컨데 돌려주세요ㅠㅠㅠㅠㅠ 스티커~~~~ 예전이 훨 자연스럽고 이쁨,ios
B612 Camera&Photo/Video Editor,스프링크릭,2020-06-27 14:54:05+09:00,5,0,항상 재밌는 카메라 이어서 너무 좋습니다 ~,ios
B612 Camera&Photo/Video Editor,조짐이모하다,2020-06-26 20:41:27+09:00,2,0,사진밖에 못해요?,ios
B612 Camera&Photo/Video Editor,냥이쨩,2020-06-26 19:02:49+09:00,5,0,너무 예쁜스티커가 많고 좋아요!한가지 아쉬운건 단점이 없어요!,ios
B612 Camera&Photo/Video Editor,jk47auto,2020-06-24 16:56:36+09:00,5,0,저는 이 애플 너무 좋은데요! I love this app! Does some amazing things without any effort!,ios
B612 Camera&Photo/Video Editor,공듀병,2020-06-23 18:52:28+09:00,5,0,"안녕하세요? 전 ###인데여, 스노우 덕분에 많은 재미를 느낄 수 있게 됐어요❤️ 이 앱을 많들어 주셔서 정말 감사합니다~!",ios
B612 Camera&Photo/Video Editor,ㅂㅊㅇㅇㅇㅇㅇ,2020-06-22 02:24:12+09:00,5,0,찾는 스티커를 못찾겠네요ㅠ 스티커 검색이 있으면 편할것같아요!!,ios
B612 Camera&Photo/Video Editor,유진걸123,2020-06-19 21:38:10+09:00,1,0,뷰티 설정 해놨던 거 다 초기화 됐네요 ㅡㅡ  어떻게 된건가요 ㅡㅡ 열받네요 돌려주세요 후...,ios
B612 Camera&Photo/Video Editor,sasongggggg,2020-06-19 19:05:03+09:00,2,0,애용하는 어플인데 어느순간부터 멀리서찍을때 뒷카메라로는 얼굴인식이안되는지 거의 포샵이안되요;; 매우 당황스러움 갈아타야함..,ios
B612 Camera&Photo/Video Editor,갈레,2020-06-18 15:31:45+09:00,5,0,우리나라 카메라 어플들 특징 처음엔 필터들이 예쁘고 특색있다가 업데이트를 거듭할수록 줘 ㅈ 나 구려짐  원래 여행 필터를 좋아했는데 이번에 자동업데이트 되는 바람에 망해버렸다.. 완전 누렁누렁 누렁이 필터 되버렸네 왜 자꾸 필터 손보고 난리들인지 아오,ios
B612 Camera&Photo/Video Editor,땅고마 라희,2020-06-17 20:55:16+09:00,4,0,올해 11살 되는 학생 입니다.B612는 참 좋지만 콜라주 만드는 것이없어 조금 아쉬워 별하나를 넣지 안았습니다.그치만B612는 정말좋은 앱인것 갔습니다.화장도 이쁘고 이모티콘도 다양하고ㅎㅎㅎ그래서 한마디로 좋다는 것 입니다,ios
B612 Camera&Photo/Video Editor,ekekekgl,2020-06-13 22:52:28+09:00,5,0,아이폰11프로 사용중인데 어플 안깔려요,ios
B612 Camera&Photo/Video Editor,oomif,2020-06-13 18:45:14+09:00,5,0,친구들이 다 소* 쓰래서 써보니 전혀 조정이 안 되고 필터만 껴지더군요 화장도 정말 자연스럽고 b612 짱짱짜아ㅏ앙!!,ios
B612 Camera&Photo/Video Editor,저스틴짱,2020-06-10 13:27:56+09:00,4,0,부메랑 어디갔어요????????,ios
B612 Camera&Photo/Video Editor,찐@땡빵,2020-06-07 14:58:57+09:00,5,0,"음ㅁㅁ 제가 평소에 별루 리뷰 안하난 편이뎅,,,, (*˙˘˙)♡ 요 카맬앱이 넘넘 좋아서 얼만에 리뷰썻어요@  쓴지 거의 1년이나 되었는뎨 아직도 찐으로 좋아서 리뷰써요^^  져는 혹시 몰라 말씀 드리는데 아이폰 유저입니당!!  제작자님은 너무 감사드립니다!!  저는 snow도 쓰던 거의 모든ㄴ 카맬앱은 다 썻었는데 제가ㅜ보기엔 B612가 가장 죠아요♡♡( ᵒ̴̶̷̥́ _ᵒ̴̶̷̣̥̀ )  감̆̈사̆̈합̆̈나̆̈다̆̈@",ios
B612 Camera&Photo/Video Editor,미지자자잦자,2020-06-06 17:45:11+09:00,5,0,후면카메라 사용할때 좌우가 반전되는데... 어플 지우고 다시 깔아봐도 똑같아요ㅠㅠ다른 어플은 괜찮은데.. 어떻게해야하나요?,ios
B612 Camera&Photo/Video Editor,lightning993,2020-06-06 12:50:52+09:00,1,0,폰으로 해봐도 안되고 아이패드로 해도 안되고 재설치 해도 메이크업 기능은 먹히지가않네요.,ios
B612 Camera&Photo/Video Editor,pome1262,2020-06-06 10:10:30+09:00,1,0,예전에는 다른 스티커적용한 상태에서 보정스티커도 같이 적용됐는데 이제는 스티커적용하면 세부조절 얼굴형? 그걸로 보정되나요? 완전 그지같네요 예전버전이 더 나아요 멈춤현상도 많고 이주 별로네요,ios
B612 Camera&Photo/Video Editor,dkepeihebdnksks,2020-06-05 15:46:56+09:00,1,0,수시로 버벅 거리고 꺼져서 저장도 안되고 .... 오류가 너무 많아요,ios
B612 Camera&Photo/Video Editor,효리효나,2020-06-05 02:43:12+09:00,5,0,핸폰 파손으로 리퍼받고 새로 깔앗는데 ㅠ 스티커 즐겨찾기가 없어졋어요 암만찾아봐도 안보이는데 예전꺼도 올려주세요 ㅠ,ios
B612 Camera&Photo/Video Editor,악어새11,2020-06-04 10:43:12+09:00,3,0,왜 없어진거죠?  쓰다보니 점점 불편해 져요,ios
B612 Camera&Photo/Video Editor,밥깍꿍,2020-06-02 01:08:04+09:00,1,0,구버젼으로 바꿔주세요 ㅠ ㅠ,ios
B612 Camera&Photo/Video Editor,왴,2020-06-01 18:48:48+09:00,1,0,업데이트 하고 사용하던 스티커 사라지고 안보임 아무리 찾아도 안보임 ㅡㅡ 업데이트 전이 더 좋고 이상한것만 잔뜩 생겨서 정신만 사나움 업데이트 하려해도 이전 스티커는 왜 없어진건지 이전버전으로 해주세요 ㅡㅡ,ios
B612 Camera&Photo/Video Editor,넌is뭔듦ㅈ,2020-05-31 05:58:52+09:00,4,0,몇년째 잘 쓰고있는데 갑자기 사진만 찍으면 강제종료 되네요ㅠㅠ 어플 업데이트 하고 삭제했다 다시 깔았는데도 해결이 안 됩니다,ios
B612 Camera&Photo/Video Editor,i이폰11,2020-05-30 23:03:59+09:00,5,0,셀카 별로 안찍어서 친구들하고 찍을때 좋네요! 치아미백 맘에들어요!,ios
B612 Camera&Photo/Video Editor,ㅗ마,2020-05-30 21:55:36+09:00,5,0,노노,ios
B612 Camera&Photo/Video Editor,조현혜,2020-05-30 15:06:57+09:00,5,0,스티커가 다양해서 좋았어요,ios
B612 Camera&Photo/Video Editor,옘생,2020-05-30 15:05:19+09:00,5,0,ㅜㅜ,ios
B612 Camera&Photo/Video Editor,ㅎㅇ로ㅗㅓ,2020-05-30 14:24:03+09:00,2,0,업데이트 전에 굳이 손대지 않아도 자연스럽게 내 얼굴에 살짝 보정된 느낌이였는데 지금은 무슨 성괴 같이 나와요. 세부설정 들어가서 보정 다 꺼봐도 영 어색하고.. 아이 사진 찍으면 정말 이뻤는데 아이마저 성괴로 변하는 어플이 되어 손이 잘 안가네요. 최애 어플이였는데 제발 업데이트 전으로 바꿔주세요.,ios
B612 Camera&Photo/Video Editor,ㅌ탵,2020-05-30 10:04:21+09:00,1,0,저와 제 지인들 의견입니다 이 어플은 부자연 스러운 다른어플에ㅜ비해 세부조정으로 얼굴을 조정할때 자연스럽고 눈 사이좁히는것도 다른어플은 눈 앞머리를 부자연스럽게 트는데 예전에 이 어플은 눈 자체를 안으로 모아주는게 너무 자연스러워서 좋았는데 업뎃하고나서 이상해졌어요 성괴같아요 다른 어플처럼 부자연스러워졌어요ㅠ 되돌려주세요ㅠㅠㅠㅠㅠ,ios
B612 Camera&Photo/Video Editor,Semo09,2020-05-29 19:56:39+09:00,5,0,이쁜거 진짜 많아요 ㅊㅊ합니다!,ios
B612 Camera&Photo/Video Editor,ㅇㅇㅇㅎㅎㅎ,2020-05-29 15:37:40+09:00,1,0,어제부터 앱을 껐다 키면 보정 전상태로 나와요 얼굴 인식을 못하는듯? 세부보정에서 뭐 하나 만져야 제가 설정했던 보정된얼굴로 바뀌어요 버그 수정해주세요!!!,ios
B612 Camera&Photo/Video Editor,키위먹깨비,2020-05-28 15:12:09+09:00,1,0,계속 튕김  찰칵 하는 순간 꺼져버림,ios
B612 Camera&Photo/Video Editor,Rrtsh,2020-05-27 11:31:50+09:00,5,0,너무 예쁜 스티커가 많고 웃긴 스티커도 많아서 좋아요 또 다른 스티커 많이 만들어 주세요 부탁 합니다,ios
B612 Camera&Photo/Video Editor,행방마야_*,2020-05-24 05:12:49+09:00,5,0,이거 스노우랑 연관돼어있나요? 저는 스노우랑 이거 같이쓰고있는데 스티커가 다 비슷비슷하네요;;,ios
B612 Camera&Photo/Video Editor,꾸슬이,2020-05-24 00:20:24+09:00,5,0,눈어플보다 좋다능 ⭐️ 이 어플로 인해  셀카 찍을맛이 난다능 ㅇㅅㅇ채고 👍🏻,ios
B612 Camera&Photo/Video Editor,Apurva_5105,2020-05-23 22:08:12+09:00,1,0,"You took the best filter with the update , bring back the old filters thankyou!",ios
B612 Camera&Photo/Video Editor,초이727,2020-05-23 16:29:03+09:00,5,0,다양한 스터커를 해가자고 직접 화장한것 같았어요,ios
B612 Camera&Photo/Video Editor,토마톱,2020-05-21 15:09:59+09:00,5,0,전화올때 비디오모드 촬영한거 사라져서 진짜... 후 아기영상 찍고잇는데 찍기도 어려운데 여론조사 전화와서 끊고 들어가보니 촬영 한거 다 날아감.. 자동저장설정해놔도 비디오 촬영한거는 자동 저장이 안되네요 정말 속상해요,ios
B612 Camera&Photo/Video Editor,끼뮤님,2020-05-21 10:26:34+09:00,1,0,다른건 다 좋은데 툭하면 사진 촬영 실패라고 뜨고 어플 몇번을 껏다켜도 화면 안나오고 까맣게 나오고 진짜 불편해요ㅡㅡ 수정좀 해주세요 버그!!!!!,ios
B612 Camera&Photo/Video Editor,까칠한 언니,2020-05-20 08:50:18+09:00,5,0,프레임에 T자가 들어있는건 무슨 뜻인가요?그 프레임 쓸수없는건가요?,ios
B612 Camera&Photo/Video Editor,호얏호,2020-05-19 02:17:43+09:00,5,0,아이폰11 쓰는 유저입니다 스노우는 사진을 찍으면 갤러리에 따로 스노우 폴더가 생겨서 사진 찾는게 쉬웠는데 b612도 따로 폴더를 만들어 주실순 없는건가요..ㅠㅠ 셀카 찾는게 넘나 힘들어요ㅠㅠ,ios
B612 Camera&Photo/Video Editor,하투도도,2020-05-18 18:58:49+09:00,5,0,이런 보정되게 찍히는앱 쓰는게 기본캠처럼 안나오게 하는건데 왜 전면에서는 예쁘게 나오는데 후면에서는 기본카메라에 필터만 씌운 것 같이 나오나요 ㅠㅠ 후면도 전면같이는 아니어도 조금 더 전면이랑 비슷한 얼굴로 나올 수 있게 해주세요ㅠㅠ 후면만 너무 기본캠 같아서 후면으로는 사진 못 찍겠어요,ios
B612 Camera&Photo/Video Editor,유유오넌,2020-05-17 23:23:35+09:00,1,0,제발요 제발...아ㅠㅠㅠ,ios
B612 Camera&Photo/Video Editor,옼로로ㅓ,2020-05-17 23:22:31+09:00,1,0,제발 예전버전으로 바꿔주세요 지금 보정은 너무 부자연스러워요 사람들 다 구버전으로 바꿔달라하잖아요 바꿔주세요 제발 지금은 쓰기 싫음,ios
B612 Camera&Photo/Video Editor,아무말이나,2020-05-16 22:50:47+09:00,3,0,화면 두번 눌러서 화면 전화할때 촬영중이던 화면이 그대로 뜨네요.... 모자이크나 블러로 수정 부탁드립니다,ios
B612 Camera&Photo/Video Editor,훌쩍하안,2020-05-15 13:13:09+09:00,2,0,업데이트전에는 포샵 엄청해도 주변풍경이나 물건이 막 찌그러지진않았는데 업데이트하니깐 찌그러지고 난리가 났어요....,ios
B612 Camera&Photo/Video Editor,킴가람,2020-05-14 13:30:25+09:00,5,0,ㅠㅠ 화질이 아쉬워요,ios
B612 Camera&Photo/Video Editor,개미미김김,2020-05-14 02:11:10+09:00,2,0,세부조절할때 얼굴을 하나하나 조절하는갓말고 예전처럼 한번에 조절할 수 있도록 하나 만들어주세요ㅠㅠ 너무너무 잘쓰고있었는데 업데이트 후에 다 없어져버렸어요,ios
B612 Camera&Photo/Video Editor,업데이트다시요,2020-05-13 01:07:31+09:00,1,0,얼굴 전체 시바견으로 바뀌는거 다시 나오게 해주셔요,ios
B612 Camera&Photo/Video Editor,제발 업뎃좀 해주세여 ㅜㅜ,2020-05-12 23:54:17+09:00,2,0,기존 나한테 맞춰놓은 새부 보정 설정 다 날라가서 1차로 당황 사진찍을때마다 사진첩에 사진이 저장이안되서 2차당황 ㅠㅠㅠ 원래 앱 리뷰 잘 안쓰는데 예전 버전이 정말 훨훨 좋네요 ㅠㅠㅠ 다른앱보다 보장진짜 잘되서 이것만 쓰는데 너무 아쉽 ㅠㅜ,ios
B612 Camera&Photo/Video Editor,rungrung,2020-05-10 23:53:49+09:00,1,0,이번 업데이트 하면서 간편보정 기능 없어졌나요? 진짜 편했는데ㅜㅜ 그걸로하면 보정 10초도 안걸렷는데ㅜㅜ 제발 그기능 살려주세요,ios
B612 Camera&Photo/Video Editor,wink92,2020-05-10 17:40:08+09:00,5,0,이앱 스노우 대신쓰는데 완전짱 이에욤 그런대 아래쪽에 B612마크가 쫌...... 그마크 없어 주실수 있나요??,ios
B612 Camera&Photo/Video Editor,요르 이쁘니,2020-05-10 13:47:57+09:00,2,0,좋은데..비디오의 음악이 최신곡이 없어서 아쉬워요ㅠㅠk pop최신곡좀 넣어주세요!!,ios
B612 Camera&Photo/Video Editor,윤식이😀😀,2020-05-10 12:12:40+09:00,4,0,얼굴이 상하로 나뉘고 위에는 예쁘게 밑에는 뚱뚱하게 나오는 스티커 없어진 것 같던데 복구해주시면 안되나요? 그 스티커 때문에 b612 쓰는데요 ㅠㅠ,ios
B612 Camera&Photo/Video Editor,쥉쥉,2020-05-09 23:45:57+09:00,4,0,사진을 찍을때 연속으로 찍으면 사진이 찍히는듯한데 저장은 안돼요 왜 이럴까요??? 빨리 찍든 느리게 찍든 다 저장이 잘 되었으면 좋겠습니다.,ios
B612 Camera&Photo/Video Editor,love-jjun,2020-05-08 10:39:05+09:00,1,0,"안녕하세요, 앱을 오랫동안 이용해 온 사용자입니다.  3월 말 업데이트 이후 아무설정 하지 않았는데 갑자기 아기 얼굴에 메이크업이 되면서 근 한달 이상의 사진이 이상한 모습으로 남아 너무너무 속상합니다. 적용이 심하게 되지 않은 사진들도 있어서 그냥 쓰던 중에, 이상하다고만 생각하다가 혹시나 싶어 리뷰를 봤는데 이게 업데이트 이후 메이크업 등 효과가 자동으로 적용되어진 걸 알았네요..   향후 업데이트 시에, 이런 보정 기능들은 설정값으로 자동 설정되는 것이 아니라 수동으로 선택할 수 있도록 해 주시면 좋을 것 같습니다.  그리고 미봉책이긴 하지만, 향후 업데이트 시에 메이크업(컨투어/볼터치/립스틱 등) 및 뷰티(코좁게/피부/모공 등등) 기능을 음(마이너스,-)의 방향으로 편집 가능하게 제공해 주시면 기존에 망친 사진들을 조금이라도 다시 되돌려보고싶네요 ㅠㅠ",ios
B612 Camera&Photo/Video Editor,이저야오,2020-05-07 07:32:49+09:00,5,0,너무 잘 사용중입니다. 분위기 있는 필터들도 많아서 너무 좋아요. 이런 필터들에 같이 쓸 수 있는 그레인 효과도 넣어주실 수 있을까요? 필터에 그레인 효과를 넣었다 뺐다 할 수 있으면 풍경이나 사물 찍을 때 정말 좋을 것 같습니다.,ios
B612 Camera&Photo/Video Editor,neonroofss,2020-05-07 00:27:08+09:00,5,0,기본 카메라로 찍은 다음에 보정을 하고 싶을 때가 있는데 그 때 매번 조정하느라 조금 귀찮은 감이 있어요 자기가 커스텀한 설정을 보정할 때 붙여넣어서 불편함을 줄이면 좋겠습니다,ios
B612 Camera&Photo/Video Editor,아쨩쨩,2020-05-04 20:10:51+09:00,3,0,오랜만에 어플켰더니 머가 바뀐건지 스티커들이 다 사라지고 계속 다운중이라고만 뜨고 다운도 안되네요 왜 이런건가요?,ios
B612 Camera&Photo/Video Editor,아유니!~~,2020-05-03 19:04:41+09:00,5,0,앱 이 너무 좋아요!~ 엄마때문에 게임을  못 깔았는데 게임도 조금 있어서 좋아요!!!,ios
B612 Camera&Photo/Video Editor,싸칠이,2020-05-03 14:19:31+09:00,5,0,아주재미있어요!!!,ios
B612 Camera&Photo/Video Editor,붕어싸만코는 맛있어요,2020-05-03 01:36:56+09:00,5,0,사진 보정할때 항상 이 어플만 사용하는데 어느순간부터 보정이 예전부터 다르게 되구있다... 업뎃이 된것인가 ... 예전버전이 좋았는데... 딱 내 얼굴에 안성맞춤이었는데.... 예전걸루 바꿔주세요ㅠㅠ,ios
B612 Camera&Photo/Video Editor,고쳐두레용 ㅠㅠ,2020-05-01 10:20:26+09:00,1,0,왜 자꾸 말을 무시하세요 ? 안바꿔줄거면 기다리지 말라고 말이라도 해주든가요 ; 무슨 말을 안해주나요 ? 전에 보정앱으로 좀 바꿔줘요 왜 죄다 똑같이 어플을 따라가려고 해요 얼굴에 맞추는 스마트뷰티 이상하다니까요 ? 전버전으로 돌려주세요 장난하세요 ? 기다리는 사람들은 생각 안합니까 ? 다른거 고치지 말고 전버전으로 돌려주세요 진짜 구버전 얼굴 뷰티로 돌려주세요 바뀌지 않는거라면 기다리지 않게 무슨 말이라도 좀 해주세요 지워버리게 사람들 다 바꿔 달라고 그러는데 왜 수정 안하고 다른것만 수정해요 ㅋㅋ,ios
B612 Camera&Photo/Video Editor,재미쨔요,2020-04-30 11:15:29+09:00,2,0,사진이 다른 앱들에 비해 진짜 예쁘게 나와요 계속 이것만 쓰고 있었는데 업데이트 하시면서 전에 저장해 놨던 세부보정이 전부 날아가서 미치겠어요 이거 다시 못 불러오나요? 업데이트 해 주시는 건 좋은데 세부 보정 초기화시키시는 건 좀 아닌 거 같아요 아예 없어졌는데 :;,ios
B612 Camera&Photo/Video Editor,느그서장남촌동살제,2020-04-29 20:59:22+09:00,5,0,이젠 다른어플도 많지만 난아직 좋다,ios
B612 Camera&Photo/Video Editor,보정만이살길이다,2020-04-28 08:56:31+09:00,4,0,이미 촬영한사진 보정기능중에 여드름 점 잡티제거를 필요한곳에 직접하도록 세부기능 추가해주시면 좋겠어요~  이기능만 추가되면 더할나위없는 완벽한 어플입니돠~,ios
B612 Camera&Photo/Video Editor,캐나다치와와,2020-04-25 07:13:43+09:00,3,0,무음이되는줄알았는데 왜 소리가날까요?ㅜㅠ,ios
B612 Camera&Photo/Video Editor,ㅈㅁㅇㄱㅈㅇㅈㅇ,2020-04-25 01:24:42+09:00,3,0,셀프보정으로 하는 거 말고 원래 필터에 들어있던 전체보장으러 그냥 돌려주세요 부분보정 싫다구요ㅠㅠㅠㅠㅠㅠㅠㅠ제발요,ios
B612 Camera&Photo/Video Editor,스티커돌려내삼,2020-04-24 20:36:11+09:00,3,0,왜 제가 즐겨찾기 해놨던 뷰티스티커들이 사라진거죠 퓨ㅠㅠㅠㅠ 그거 아니면 셀카 안 찍는데 제발 돌려주세요....... ㅠㅠㅠㅠㅠㅠㅠㅠ,ios
B612 Camera&Photo/Video Editor,아이웅엥오,2020-04-24 18:43:47+09:00,1,0,사진만 찍으면 튕겨요 이거 그냥 쓰지 말라는거죠??,ios
B612 Camera&Photo/Video Editor,유니지인,2020-04-23 19:25:35+09:00,5,0,유니 지인냥,ios
B612 Camera&Photo/Video Editor,댜걍,2020-04-23 16:43:38+09:00,4,0,그 얼굴 유명한 장면이랑 바꾸는거 그게 십이퍼 정도 되더니 합성을 못한데요 갑자기 그게 좀 아쉬워요,ios
B612 Camera&Photo/Video Editor,axuuudkop,2020-04-23 00:24:39+09:00,4,0,사진 보정할때 아주잘쓰고있는 어플인데 터치 보정이 가끔씩 안됩니다 꽤 자주그래요...ㅜㅜ,ios
B612 Camera&Photo/Video Editor,챝쳐채ㅕ,2020-04-22 13:37:05+09:00,4,0,최근 업데이트 후 자꾸 튕깁니다 !!ㅜㅠ 아이폰이에요!,ios
B612 Camera&Photo/Video Editor,라따뚜이삐약삐약,2020-04-21 07:36:27+09:00,1,0,바로 업데이터 전으로 돌려주세요ㅠㅠㅠ,ios
B612 Camera&Photo/Video Editor,혜출잉,2020-04-20 23:19:14+09:00,5,0,셀카 앱을 쓸때 이것만 쓰는데 제가 즐겨 찍던 스티커가 갑자기 사라졌습니다 왜 그런가요? 복구해주세요! 그래도 셀카 어플은 정말 좋아여><,ios
B612 Camera&Photo/Video Editor,yangarm316,2020-04-20 19:02:47+09:00,1,0,매번 b612로만 이용을했었는데 업데이트이후 계속제가쓰던어플이 없어졌네요 너무너무불편하고 필터들이맘데안들어요 ㅠㅠ,ios
B612 Camera&Photo/Video Editor,슬ㅋ,2020-04-20 11:43:01+09:00,5,0,자동 보정도 누가봐도 보정한 티 나보이고 필터 껴도 별로고.. 스노우랑 합병 되면서 이상해졌어요 ㅠㅠ 예전이 더 좋음,ios
B612 Camera&Photo/Video Editor,뽀어너ㅓ나나내너엉,2020-04-20 09:06:12+09:00,3,0,제 최애 필터가 사라졌는데 제발 다시 살려주시면 안되나요.....? ㅠㅠ진짜 매일 그걸로 사진찍었는데 없어져서 마음이 너무 아파요ㅠㅠ제발요.....beauty에 있던 효관데 이번 업데이트 되고 사라졌어요 ㅠㅠ 다시 살려주시요 ㅠㅠ,ios
B612 Camera&Photo/Video Editor,bm0108,2020-04-18 22:02:42+09:00,3,0,항상 가장 잘 쓰는 어플인데 이번 업데이트 이후에 사진 흔들림 보정이 안돼서 너무 아쉬워요,ios
